id,web_name,team,element_type,now_cost,cost_change_event,cost_change_start,transfers_in_event,transfers_out_event,selected_by_percent,status,chance_of_playing_this_round,news,minutes,total_points,expected_goals,expected_assists,expected_goal_involvements
1,Raya,1,1,60,0,5,9510,27981,35.7,a,,,1710,79,0.0,0.04,0.04
2,Arrizabalaga,1,1,41,0,-4,85,147,0.4,a,,,0,0,0.0,0.0,0.0
3,Hein,1,1,40,0,0,0,38,0.2,u,0.0,Has joined Werder Bremen on loan for the rest of the season.,0,0,0.0,0.0,0.0
4,Setford,1,1,39,0,-1,282,234,0.3,a,,,0,0,0.0,0.0,0.0
5,Gabriel,1,2,64,1,4,278060,2497,17.0,a,100.0,,1085,97,1.53,0.7,2.23
6,Saliba,1,2,59,0,-1,11738,11186,11.7,a,100.0,,1174,53,0.29,0.29,0.58
7,Calafiori,1,2,57,0,2,630,32384,9.1,d,75.0,Muscle injury - 75% chance of playing,1256,77,2.49,0.36,2.85
8,J.Timber,1,2,64,0,9,24797,54615,28.4,a,75.0,,1459,95,4.03,0.82,4.85
9,Kiwior,1,2,54,0,-1,0,2,0.0,u,0.0,has joined Porto on loan for the rest of the season.,0,0,0.0,0.0,0.0
10,Lewis-Skelly,1,2,51,0,-4,324,1259,1.6,a,,,278,11,0.05,0.06,0.11
11,White,1,2,51,0,-4,143,1628,0.6,a,50.0,,287,23,0.37,0.43,0.8
13,Clarke,1,2,38,0,-2,220,344,0.5,a,,,0,0,0.0,0.0,0.0
14,Kacurri,1,2,39,0,-1,0,23,0.1,u,0.0,has joined Morecambe on loan for the rest of the season.,0,0,0.0,0.0,0.0
15,Nichols,1,2,38,0,-2,43,90,0.2,a,,,0,0,0.0,0.0,0.0
16,Saka,1,3,103,0,3,20541,18738,21.4,a,100.0,,1320,91,5.19,4.05,9.24
17,Ødegaard,1,3,78,0,-2,15110,1450,1.9,a,100.0,,714,38,0.93,1.91,2.84
18,Madueke,1,3,68,0,-2,267,891,0.7,a,100.0,,427,17,0.47,1.15,1.62
19,Martinelli,1,3,68,0,-2,528,705,0.9,a,100.0,,408,23,1.78,0.15,1.93
20,Trossard,1,3,69,0,-1,29369,2230,1.2,a,100.0,,1042,77,3.82,2.05,5.87
21,Rice,1,3,72,0,7,6645,131365,24.1,d,50.0,Knee injury - 50% chance of playing,1515,102,2.06,3.57,5.63
22,Merino,1,3,58,0,-2,1801,9383,2.7,a,,,921,57,2.24,0.94,3.18
23,Fábio Vieira,1,3,54,0,-1,0,0,0.0,u,0.0,has joined Hamburger on loan for the rest of the season.,0,0,0.0,0.0,0.0
24,Nørgaard,1,3,51,0,-4,38,53,0.1,a,100.0,,31,3,0.05,0.0,0.05
25,Nwaneri,1,3,50,-1,-5,32,61,0.1,a,,,165,8,0.23,0.08,0.31
26,Zubimendi,1,3,52,0,-3,4687,1248,2.2,a,100.0,,1590,69,1.79,1.25,3.04
28,Kabia,1,3,45,0,0,0,21,0.1,u,0.0,has joined Shrewsbury Town on loan for the rest of the season.,0,0,0.0,0.0,0.0
29,Sambi,1,3,45,0,0,0,10,0.1,u,0.0,has joined Hamburger permanently.,0,0,0.0,0.0,0.0
30,Havertz,1,4,73,0,-2,180,54,0.3,a,50.0,,30,1,0.0,0.01,0.01
31,G.Jesus,1,4,64,0,-1,2990,520,0.2,a,100.0,,66,7,0.32,0.03,0.35
266,Eze,1,3,75,0,0,2039,38375,11.9,a,,,991,66,2.54,1.41,3.95
662,Mosquera,1,2,53,-1,-2,9,75,0.1,i,0.0,Ankle injury - Unknown return date,429,17,0.0,0.43,0.43
666,Gyökeres,1,4,88,0,-2,1412,7318,9.8,a,100.0,,1161,50,6.4,0.86,7.26
700,Dowman,1,3,43,0,-2,287,589,0.3,i,0.0,Ankle injury - Unknown return date,27,5,0.14,0.02,0.16
711,Harriman-Annous,1,3,45,0,0,11,6,0.0,a,,,0,0,0.0,0.0,0.0
725,Hincapie,1,2,54,-1,-1,2508,14077,2.2,a,100.0,,743,33,0.0,0.66,0.66
759,Salmon,1,2,40,0,0,18,23,0.0,a,,,0,0,0.0,0.0,0.0
32,Martinez,2,1,50,0,0,9222,3487,3.2,a,100.0,,1350,60,0.0,0.03,0.03
33,M.Bizot,2,1,42,0,-3,41,144,0.4,a,,,360,9,0.0,0.0,0.0
34,Gauci,2,1,40,0,0,0,24,0.1,u,0.0,Has joined Port Vale on loan for the rest of the season.,0,0,0.0,0.0,0.0
35,Marschall,2,1,40,0,0,0,2,0.0,u,0.0,Has joined Stevenage permanently.,0,0,0.0,0.0,0.0
36,Cash,2,2,48,-1,3,3164,43795,9.6,s,0.0,Suspended until 03 Jan,1592,76,0.66,1.41,2.07
37,Digne,2,2,45,0,0,3485,1564,1.6,a,100.0,,1099,54,0.46,1.59,2.05
38,Konsa,2,2,44,0,-1,9499,3953,7.4,a,100.0,,1595,53,0.31,0.41,0.72
39,Maatsen,2,2,42,0,-3,786,462,0.5,a,,,603,15,0.51,0.77,1.28
40,Mings,2,2,43,0,-2,11,193,0.6,d,25.0,Hamstring injury - 25% chance of playing,497,24,0.33,0.09,0.42
41,Pau,2,2,43,0,-2,15,664,0.3,d,25.0,Calf injury - 25% chance of playing,952,39,0.22,0.22,0.44
42,A.García,2,2,39,0,-1,104,128,0.2,a,100.0,,29,0,0.0,0.01,0.01
43,Alex Moreno,2,2,40,0,0,0,433,1.8,u,0.0,Has joined Girona permanently.,0,0,0.0,0.0,0.0
44,Bogarde,2,2,40,0,0,422,348,0.5,a,100.0,,417,20,0.0,0.11,0.11
45,Sousa,2,2,39,0,-1,41,90,0.3,a,,,0,0,0.0,0.0,0.0
46,Yasin,2,2,40,0,0,0,25,0.1,u,0.0,has joined Anderlecht on loan for the rest of the season.,0,0,0.0,0.0,0.0
47,Rogers,2,3,74,0,4,122363,15110,24.8,a,100.0,,1687,93,3.03,2.07,5.1
48,Tielemans,2,3,59,0,-1,3150,793,0.8,a,100.0,,952,37,0.67,1.37,2.04
49,Bailey,2,3,55,0,0,0,7,0.1,u,0.0,Has joined AS Roma on loan for the rest of the season.,0,0,0.0,0.0,0.0
50,Buendía,2,3,53,0,-2,885,897,0.4,a,100.0,,679,55,1.58,0.89,2.47
51,Iling Jr,2,3,55,0,0,0,0,0.0,u,0.0,has joined West Bromwich Albion on loan for the rest of the season,0,0,0.0,0.0,0.0
53,Malen,2,3,51,0,-4,808,976,0.7,a,,,616,53,4.06,0.35,4.41
54,McGinn,2,3,54,0,-1,1266,965,0.7,a,,,1420,52,2.07,1.8,3.87
55,Barkley,2,3,48,0,-2,12,18,0.0,i,0.0,Knee injury - Expected back 07 Feb,114,15,0.43,0.16,0.59
56,Barrenechea,2,3,50,0,0,0,0,0.0,u,0.0,Season-long loan to Benfica,0,0,0.0,0.0,0.0
57,Dobbin,2,3,50,0,0,0,1,0.0,u,0.0,Has joined Preston North End on loan for the rest of the season.,0,0,0.0,0.0,0.0
58,Kamara,2,3,49,0,-1,86,2212,0.5,s,0.0,Suspended until 03 Jan,1239,54,0.46,0.62,1.07
59,Onana,2,3,48,0,-2,1083,1292,0.8,d,100.0,Knock - 75% chance of playing,886,46,0.43,0.21,0.64
60,Broggio,2,3,45,0,0,135,165,0.3,a,,,0,0,0.0,0.0,0.0
61,Dendoncker,2,3,45,0,0,0,12,0.1,u,0.0,Has joined Real Oviedo permanently.,0,0,0.0,0.0,0.0
62,Jimoh-Aloba,2,3,45,0,0,41,40,0.1,a,,,8,1,0.0,0.0,0.0
63,Young,2,3,43,0,-2,859,566,0.6,a,,,0,0,0.0,0.0,0.0
64,Watkins,2,4,85,0,-5,34134,3677,7.8,a,100.0,,1389,72,7.09,0.68,7.77
65,Redmond,2,4,45,0,0,0,47,0.3,u,0.0,has joined Huddersfield Town on loan for the rest of the season.,0,0,0.0,0.0,0.0
389,Elliott,2,3,52,0,-3,16,104,0.2,d,75.0,Illness - 75% chance of playing,97,4,0.19,0.06,0.25
456,Sancho,2,3,58,0,-2,332,109,0.2,a,100.0,,217,10,0.36,0.57,0.93
677,Guessand,2,3,62,0,-3,3,37,0.0,n,0.0,On international duty at the Africa Cup of Nations from Gameweek 18 onwards. - Unknown return date,511,23,0.97,0.37,1.34
688,Wright,2,1,39,0,-1,270,362,0.6,a,,,0,0,0.0,0.0,0.0
701,Rowe,2,2,40,0,0,0,25,0.1,u,0.0,has joined Annecy on loan for the rest of the season.,0,0,0.0,0.0,0.0
702,Burrowes,2,3,44,0,-1,22,39,0.1,a,,,16,1,0.0,0.0,0.0
703,Proctor,2,1,39,0,-1,1628,676,0.6,a,,,0,0,0.0,0.0,0.0
710,Patterson,2,2,39,0,-1,35,117,0.2,a,,,0,0,0.0,0.0,0.0
719,Lindelöf,2,2,45,0,0,618,125,0.1,a,100.0,,385,12,0.0,0.03,0.03
754,George Hemmings,2,3,45,0,0,15,10,0.0,a,,,8,1,0.0,0.01,0.01
757,Hollingshead,2,1,40,0,0,14,9,0.0,a,,,0,0,0.0,0.0,0.0
768,Leon Routh,2,2,40,0,0,13,10,0.0,a,,,0,0,0.0,0.0,0.0
183,Weiss,3,1,43,0,-2,43,41,0.1,a,,,0,0,0.0,0.0,0.0
184,Green,3,1,40,0,0,0,31,0.2,u,0.0,has joined FC Fredericia permanently.,0,0,0.0,0.0,0.0
185,Hladký,3,1,39,0,-1,101,109,0.2,a,,,0,0,0.0,0.0,0.0
186,Roberts,3,2,44,0,-1,12,6,0.0,i,0.0,Achilles injury - Unknown return date,0,0,0.0,0.0,0.0
187,Walker,3,2,44,0,-1,679,681,1.2,a,100.0,,1606,42,0.12,0.58,0.7
188,Delcroix,3,2,38,0,-2,99,177,0.3,a,,,0,0,0.0,0.0,0.0
189,Dodgson,3,2,40,0,0,0,2,0.0,u,0.0,Has joined Stockport County on loan for the rest of the season.,0,0,0.0,0.0,0.0
190,Ekdal,3,2,39,0,-1,2520,713,0.9,a,,,1073,42,0.21,0.25,0.46
191,Estève,3,2,39,0,-1,767,10564,9.7,d,75.0,Knock - 75% chance of playing,1446,42,0.41,0.39,0.8
192,Hartman,3,2,40,0,0,699,1535,0.9,a,,,1337,46,0.19,1.51,1.7
193,Humphreys,3,2,39,0,-1,97,28,0.1,a,100.0,,167,10,0.13,0.09,0.22
194,Jordan,3,2,39,0,-1,7,9,0.1,i,0.0,Hamstring injury - Unknown return date,0,0,0.0,0.0,0.0
195,Lucas Pires,3,2,38,0,-2,278,166,0.2,a,100.0,,321,7,0.18,0.65,0.83
196,Sambo,3,2,40,0,0,0,4,0.0,u,0.0,Has joined Sparta Rotterdam on loan for the rest of the season.,0,0,0.0,0.0,0.0
197,Sonne,3,2,38,0,-2,278,296,0.3,a,,,128,11,0.42,0.08,0.5
198,Tuanzebe,3,2,39,0,-1,16,655,1.1,n,0.0,On international duty at the Africa Cup of Nations from Gameweek 17 onwards. - Unknown return date,706,18,0.0,0.11,0.11
199,Worrall,3,2,38,0,-2,12,122,0.2,d,75.0,Muscle injury - 75% chance of playing,154,7,0.0,0.02,0.02
200,Anthony,3,3,51,-1,-4,341,2471,2.2,a,100.0,,1139,61,2.49,1.25,3.74
201,Benson,3,3,54,0,-1,0,1,0.0,u,0.0,has joined Swansea City on loan for the rest of the season.,0,0,0.0,0.0,0.0
202,Bruun Larsen,3,3,53,0,-2,34,59,0.0,a,100.0,,799,30,1.18,1.02,2.2
203,Boateng,3,3,47,0,-3,34,24,0.0,a,,,0,0,0.0,0.0,0.0
204,Churlinov,3,3,49,0,-1,0,3,0.0,u,0.0,has joined Kocaelispor  permanently.,0,0,0.0,0.0,0.0
205,Cullen,3,3,50,0,0,58,5941,1.6,i,50.0,Knee injury - Expected back 30 Sep,1513,70,0.94,1.36,2.3
206,Edwards,3,3,47,0,-3,172,58,0.1,a,,,273,15,0.56,1.14,1.7
207,Hannibal,3,3,47,0,-3,9,41,0.1,n,0.0,On international duty at the Africa Cup of Nations from Gameweek 17 onwards. - Unknown return date,395,22,0.26,0.74,1.0
208,Koleosho,3,3,50,0,0,0,1,0.0,u,0.0,Has joined Espanyol on loan for the rest of the season.,0,0,0.0,0.0,0.0
209,Laurent,3,3,48,0,-2,272,47,0.0,a,,,873,36,0.43,0.22,0.65
210,Tchaouna,3,3,49,0,-1,24,20,0.0,a,,,726,31,0.72,0.38,1.1
211,A.Ramsey,3,3,44,0,-1,0,338,1.6,u,0.0,has joined Leicester City on loan for the rest of the season.,0,0,0.0,0.0,0.0
212,Adewumi,3,3,45,0,0,0,1,0.0,u,0.0,Has joined Cercle Brugge on loan for the rest of the season.,0,0,0.0,0.0,0.0
213,Banel,3,3,45,0,0,30,39,0.0,a,,,0,0,0.0,0.0,0.0
214,Trésor,3,3,44,0,-1,66,73,0.1,a,,,19,4,0.0,0.0,0.0
215,Flemming,3,4,53,0,-2,311,2256,0.6,d,,Knock - 75% chance of playing,660,42,3.15,0.16,3.31
216,Amdouni,3,4,48,0,-2,12,10,0.0,i,0.0,Knee injury - Expected back 25 Apr,0,0,0.0,0.0,0.0
217,Foster,3,4,49,0,-1,44,877,0.8,n,0.0,On international duty at the Africa Cup of Nations from Gameweek 17 onwards. - Unknown return date,866,36,1.6,0.25,1.85
218,Barnes,3,4,42,-1,-3,2031,888,1.2,a,,,9,2,0.11,0.0,0.11
219,Obafemi,3,4,44,0,-1,0,12,0.1,u,0.0,has joined VfL Bochum  on loan for the rest of the season.,0,0,0.0,0.0,0.0
470,Dúbravka,3,1,40,0,0,9768,8175,33.5,a,100.0,,1710,59,0.0,0.03,0.03
676,Ugochukwu,3,3,50,0,0,275,256,0.1,a,100.0,,1138,56,2.08,0.19,2.27
680,Broja,3,4,52,0,-3,1282,346,0.2,a,100.0,,488,28,1.96,0.1,2.06
722,Florentino,3,3,50,0,0,45,51,0.0,a,,,1133,45,0.52,0.29,0.81
776,Pimlott,3,3,45,0,0,10,1,0.0,a,,,0,0,0.0,0.0,0.0
66,Neto,4,1,45,0,0,0,10,0.1,u,0.0,Has joined Botafogo permanently.,0,0,0.0,0.0,0.0
67,Petrović,4,1,45,0,0,547,6981,5.1,a,,,1710,55,0.0,0.0,0.0
68,Dennis,4,1,40,0,0,89,227,0.9,a,,,0,0,0.0,0.0,0.0
69,McKenna,4,1,39,0,-1,474,129,0.2,a,,,0,0,0.0,0.0,0.0
70,Paulsen,4,1,40,0,0,0,17,0.1,u,0.0,Has joined Lechia Gdansk on loan for the rest of the season.,0,0,0.0,0.0,0.0
71,Zabarnyi,4,2,50,0,0,0,0,0.0,u,0.0,Has joined Paris Saint-Germain permanently.,0,0,0.0,0.0,0.0
72,Senesi,4,2,49,0,4,7063,22922,15.5,a,100.0,,1578,81,0.56,2.92,3.48
73,Smith,4,2,44,0,-1,69,113,0.2,a,100.0,,522,20,0.0,0.11,0.11
74,Truffert,4,2,45,0,0,1313,3734,2.1,a,,,1668,65,0.33,1.08,1.41
75,Akinmboni,4,2,38,0,-2,60,87,0.2,d,25.0,Muscle injury - 25% chance of playing,0,0,0.0,0.0,0.0
76,Bevan,4,2,38,-1,-2,99,60,0.2,a,,,0,0,0.0,0.0,0.0
77,Hill,4,2,39,0,-1,251,263,0.6,a,,,392,22,0.15,0.19,0.34
78,J.Araujo,4,2,38,0,-2,241,394,0.7,a,100.0,,0,0,0.0,0.0,0.0
79,Mepham,4,2,40,0,0,0,16,0.1,u,0.0,has joined West Bromwich Albion permanently.,0,0,0.0,0.0,0.0
80,Soler,4,2,40,0,0,153,114,0.2,a,100.0,,34,3,0.0,0.0,0.0
81,Kluivert,4,3,70,0,0,1727,636,0.8,a,100.0,,841,38,2.16,1.37,3.53
82,Semenyo,4,3,77,0,7,31140,34495,46.5,a,100.0,,1620,113,6.38,1.8,8.18
84,Tavernier,4,3,56,0,1,2149,6729,2.8,a,,,1516,77,3.91,1.92,5.83
85,Adams,4,3,50,0,0,10,346,0.3,i,0.0,Knee injury - Expected back 21 Feb,1196,50,0.56,0.32,0.88
86,Brooks,4,3,50,0,0,566,129,0.2,a,100.0,,840,37,4.1,2.62,6.72
87,Christie,4,3,49,0,-1,55,41,0.1,a,100.0,,287,18,1.07,0.16,1.23
88,Cook,4,3,49,0,-1,30,83,0.0,d,100.0,Neck - 75% chance of playing,394,15,0.07,0.23,0.3
89,Philip,4,3,49,0,-1,0,1,0.0,u,0.0,Has joined Midtjylland permanently.,0,0,0.0,0.0,0.0
90,Scott,4,3,50,0,0,175,303,0.2,a,75.0,,1245,56,1.19,0.58,1.77
91,Sinisterra,4,3,50,0,0,0,1,0.0,u,0.0,Has joined Cruzeiro on loan for the rest of the season.,0,0,0.0,0.0,0.0
92,Faivre,4,3,45,0,0,0,12,0.1,u,0.0,has joined Al Taawoun permanently.,0,0,0.0,0.0,0.0
93,H.Traorè,4,3,45,0,0,0,79,0.3,u,0.0,has joined Marseille on loan for the rest of the season.,16,4,0.0,0.0,0.0
94,Sadi,4,3,45,0,0,0,6,0.0,u,0.0,has joined Novi Pazar on loan for the rest of the season.,0,0,0.0,0.0,0.0
95,Silcott-Duberry,4,3,44,0,-1,0,28,0.1,u,0.0,has joined Olympiakos permanently.,0,0,0.0,0.0,0.0
96,Winterburn,4,3,45,0,0,0,14,0.0,u,0.0,has joined Barnet on loan for the rest of the season.,6,1,0.0,0.0,0.0
97,Evanilson,4,4,70,0,0,633,2429,1.6,a,100.0,,1270,49,4.46,0.72,5.18
98,Enes Ünal,4,4,54,0,-1,65,90,0.0,a,100.0,,69,11,0.78,0.05,0.83
99,Adu-Adjei,4,4,44,0,-1,0,39,0.1,u,0.0,has joined HNK Rijeka permanently.,0,0,0.0,0.0,0.0
100,Kroupi.Jr,4,4,46,0,1,3917,6361,3.9,a,,,489,42,2.92,0.19,3.11
391,Gannon-Doak,4,3,48,0,-2,1,11,0.0,i,0.0,Hamstring injury - Unknown return date,53,7,0.09,0.09,0.18
685,Diakité,4,2,44,0,-1,100,501,0.4,a,100.0,,1260,43,0.02,0.19,0.21
687,Rees-Dottin,4,3,44,0,-1,13,48,0.1,a,,,0,0,0.0,0.0,0.0
697,Adli,4,3,54,0,-1,31,50,0.0,a,,,403,21,0.99,0.36,1.35
713,A.Jimenez,4,2,45,0,0,165,136,0.1,a,,,977,30,0.43,0.59,1.02
721,Milosavljević,4,2,44,0,-1,12,18,0.0,i,0.0,Knee injury - Expected back 21 Feb,365,17,0.15,0.19,0.34
756,DaCosta,4,3,45,0,0,11,13,0.0,a,,,0,0,0.0,0.0,0.0
27,Nelson,5,3,48,0,-2,43,27,0.1,a,100.0,,32,4,0.17,0.05,0.22
83,O.Dango,5,3,58,-1,-2,15,1260,0.4,n,0.0,On international duty at the Africa Cup of Nations from Gameweek 17 onwards. - Unknown return date,1061,64,3.56,0.66,4.22
101,Kelleher,5,1,45,0,0,8229,4155,8.5,a,100.0,,1620,60,0.0,0.02,0.02
102,Balcombe,5,1,39,0,-1,138,57,0.3,a,,,0,0,0.0,0.0,0.0
103,Cox,5,1,39,0,-1,80,75,0.2,a,,,0,0,0.0,0.0,0.0
104,Eyestone,5,1,39,0,-1,41,75,0.1,a,,,0,0,0.0,0.0,0.0
105,Valdimarsson,5,1,39,0,-1,130,167,0.7,a,,,0,0,0.0,0.0,0.0
106,Collins,5,2,49,0,-1,1025,1510,1.5,a,,,1546,57,1.06,0.83,1.89
107,Lewis-Potter,5,2,49,0,-1,8677,3399,2.0,a,,,728,53,0.92,0.71,1.63
108,Ajer,5,2,44,0,-1,77,73,0.2,a,100.0,,701,28,0.64,0.53,1.17
109,Henry,5,2,43,0,-2,169,80,0.1,a,,,518,21,0.14,0.21,0.35
110,Kayode,5,2,45,0,0,857,839,0.7,a,,,1567,51,0.19,1.67,1.86
111,Pinnock,5,2,42,0,-3,62,54,0.1,a,100.0,,228,4,0.0,0.06,0.06
112,Roerslev,5,2,45,0,0,0,4,0.0,u,0.0,Has joined Southampton permanently.,0,0,0.0,0.0,0.0
113,Van den Berg,5,2,45,0,0,108,2322,1.0,d,75.0,Knock - 75% chance of playing,1530,52,1.86,0.2,2.06
114,Arthur,5,2,39,0,-1,31,61,0.2,a,100.0,,0,0,0.0,0.0,0.0
115,Fredrick,5,2,40,0,0,0,13,0.1,u,0.0,has joined Dender on loan for the rest of the season.,0,0,0.0,0.0,0.0
116,Hickey,5,2,40,0,0,333,437,0.5,a,100.0,,423,25,0.35,0.17,0.52
117,Ji-soo,5,2,39,0,-1,0,12,0.1,u,0.0,has joined Kaiserslautern on loan for the rest of the season.,0,0,0.0,0.0,0.0
118,Meghoma,5,2,40,0,0,0,5,0.0,u,0.0,Has joined Rangers on loan for the rest of the season.,0,0,0.0,0.0,0.0
120,Schade,5,3,70,0,0,14506,3548,1.8,a,100.0,,1413,70,6.81,1.03,7.84
121,Damsgaard,5,3,58,0,-2,320,548,0.6,a,,,1041,51,0.96,2.84,3.8
122,Milambo,5,3,52,0,-3,4,8,0.0,i,0.0,Knee injury - Expected back 01 Jun,45,1,0.0,0.01,0.01
123,Carvalho,5,3,47,0,-3,7,53,0.1,i,0.0,Knee injury - Expected back 01 Jun,100,13,0.7,0.03,0.73
124,Henderson,5,3,50,0,0,366,597,0.5,a,100.0,,1219,54,0.33,1.26,1.59
125,Janelt,5,3,49,0,-1,150,50,0.0,a,100.0,,488,29,0.28,0.8,1.08
126,Jensen,5,3,49,0,-1,57,47,0.1,a,,,616,34,0.63,1.13,1.76
127,Nunes,5,3,49,0,-1,15,10,0.0,a,100.0,,0,0,0.0,0.0,0.0
128,Onyeka,5,3,48,0,-2,3,24,0.0,n,0.0,On international duty at the Africa Cup of Nations from Gameweek 17 onwards. - Unknown return date,88,12,0.0,0.36,0.36
129,Yarmoliuk,5,3,50,0,0,36,39,0.1,a,100.0,,1305,49,0.48,0.87,1.35
130,Donovan,5,3,44,0,-1,62,56,0.1,a,,,0,0,0.0,0.0,0.0
131,Konak,5,3,43,0,-2,236,202,0.2,a,,,0,0,0.0,0.0,0.0
132,Maghoma,5,3,45,0,0,55,28,0.0,a,100.0,,0,0,0.0,0.0,0.0
133,Peart-Harris,5,3,44,0,-1,28,29,0.0,a,,,0,0,0.0,0.0,0.0
134,Trevitt,5,3,45,0,0,0,2,0.0,u,0.0,Has joined Wigan on loan for the rest of the season,0,0,0.0,0.0,0.0
136,Thiago,5,4,70,0,10,11269,42835,28.0,a,100.0,,1491,89,9.19,0.57,9.76
137,Morgan,5,4,44,0,-1,144,203,0.4,a,,,0,0,0.0,0.0,0.0
748,Dasilva,5,3,49,0,-1,1,0,0.0,i,0.0,Knee injury - Expected back 01 Jan,0,0,0.0,0.0,0.0
138,Steele,6,1,42,0,-3,26,68,0.2,a,,,0,0,0.0,0.0,0.0
139,Verbruggen,6,1,45,1,0,7520,3775,5.7,a,,,1710,58,0.0,0.01,0.01
140,McGill,6,1,39,0,-1,90,85,0.3,a,,,0,0,0.0,0.0,0.0
141,Rushworth,6,1,40,0,0,0,0,0.0,u,0.0,Has joined Coventry City on loan for the rest of the season.,0,0,0.0,0.0,0.0
142,Scherpen,6,1,40,0,0,0,0,0.0,u,0.0,Has joined Union SG permanently,0,0,0.0,0.0,0.0
143,Boscagli,6,2,42,0,-3,15,40,0.1,a,,,142,9,0.0,0.11,0.11
144,Coppola,6,2,42,0,-3,21,46,0.1,a,,,193,10,0.0,0.01,0.01
145,De Cuyper,6,2,43,0,-2,1852,2978,2.4,a,100.0,,865,47,1.29,1.96,3.25
146,Dunk,6,2,45,0,0,1478,523,0.9,a,100.0,,1575,39,0.59,0.19,0.78
147,Estupiñan,6,2,45,0,0,0,0,0.0,u,0.0,Has joined AC Milan permanently,0,0,0.0,0.0,0.0
148,F.Kadıoğlu,6,2,44,0,-1,1452,321,0.3,a,,,1422,45,0.77,1.54,2.31
150,Lamptey,6,2,44,0,-1,0,8,0.1,u,0.0,has joined Fiorentina permanently.,0,0,0.0,0.0,0.0
151,Van Hecke,6,2,45,0,0,9682,7529,4.2,a,100.0,,1620,69,1.79,0.61,2.39
152,Veltman,6,2,43,0,-2,1159,107,0.1,a,100.0,,493,21,0.62,0.07,0.69
153,Webster,6,2,44,0,-1,6,5,0.0,i,0.0,Knee injury - Unknown return date,0,0,0.0,0.0,0.0
154,Cashin,6,2,40,0,0,0,1,0.0,u,0.0,Has joined Birmingham on loan for the rest of the season.,0,0,0.0,0.0,0.0
155,Slater,6,2,40,0,0,0,20,0.1,u,0.0,has joined Harrogate Town on loan until January.,0,0,0.0,0.0,0.0
156,Tasker,6,2,38,-1,-2,74,51,0.1,a,,,0,0,0.0,0.0,0.0
157,Mitoma,6,3,61,0,-4,1692,651,1.8,a,100.0,,592,23,1.03,0.51,1.54
158,Georginio,6,3,56,0,-4,997,884,0.4,a,100.0,,1190,50,1.76,1.91,3.67
159,March,6,3,58,0,-2,4,9,0.0,i,0.0,Knee injury - Expected back 07 Jan,0,0,0.0,0.0,0.0
160,Minteh,6,3,60,0,0,5885,17314,6.2,d,,Knock - 75% chance of playing,1543,79,2.79,2.72,5.51
161,Enciso,6,3,54,0,-1,0,1,0.0,u,0.0,has joined Strasbourg permanently.,0,0,0.0,0.0,0.0
162,Gruda,6,3,54,0,-1,66,53,0.1,a,100.0,,544,29,1.81,0.76,2.57
163,Hinshelwood,6,3,51,0,-4,103,109,0.1,a,100.0,,500,29,0.46,0.16,0.62
164,O'Riley,6,3,55,0,0,0,35,0.3,u,0.0,has joined Marseille on loan for the rest of the season.,177,12,1.21,0.17,1.38
165,Sima,6,3,54,0,-1,0,1,0.0,u,0.0,has joined Lens permanently.,0,0,0.0,0.0,0.0
166,Ayari,6,3,48,0,-2,781,211,0.2,a,100.0,,1347,49,2.28,0.64,2.92
167,Baleba,6,3,46,0,-4,77,791,1.4,n,0.0,On international duty at the Africa Cup of Nations from Gameweek 17 onwards. - Unknown return date,894,25,0.21,0.22,0.43
169,Gomez,6,3,49,0,-1,1080,432,0.2,a,100.0,,1113,47,3.71,0.83,4.54
170,Milner,6,3,49,0,-1,78,36,0.1,a,100.0,,280,18,0.85,0.51,1.36
171,Sarmiento,6,3,49,0,-1,0,0,0.0,u,0.0,has joined Cremonese on loan for the rest of the season.,0,0,0.0,0.0,0.0
172,Watson,6,3,48,0,-2,18,21,0.0,a,100.0,,47,4,0.04,0.03,0.07
173,Wieffer,6,3,49,0,-1,118,981,0.3,d,100.0,Knock - 75% chance of playing,1179,58,1.2,1.47,2.67
174,Yalcouye,6,3,50,0,0,0,0,0.0,u,0.0,Has joined Swansea City on loan for the rest of the season.,0,0,0.0,0.0,0.0
175,Knight,6,3,44,0,-1,32,46,0.1,a,,,1,1,0.0,0.0,0.0
176,Mazilu,6,3,45,0,0,0,0,0.0,u,0.0,has joined Dinamo Bucharest permanently.,0,0,0.0,0.0,0.0
177,Moran,6,3,45,0,0,0,1,0.0,u,0.0,Has joined Los Angeles FC on loan for the rest of the season.,0,0,0.0,0.0,0.0
178,Welbeck,6,4,63,0,-2,8681,5836,4.7,a,100.0,,1081,63,7.15,0.63,7.78
179,Ferguson,6,4,55,0,0,0,0,0.0,u,0.0,Has joined AS Roma on loan for the rest of the season,0,0,0.0,0.0,0.0
180,Tzimas,6,4,52,0,-3,4,34,0.1,i,0.0,Knee injury - Expected back 01 Jun,132,16,0.44,0.11,0.55
181,Kostoulas,6,4,48,0,-2,141,274,0.3,a,,,97,13,0.68,0.17,0.85
744,Oriola,6,3,45,0,0,13,17,0.0,a,,,1,1,0.0,0.0,0.0
761,Simmonds,6,2,40,0,0,19,20,0.0,a,,,0,0,0.0,0.0,0.0
168,Buonanotte,7,3,46,0,-4,81,48,0.1,a,100.0,,45,1,0.0,0.09,0.09
220,Sánchez,7,1,49,0,-1,5477,13325,14.9,a,,,1624,72,0.0,0.02,0.02
221,Jörgensen,7,1,43,0,-2,38,55,0.2,a,,,84,1,0.0,0.0,0.0
222,Penders,7,1,40,0,0,0,0,0.0,u,0.0,Has joined RC Strasbourg on loan for the rest of the season.,0,0,0.0,0.0,0.0
223,Slonina,7,1,39,0,-1,39,42,0.1,a,,,0,0,0.0,0.0,0.0
224,Cucurella,7,2,61,-1,1,455,63660,19.6,d,75.0,Hamstring injury - 75% chance of playing,1504,72,0.58,2.04,2.62
225,James,7,2,57,0,2,14457,20620,11.3,a,100.0,,1246,81,0.86,2.1,2.96
226,Chalobah,7,2,56,0,6,11712,57350,19.3,a,100.0,,1560,95,1.26,0.68,1.94
227,Colwill,7,2,48,0,-2,6,5,0.1,i,0.0,Anterior cruciate ligament - Unknown return date,0,0,0.0,0.0,0.0
228,Gusto,7,2,50,0,0,2744,7600,2.5,a,100.0,,1051,69,1.23,0.76,1.99
229,B.Badiashile,7,2,44,0,-1,29,22,0.0,a,100.0,,245,1,0.0,0.04,0.04
230,Fofana,7,2,44,0,-1,1483,1477,0.5,a,100.0,,757,41,0.25,0.07,0.32
231,M.Sarr,7,2,45,0,0,0,0,0.0,u,0.0,Has joined RC Strasbourg on loan for the rest of the season.,0,0,0.0,0.0,0.0
232,Tosin,7,2,41,0,-4,237,272,0.3,a,100.0,,557,27,0.11,0.22,0.32
233,Acheampong,7,2,38,0,-2,825,979,1.3,a,100.0,,393,27,0.6,0.04,0.64
234,Anselmino,7,2,40,0,0,0,10,0.1,u,0.0,has joined Borussia Dortmund on loan for the rest of the season.,0,0,0.0,0.0,0.0
235,Palmer,7,3,104,0,-1,15922,7443,11.9,a,100.0,,499,33,2.51,0.3,2.81
236,Neto,7,3,73,0,3,2868,33429,8.4,a,100.0,,1459,81,3.12,3.86,6.98
237,Enzo,7,3,64,0,-1,11205,6688,9.2,a,100.0,,1546,80,6.85,3.22,10.07
238,Estêvão,7,3,64,0,-1,2558,1058,1.9,a,100.0,,557,38,2.15,2.06,4.21
239,Gittens,7,3,60,0,-5,78,92,0.1,a,,,445,23,0.81,0.94,1.75
240,Nkunku,7,3,59,0,-1,0,6,0.1,u,0.0,has joined AC Milan permanently.,0,0,0.0,0.0,0.0
241,Caicedo,7,3,57,0,2,1408,18153,8.7,s,100.0,Suspended until 07 Jan,1252,67,0.68,0.96,1.64
243,George,7,3,48,0,-2,34,32,0.1,a,,,142,4,0.32,0.08,0.4
244,Lavia,7,3,49,0,-1,1,1,0.0,i,0.0,Thigh injury - Unknown return date,105,4,0.0,0.05,0.05
245,Mudryk,7,3,49,0,-1,3,5,0.0,s,0.0,Suspended - unknown return date,0,0,0.0,0.0,0.0
246,Andrey Santos,7,3,45,0,0,205,258,0.3,a,100.0,,439,16,0.87,0.44,1.31
247,D.Essugo,7,3,43,0,-2,21,34,0.1,i,0.0,Thigh injury - Unknown return date,0,0,0.0,0.0,0.0
248,Paez,7,3,45,0,0,0,0,0.0,u,0.0,Has joined RC Strasbourg on loan for the rest of the season.,0,0,0.0,0.0,0.0
249,João Pedro,7,4,72,0,-3,3280,23532,28.5,a,,,1445,81,6.39,1.29,7.68
250,Delap,7,4,62,0,-3,257,197,0.9,a,100.0,,453,14,1.25,0.11,1.36
251,N.Jackson,7,4,65,0,0,0,8,0.1,u,0.0,has joined Bayern Munich on loan for the rest of the season.,0,0,0.0,0.0,0.0
252,Marc Guiu,7,4,43,0,-2,2532,5707,7.3,a,100.0,,247,12,1.46,0.29,1.75
453,Garnacho,7,3,64,0,-1,676,855,0.6,a,,,759,39,1.9,2.49,4.39
672,Hato,7,2,46,0,-4,1,147,0.2,d,25.0,Knock - 25% chance of playing,166,3,0.0,0.01,0.01
743,Emenalo,7,3,45,0,0,9,10,0.0,a,,,0,0,0.0,0.0,0.0
253,Henderson,8,1,51,0,1,1032,6673,8.5,a,,,1620,67,0.0,0.08,0.08
254,Benitez,8,1,40,0,0,68,74,0.3,a,100.0,,0,0,0.0,0.0,0.0
255,Matthews,8,1,39,0,-1,37,31,0.1,a,,,0,0,0.0,0.0,0.0
256,Muñoz,8,2,58,0,3,327,18065,7.0,i,0.0,Knee injury - Expected back 17 Jan,1260,89,1.78,1.99,3.77
257,Lacroix,8,2,52,0,2,3039,15031,6.6,a,,,1620,85,0.72,0.6,1.32
258,Mitchell,8,2,50,0,0,1065,2691,2.4,a,,,1614,73,0.42,1.03,1.45
259,Sosa,8,2,48,0,-2,112,44,0.1,a,100.0,,26,2,0.0,0.06,0.06
260,Guéhi,8,2,53,0,8,15272,32302,41.7,a,100.0,,1530,95,1.57,1.45,3.02
261,Richards,8,2,45,0,0,372,10307,2.7,d,50.0,Foot injury - 50% chance of playing,1522,75,0.43,1.16,1.59
262,Chadi Riad,8,2,40,0,0,3,17,0.0,d,25.0,Lack of match fitness - 25% chance of playing,0,0,0.0,0.0,0.0
263,Clyne,8,2,38,0,-2,478,836,0.7,a,,,277,6,0.34,0.2,0.54
264,Holding,8,2,40,0,0,0,1,0.0,u,0.0,Has joined Colorado Rapids permanently.,0,0,0.0,0.0,0.0
265,Kporha,8,2,40,0,0,4,5,0.0,i,0.0,Back injury - Unknown return date,0,0,0.0,0.0,0.0
267,Sarr,8,3,64,0,-1,31,1445,2.1,n,0.0,On international duty at the Africa Cup of Nations from Gameweek 17 onwards. - Unknown return date,1009,52,4.07,0.56,4.62
268,Doucouré,8,3,49,0,-1,3,2,0.0,i,0.0,Knee injury - Unknown return date,0,0,0.0,0.0,0.0
269,Esse,8,3,47,0,-3,49,50,0.1,a,,,29,2,0.0,0.02,0.02
270,Hughes,8,3,47,0,-3,104,80,0.1,a,100.0,,631,20,0.33,0.74,1.07
271,Kamada,8,3,50,0,0,1,117,0.1,i,0.0,Hamstring injury - Expected back 21 Feb,1166,45,0.9,1.54,2.44
272,Lerma,8,3,49,0,-1,48,34,0.1,a,,,624,30,0.57,0.61,1.18
273,Wharton,8,3,50,0,0,869,1156,0.9,a,100.0,,1298,57,0.86,3.49,4.34
274,Agbinone,8,3,43,0,-2,56,33,0.1,a,,,0,0,0.0,0.0,0.0
275,Ahamada,8,3,43,0,-2,51,38,0.0,a,,,0,0,0.0,0.0,0.0
276,Devenny,8,3,43,0,-2,3408,1312,1.5,a,100.0,,295,21,1.95,0.25,2.2
277,Ebiowei,8,3,45,0,0,0,2,0.0,u,0.0,Has joined Blackpool permanently.,0,0,0.0,0.0,0.0
278,J.Rak-Sakyi,8,3,44,0,-1,0,10,0.0,u,0.0,has joined Caykur Rizespor on loan for the rest of the season.,0,0,0.0,0.0,0.0
279,M.França,8,3,45,0,0,0,3,0.0,u,0.0,Has joined CR Vasco da Gama on loan for the rest of the season.,0,0,0.0,0.0,0.0
280,Ozoh,8,3,45,0,0,0,0,0.0,u,0.0,Has joined Derby County on loan for the rest of the season.,0,0,0.0,0.0,0.0
281,Rodney,8,3,44,0,-1,22,28,0.0,a,,,0,0,0.0,0.0,0.0
282,Umeh,8,3,45,0,0,0,3,0.0,u,0.0,has joined Portsmouth permanently.,0,0,0.0,0.0,0.0
283,Mateta,8,4,76,-1,1,1722,17806,12.0,a,100.0,,1464,67,10.48,1.05,11.53
284,Nketiah,8,4,54,0,-1,607,806,0.6,a,100.0,,414,23,1.77,0.46,2.23
285,Édouard,8,4,50,0,0,0,29,0.2,u,0.0,has joined RC Lens permanently.,2,1,0.0,0.0,0.0
286,Marsh,8,4,45,0,0,139,187,0.3,a,,,0,0,0.0,0.0,0.0
690,Cardines,8,3,44,0,-1,3,141,0.3,i,0.0,Groin Injury - Expected back 25 Jan,0,0,0.0,0.0,0.0
712,Yeremy,8,3,58,0,-2,299,855,0.3,a,100.0,,1090,41,2.9,2.8,5.7
723,Canvot,8,2,45,0,0,14,14,0.0,a,100.0,,113,14,0.05,0.07,0.12
732,Uche,8,4,55,0,0,69,62,0.0,a,,,83,11,0.32,0.0,0.32
762,Drakes-Thomas,8,3,45,0,0,11,10,0.0,a,,,4,1,0.0,0.0,0.0
773,Benamar,8,2,40,0,0,16,4,0.0,a,,,0,0,0.0,0.0,0.0
242,Dewsbury-Hall,9,3,50,0,0,782,16192,4.0,d,25.0,Hamstring injury - 25% chance of playing,1257,75,1.59,2.75,4.34
287,Pickford,9,1,55,0,0,35030,4624,11.4,a,,,1710,86,0.0,0.1,0.1
288,Travers,9,1,43,0,-2,22,26,0.1,a,,,0,0,0.0,0.0,0.0
289,Tyrer,9,1,39,0,-1,15,33,0.1,a,,,0,0,0.0,0.0,0.0
290,Branthwaite,9,2,53,0,-2,26,33,0.1,d,25.0,Hamstring injury - 25% chance of playing,0,0,0.0,0.0,0.0
291,Tarkowski,9,2,56,1,1,60381,5060,9.0,a,,,1710,93,0.76,0.99,1.75
292,Mykolenko,9,2,49,0,-1,4666,818,0.6,a,100.0,,1435,54,0.11,1.21,1.32
293,O'Brien,9,2,49,0,-1,7026,1016,0.5,a,,,1578,65,0.6,0.42,1.02
294,Coleman,9,2,42,0,-3,2,40,0.1,d,25.0,Hamstring injury - 25% chance of playing,11,3,0.0,0.0,0.0
295,Keane,9,2,48,0,3,18314,26022,7.6,d,100.0,Knock - 75% chance of playing,1504,91,1.16,0.13,1.29
296,Patterson,9,2,44,0,-1,209,46,0.0,a,100.0,,73,9,0.03,0.0,0.03
297,Dixon,9,2,38,0,-2,43,49,0.2,a,,,0,0,0.0,0.0,0.0
298,Welch,9,2,38,0,-2,28,44,0.1,a,,,0,0,0.0,0.0,0.0
299,Ndiaye,9,3,62,0,-3,117,4525,3.6,n,0.0,On international duty at the Africa Cup of Nations from Gameweek 17 onwards. - Unknown return date,1343,73,3.12,2.69,5.81
300,McNeil,9,3,55,0,-5,987,363,0.2,a,,,345,20,0.37,0.35,0.72
301,Alcaraz,9,3,52,0,-3,93,371,0.1,a,,,656,25,1.04,0.43,1.47
302,Gana,9,3,54,0,-1,1,53,0.1,n,0.0,On international duty at the Africa Cup of Nations from Gameweek 17 onwards. - Unknown return date,1051,44,1.07,0.63,1.7
303,Garner,9,3,50,0,0,37913,2017,1.0,a,,,1703,85,1.42,2.41,3.83
304,Iroegbunam,9,3,48,0,-2,131,64,0.0,a,100.0,,757,38,0.18,0.54,0.72
305,Armstrong,9,3,45,0,0,0,4,0.0,u,0.0,has joined Preston North End on loan for the rest of the season.,1,1,0.0,0.0,0.0
306,Bates,9,3,43,0,-2,81,56,0.1,a,,,0,0,0.0,0.0,0.0
307,Ebere,9,3,44,0,-1,20,23,0.0,a,,,0,0,0.0,0.0,0.0
308,Heath,9,3,45,0,0,0,3,0.0,u,0.0,has joined Accrington on loan for the rest of the season.,0,0,0.0,0.0,0.0
309,Metcalfe,9,3,45,0,0,0,0,0.0,u,0.0,Has joined Bradford City permanently.,0,0,0.0,0.0,0.0
310,Barry,9,4,57,0,-3,1692,673,0.4,a,,,922,34,3.54,0.14,3.68
311,Beto,9,4,50,0,-5,956,1562,2.5,a,,,776,30,4.32,0.14,4.46
312,Y.Chermiti,9,4,49,0,-1,0,3,0.1,u,0.0,has joined Rangers permanently.,0,0,0.0,0.0,0.0
313,Sherif,9,4,44,0,-1,0,13,0.1,u,0.0,has joined Rotherham United on loan for the rest of the season.,0,0,0.0,0.0,0.0
419,Grealish,9,3,65,0,0,3424,13240,9.5,a,75.0,,1358,67,1.91,3.12,5.03
630,King,9,1,39,0,-1,408,461,1.3,a,,,0,0,0.0,0.0,0.0
667,Aznou,9,2,42,0,-3,8,20,0.1,a,100.0,,0,0,0.0,0.0,0.0
704,Onyango,9,3,45,0,0,0,9,0.1,u,0.0,has joined Stockport County on loan for the rest of the season.,0,0,0.0,0.0,0.0
705,Campbell,9,2,39,0,-1,29,82,0.2,a,,,0,0,0.0,0.0,0.0
707,Dibling,9,3,53,0,-2,122,43,0.0,a,,,274,14,0.12,0.07,0.19
728,Röhl,9,3,50,0,0,20,10,0.0,a,100.0,,217,11,0.33,0.04,0.37
779,Graham,9,4,45,0,0,36,0,0.0,a,,,0,0,0.0,0.0,0.0
314,Leno,10,1,49,0,-1,304,1985,1.8,a,,,1620,58,0.0,0.0,0.0
315,Benda,10,1,40,0,0,0,0,0.0,u,0.0,Has joined Millwall on loan for the rest of the season.,0,0,0.0,0.0,0.0
316,Robinson,10,2,49,0,-1,1410,759,0.7,a,100.0,,331,24,0.22,0.76,0.98
317,Andersen,10,2,46,0,1,2770,12821,6.3,a,100.0,,1481,68,0.56,1.22,1.78
318,Bassey,10,2,44,-1,-1,21,546,0.4,n,0.0,On international duty at the Africa Cup of Nations from Gameweek 17 onwards. - Unknown return date,1358,55,0.91,0.18,1.09
319,Castagne,10,2,43,0,-2,33,88,0.1,a,,,545,18,0.42,0.16,0.58
320,Diop,10,2,43,0,-2,21,28,0.1,a,,,230,6,0.0,0.02,0.02
321,J.Cuenca,10,2,43,0,-2,48,30,0.0,a,,,348,21,0.0,0.02,0.02
322,Tete,10,2,45,0,0,530,2100,0.9,a,100.0,,1296,64,0.37,0.9,1.27
323,Amissah,10,2,38,0,-2,37,55,0.1,a,,,0,0,0.0,0.0,0.0
324,Iwobi,10,3,63,0,-2,16,758,0.8,n,0.0,On international duty at the Africa Cup of Nations from Gameweek 17 onwards. - Unknown return date,1329,56,0.76,2.09,2.85
325,Smith Rowe,10,3,56,0,-4,740,2045,0.9,a,100.0,,657,41,2.44,0.41,2.85
326,Adama,10,3,51,0,-4,47,69,0.1,a,,,250,14,0.19,0.55,0.74
327,Andreas,10,3,53,0,-2,0,6,0.1,u,0.0,has joined Palmeiras permanently.,0,0,0.0,0.0,0.0
328,Sessegnon,10,3,54,0,-1,2,364,0.2,i,0.0,Hamstring injury - Unknown return date,1106,56,0.85,0.85,1.7
329,Wilson,10,3,58,0,3,22888,28625,19.0,a,100.0,,1239,85,2.59,2.29,4.88
330,Berge,10,3,49,0,-1,39,52,0.1,a,,,1548,41,0.64,0.76,1.4
331,Cairney,10,3,48,0,-2,11,14,0.0,a,100.0,,230,11,0.47,0.16,0.63
332,Lukić,10,3,49,0,-1,38,24,0.1,a,100.0,,946,39,1.6,1.11,2.71
333,Godo,10,3,45,0,0,0,6,0.0,u,0.0,has joined Strasbourg permanently.,0,0,0.0,0.0,0.0
334,Harris,10,3,45,0,0,0,0,0.0,u,0.0,Has joined Oxford United on loan for the rest of the season.,0,0,0.0,0.0,0.0
335,King,10,3,45,0,0,764,2817,2.6,a,,,863,31,1.17,0.42,1.59
336,Reed,10,3,43,0,-2,133,210,0.3,a,,,1,1,0.0,0.0,0.0
337,Raúl,10,4,62,-1,-3,1425,5653,2.3,a,100.0,,1044,55,4.89,0.41,5.3
338,Muniz,10,4,53,0,-2,27,180,0.7,i,0.0,Hamstring injury - Expected back 01 Jan,348,17,0.94,0.01,0.95
664,Lecomte,10,1,39,0,-1,369,246,0.7,a,,,0,0,0.0,0.0,0.0
727,Chukwueze,10,3,53,0,-2,20,599,0.1,n,0.0,On international duty at the Africa Cup of Nations from Gameweek 17 onwards. - Unknown return date,393,35,1.02,2.16,3.18
731,Kevin,10,3,58,0,-2,41,104,0.1,a,100.0,,561,25,0.62,0.78,1.4
737,Kusi-Asare,10,4,45,0,0,55,90,0.1,a,,,23,3,0.0,0.07,0.07
770,Ridgeon,10,3,45,0,0,7,6,0.0,a,,,0,0,0.0,0.0,0.0
339,Meslier,11,1,42,0,-3,45,96,0.3,a,,,0,0,0.0,0.0,0.0
340,Cairns,11,1,39,0,-1,46,46,0.2,a,,,0,0,0.0,0.0,0.0
341,Darlow,11,1,39,0,-1,1103,811,2.0,a,,,450,10,0.0,0.01,0.01
342,Bogle,11,2,44,0,-1,288,126,0.2,a,100.0,,1573,44,1.15,0.93,2.08
343,Struijk,11,2,43,0,-2,252,137,0.3,a,100.0,,1358,40,1.68,0.3,1.98
344,Bijol,11,2,39,0,-1,1528,644,0.5,a,100.0,,712,29,0.42,0.4,0.82
345,Bornauw,11,2,38,0,-2,38,105,0.1,a,100.0,,2,2,0.0,0.0,0.0
346,Byram,11,2,38,0,-2,31,78,0.2,a,,,7,1,0.0,0.0,0.0
347,Gudmundsson,11,2,38,0,-2,4925,3188,3.8,a,100.0,,1470,39,0.88,1.69,2.57
348,Rodon,11,2,40,0,0,161,15710,4.2,i,0.0,Ankle injury - Expected back 17 Jan,1560,57,0.93,0.15,1.08
349,Schmidt,11,2,40,0,0,0,15,0.1,u,0.0,has joined Werder Bremen on loan for the rest of the season.,0,0,0.0,0.0,0.0
350,Aaronson,11,3,54,0,-1,445,169,0.1,a,,,997,60,2.31,2.26,4.57
351,Gnonto,11,3,52,0,-3,32,38,0.1,a,100.0,,306,17,0.22,0.51,0.73
352,Harrison,11,3,51,0,-4,38,24,0.1,a,100.0,,262,12,0.28,0.23,0.51
353,James,11,3,52,-1,-3,3,33,0.1,i,0.0,Hamstring injury - Expected back 07 Feb,348,13,0.71,0.56,1.27
354,Ampadu,11,3,49,0,-1,503,210,0.1,a,100.0,,1409,54,1.09,0.79,1.88
355,Greenwood,11,3,49,0,-1,0,3,0.0,u,0.0,has joined Pogon Szczecin permanently.,0,0,0.0,0.0,0.0
356,Gruev,11,3,47,0,-3,45,37,0.0,a,,,391,16,0.0,0.22,0.22
357,Ramazani,11,3,49,0,-1,0,3,0.0,u,0.0,has joined Valencia on loan for the rest of the season.,0,0,0.0,0.0,0.0
358,Tanaka,11,3,48,0,-2,422,523,0.3,a,100.0,,692,38,0.83,0.6,1.43
359,Crew,11,3,45,0,0,0,0,0.0,u,0.0,Has joined Doncaster Rovers on loan for the rest of the season.,0,0,0.0,0.0,0.0
360,Gelhardt,11,3,45,0,0,0,1,0.0,u,0.0,Has joined Hull City on loan for the rest of the season.,0,0,0.0,0.0,0.0
361,Gyabi,11,3,45,0,0,0,3,0.0,u,0.0,has joined Hull City permanently.,0,0,0.0,0.0,0.0
362,Piroe,11,4,49,0,-6,122,192,0.4,a,100.0,,198,10,0.53,0.07,0.6
363,Bamford,11,4,49,0,-1,0,60,0.3,u,0.0,has departed the club as a free agent.,0,0,0.0,0.0,0.0
364,Mateo Joseph,11,4,50,0,0,0,0,0.0,u,0.0,Has joined RCD Mallorca on loan for the rest of the season.,0,0,0.0,0.0,0.0
365,Nmecha,11,4,50,0,0,453,386,0.5,a,100.0,,506,38,4.41,0.3,4.71
493,Longstaff,11,3,48,0,-2,7,188,0.3,i,0.0,Calf injury - Expected back 07 Jan,877,40,0.74,1.27,2.01
660,Stach,11,3,49,0,-1,6784,3441,3.0,a,100.0,,1270,76,1.81,2.31,4.12
665,Perri,11,1,45,0,0,139,141,0.2,a,100.0,,1170,30,0.0,0.0,0.0
691,Calvert-Lewin,11,4,59,1,4,43797,7881,9.8,a,100.0,,1113,78,6.73,0.72,7.44
698,Okafor,11,3,55,0,0,205,209,0.1,a,100.0,,927,45,2.61,0.76,3.37
706,Justin,11,2,39,0,-1,66,121,0.2,a,,,159,8,0.0,0.0,0.0
741,Gray,11,4,45,0,0,169,166,0.1,a,100.0,,0,0,0.0,0.0,0.0
366,A.Becker,12,1,54,0,-1,1629,2688,6.0,a,100.0,,1170,45,0.0,0.02,0.02
367,Mamardashvili,12,1,42,0,-3,115,481,0.6,a,,,450,19,0.0,0.0,0.0
368,Pécsi,12,1,39,0,-1,19,92,0.3,a,,,0,0,0.0,0.0,0.0
369,Woodman,12,1,39,0,-1,40,83,0.2,a,,,0,0,0.0,0.0,0.0
370,Frimpong,12,2,57,0,-3,4831,2577,5.4,a,100.0,,203,16,0.09,0.57,0.66
371,Kerkez,12,2,56,0,-4,686,1190,3.0,a,,,1209,41,0.94,0.41,1.35
372,Robertson,12,2,58,0,-2,341,281,1.0,a,,,416,17,0.21,0.7,0.9
373,Virgil,12,2,59,0,-1,6082,30778,24.3,a,,,1620,66,0.78,0.42,1.2
374,Konaté,12,2,54,0,-1,1763,4921,3.6,a,100.0,,1516,64,0.81,0.43,1.24
375,Bradley,12,2,50,0,0,301,234,0.2,a,100.0,,670,22,0.07,0.72,0.79
376,Gomez,12,2,49,0,-1,1,126,0.1,d,25.0,Muscle injury - 25% chance of playing,244,23,0.18,0.53,0.71
377,Tsimikas,12,2,48,0,-2,0,7,0.0,u,0.0,has joined AS Roma on loan for the rest of the season.,0,0,0.0,0.0,0.0
378,Nallo,12,2,37,0,-3,6422,1385,0.5,a,100.0,,0,0,0.0,0.0,0.0
379,R.Williams,12,2,38,0,-2,37,97,0.2,a,,,0,0,0.0,0.0,0.0
380,Ramsay,12,2,38,0,-2,30,122,0.2,a,,,0,0,0.0,0.0,0.0
381,M.Salah,12,3,140,0,-5,38,5160,14.6,n,0.0,On international duty at the Africa Cup of Nations from Gameweek 17 onwards. - Unknown return date,1183,64,4.65,2.42,7.07
382,Wirtz,12,3,82,0,-3,16873,6890,11.2,a,100.0,,1174,55,2.96,2.27,5.22
383,Luis Díaz,12,3,80,0,0,0,2,0.0,u,0.0,Has joined Bayern Munch permanently.,0,0,0.0,0.0,0.0
384,Gakpo,12,3,73,0,-2,2666,1916,5.3,a,100.0,,1140,66,4.08,2.76,6.84
385,Chiesa,12,3,63,0,-2,157,379,0.4,a,100.0,,211,25,1.17,0.48,1.65
386,Mac Allister,12,3,62,0,-3,816,1232,1.4,a,100.0,,1182,39,1.69,0.83,2.52
387,Szoboszlai,12,3,66,0,1,8208,3958,4.8,a,100.0,,1522,63,2.12,2.47,4.59
388,C.Jones,12,3,54,0,-1,230,281,0.2,a,100.0,,815,29,0.56,1.36,1.92
390,Gravenberch,12,3,57,0,2,17112,4983,6.6,a,100.0,,1411,84,0.95,0.99,1.94
392,Endo,12,3,49,0,-1,1,30,0.1,d,25.0,Ankle injury - 25% chance of playing,43,7,0.0,0.0,0.0
393,Bajcetic,12,3,43,0,-2,13,22,0.0,i,0.0,Hamstring injury - Unknown return date,0,0,0.0,0.0,0.0
394,McConnell,12,3,44,0,-1,0,5,0.0,u,0.0,has joined Ajax on loan for the rest of the season.,0,0,0.0,0.0,0.0
395,Morton,12,3,45,0,0,0,1,0.0,u,0.0,Has joined Lyon permanently.,0,0,0.0,0.0,0.0
396,Nyoni,12,3,43,0,-2,77,253,0.4,a,,,2,2,0.0,0.0,0.0
397,Darwin,12,4,65,0,0,0,4,0.1,u,0.0,Has joined Al-Hilal permanently.,0,0,0.0,0.0,0.0
398,Danns,12,4,43,0,-2,17,23,0.1,i,0.0,Hamstring injury - Unknown return date,0,0,0.0,0.0,0.0
499,Isak,12,4,103,0,-2,37,1807,3.8,i,0.0,Ankle injury - Unknown return date,501,29,2.04,0.07,2.11
661,Ekitiké,12,4,91,0,6,32730,12613,36.2,a,100.0,,1038,82,4.76,0.8,5.56
686,Ngumoha,12,3,43,0,-2,1982,1175,0.7,a,,,42,10,0.37,0.12,0.49
692,Leoni,12,2,49,0,-1,2,7,0.0,i,0.0,Knee injury - Expected back 01 Sep,0,0,0.0,0.0,0.0
746,Morrison,12,3,45,0,0,8,12,0.0,a,,,0,0,0.0,0.0,0.0
760,Lucky,12,2,40,0,0,22,25,0.0,a,,,0,0,0.0,0.0,0.0
182,Trafford,13,1,45,-1,-5,16,185,1.0,a,,,270,11,0.0,0.0,0.0
399,Ederson M.,13,1,53,0,-2,0,69,0.8,u,0.0,has joined Fenerbache permanently.,0,0,0.0,0.0,0.0
400,Ortega Moreno,13,1,47,0,-3,12,34,0.2,a,,,0,0,0.0,0.0,0.0
401,Bettinelli,13,1,39,0,-1,21,35,0.1,a,100.0,,0,0,0.0,0.0,0.0
402,Aït-Nouri,13,2,57,0,-3,6,907,3.8,n,0.0,On international duty at the Africa Cup of Nations from Gameweek 17 onwards. - Unknown return date,204,12,0.04,0.48,0.52
403,Gvardiol,13,2,61,1,1,14160,8332,10.1,a,100.0,,1218,75,1.51,0.61,2.12
404,Akanji,13,2,54,0,-1,0,34,0.3,u,0.0,has joined Inter Milan on loan for the rest of the season.,0,0,0.0,0.0,0.0
405,Aké,13,2,53,0,-2,107,132,0.6,a,,,223,13,0.28,0.17,0.45
406,Khusanov,13,2,54,0,-1,59,91,0.3,a,100.0,,250,12,0.0,0.03,0.03
407,Matheus N.,13,2,54,0,-1,6362,3697,2.5,a,,,1323,80,0.25,1.06,1.31
408,Rúben,13,2,57,0,2,5319,7310,7.4,a,,,1535,84,0.42,0.43,0.85
409,Stones,13,2,54,0,-1,3,202,0.6,d,25.0,Thigh injury - 25% chance of playing,351,12,0.0,0.06,0.06
410,Lewis,13,2,47,0,-3,212,400,1.3,a,100.0,,204,18,0.02,1.19,1.21
411,O'Reilly,13,2,53,0,3,6945,18623,11.2,a,100.0,,1313,75,1.96,1.38,3.34
412,Vitor Reis,13,2,50,0,0,0,0,0.0,u,0.0,Has joined Girona on loan for the rest of the season.,0,0,0.0,0.0,0.0
413,Marmoush,13,3,83,0,-2,28,483,2.3,n,0.0,On international duty at the Africa Cup of Nations from Gameweek 17 onwards. - Unknown return date,204,16,1.25,0.46,1.71
414,Foden,13,3,90,0,10,18375,38426,40.4,a,100.0,,1315,93,4.51,2.82,7.33
415,Savinho,13,3,69,0,-1,135,147,0.4,a,100.0,,481,25,0.64,1.12,1.76
416,Bernardo,13,3,62,0,-3,295,253,0.5,a,,,1229,40,0.26,1.63,1.89
417,Cherki,13,3,67,0,2,56052,5888,13.4,a,100.0,,637,66,1.29,3.92,5.21
418,Doku,13,3,64,0,-1,130,6677,3.0,d,25.0,Leg injury - 25% chance of playing,935,59,1.47,3.63,5.1
420,Gündoğan,13,3,63,0,-2,0,6,0.1,u,0.0,has joined Galatasaray permanently.,0,0,0.0,0.0,0.0
421,Rodrigo,13,3,63,0,-2,137,58,0.4,a,100.0,,292,12,0.14,0.22,0.36
422,Kovačić,13,3,59,0,-1,0,4,0.0,i,0.0,Ankle injury - Unknown return date,4,1,0.0,0.0,0.0
423,N.Gonzalez,13,3,59,0,-1,138,156,0.1,a,100.0,,1223,50,0.51,0.86,1.37
424,Bobb,13,3,51,0,-4,3,88,0.2,d,25.0,Hamstring injury - 25% chance of playing,464,18,0.4,1.15,1.55
425,Echeverri,13,3,54,0,-1,0,1,0.0,u,0.0,Has joined Bayer Leverkusen on loan for the rest of the season.,0,0,0.0,0.0,0.0
427,Reijnders,13,3,52,0,-3,7277,4242,12.1,a,,,1168,65,3.36,1.42,4.78
428,Nypan,13,3,50,0,0,0,0,0.0,u,0.0,Has joined Middlesbrough on loan for the rest of the season.,0,0,0.0,0.0,0.0
429,Phillips,13,3,48,0,-2,17,24,0.1,a,,,0,0,0.0,0.0,0.0
430,Haaland,13,4,151,0,11,5242,3622,74.2,a,100.0,,1552,153,16.19,1.2,17.39
736,Donnarumma,13,1,57,0,2,3627,9238,10.1,a,,,1350,59,0.0,0.0,0.0
739,Mukasa,13,3,44,0,-1,22,15,0.0,a,,,15,1,0.0,0.2,0.2
740,Mfuni,13,2,39,0,-1,7,19,0.0,a,,,0,0,0.0,0.0,0.0
742,McAidoo,13,3,45,0,0,6,6,0.0,a,,,0,0,0.0,0.0,0.0
763,Gray,13,3,45,0,0,10,5,0.0,a,,,0,0,0.0,0.0,0.0
764,Heskey,13,3,45,0,0,5,7,0.0,a,,,0,0,0.0,0.0,0.0
119,Mbeumo,14,3,81,0,1,211,12245,9.7,n,0.0,On international duty at the Africa Cup of Nations from Gameweek 17 onwards. - Unknown return date,1405,74,5.35,3.41,8.76
431,Bayindir,14,1,48,0,-2,53,143,0.3,a,,,540,11,0.0,0.05,0.05
432,Onana,14,1,49,0,-1,0,18,0.1,u,0.0,has joined Trabzonspor on loan for the rest of the season.,0,0,0.0,0.0,0.0
433,Harrison,14,1,40,0,0,0,0,0.0,u,0.0,On loan to Shrewsbury Town,0,0,0.0,0.0,0.0
434,Heaton,14,1,39,0,-1,75,58,0.3,a,,,0,0,0.0,0.0,0.0
435,Mee,14,1,39,0,-1,32,33,0.1,a,,,0,0,0.0,0.0,0.0
436,De Ligt,14,2,49,0,-1,44,1384,2.1,i,0.0,Back injury - Unknown return date,1170,43,1.38,0.83,2.21
437,Martinez,14,2,48,0,-2,1755,1189,0.5,a,100.0,,274,17,0.02,0.12,0.14
438,Mazraoui,14,2,49,0,-1,3,107,0.2,n,0.0,On international duty at the Africa Cup of Nations from Gameweek 17 onwards. - Unknown return date,439,17,0.02,0.23,0.24
439,D.Leon,14,2,42,0,-3,18,24,0.1,a,,,0,0,0.0,0.0,0.0
440,Dalot,14,2,45,0,0,13196,9641,4.9,a,100.0,,1224,62,1.13,1.41,2.54
441,Dorgu,14,2,42,0,-3,22359,8355,6.9,a,,,979,45,1.0,1.14,2.14
442,Maguire,14,2,43,0,-2,19,196,0.5,i,0.0,Hamstring injury - Unknown return date,341,33,0.32,0.02,0.34
443,Shaw,14,2,45,0,0,518,969,0.7,a,,,1638,44,0.08,1.0,1.08
444,Yoro,14,2,42,-1,-3,285,901,1.4,a,,,1042,32,0.29,0.23,0.52
445,Amass,14,2,40,0,0,0,12,0.1,u,0.0,has joined Sheffield Wednesday on loan for the rest of the season.,0,0,0.0,0.0,0.0
446,Fredricson,14,2,38,0,-2,38,59,0.1,a,,,2,1,0.0,0.0,0.0
447,Heaven,14,2,39,1,-1,10317,2660,2.6,a,100.0,,485,21,0.07,0.14,0.21
448,Malacia,14,2,38,0,-2,147,266,0.4,a,,,2,1,0.0,0.0,0.0
449,B.Fernandes,14,3,91,0,1,1248,38992,12.6,i,0.0,Hamstring injury - Expected back 17 Jan,1475,99,7.01,4.13,11.14
450,Cunha,14,3,82,1,2,13028,24349,13.6,a,100.0,,1209,55,4.46,2.07,6.53
451,Rashford,14,3,70,0,0,0,2,0.0,u,0.0,Has joined Barcelona on loan for the rest of the season,0,0,0.0,0.0,0.0
452,Amad,14,3,63,0,-2,81,771,1.0,n,0.0,On international duty at the Africa Cup of Nations from Gameweek 17 onwards. - Unknown return date,1203,56,3.58,2.78,6.36
454,Antony,14,3,59,0,-1,0,5,0.1,u,0.0,has joined Real Betis permanently.,0,0,0.0,0.0,0.0
455,Mount,14,3,59,0,-1,88,4896,0.8,d,50.0,Muscle injury - 50% chance of playing,782,44,1.54,1.35,2.89
457,Casemiro,14,3,55,0,0,3961,2167,1.4,a,100.0,,1141,76,2.81,0.8,3.61
458,Mainoo,14,3,46,0,-4,66,388,0.4,i,0.0,Calf injury - Expected back 04 Jan,212,11,0.07,0.25,0.32
459,Ugarte,14,3,47,0,-3,394,230,0.2,a,,,548,22,0.08,0.1,0.18
460,Collyer,14,3,45,0,0,0,1,0.0,u,0.0,Has joined West Bromwich Albion on loan for the rest of the season.,0,0,0.0,0.0,0.0
461,Fitzgerald,14,3,44,0,-1,14,21,0.0,a,,,0,0,0.0,0.0,0.0
462,J.Fletcher,14,3,43,0,-2,325,115,0.1,a,,,107,3,0.05,0.03,0.08
463,Kone,14,3,43,0,-2,50,54,0.1,a,,,0,0,0.0,0.0,0.0
464,Moorhouse,14,3,45,0,0,0,0,0.0,u,0.0,has joined Leyton Orient on loan for the rest of the season.,0,0,0.0,0.0,0.0
465,Højlund,14,4,63,0,-2,0,20,0.3,u,0.0,has joined Napoli on loan for the rest of the season.,0,0,0.0,0.0,0.0
466,Zirkzee,14,4,58,0,-2,965,496,0.5,a,100.0,,438,28,1.72,0.14,1.86
467,Obi,14,4,42,0,-3,4283,2232,1.8,a,,,0,0,0.0,0.0,0.0
468,Wheatley,14,4,45,0,0,0,10,0.1,u,0.0,has joined Northampton Town on loan for the rest of the season.,0,0,0.0,0.0,0.0
681,Šeško,14,4,72,0,-3,1343,2389,3.3,a,100.0,,858,40,2.94,0.17,3.11
733,Lammens,14,1,50,0,0,1789,3662,2.1,a,,,1170,38,0.0,0.0,0.0
755,Lacey,14,3,45,0,0,23,24,0.0,a,,,6,1,0.02,0.0,0.02
769,Bendito Mantato,14,3,45,0,0,14,8,0.0,a,,,15,1,0.0,0.01,0.01
771,Fletcher,14,3,45,0,0,37,27,0.0,a,,,0,0,0.0,0.0,0.0
52,J.Ramsey,15,3,53,0,-2,115,111,0.2,a,100.0,,464,12,0.34,0.6,0.94
135,Wissa,15,4,73,0,-2,6803,759,0.6,a,100.0,,149,9,1.1,0.35,1.45
469,Pope,15,1,51,0,1,4358,2127,4.6,a,100.0,,1156,57,0.0,0.0,0.0
471,Gillespie,15,1,39,0,-1,30,33,0.1,a,,,0,0,0.0,0.0,0.0
472,Odysseas,15,1,40,0,0,0,0,0.0,u,0.0,Has joined Sevilla on loan for the rest of the season.,0,0,0.0,0.0,0.0
473,Hall,15,2,53,1,-2,14030,3936,2.4,a,100.0,,788,32,0.47,0.96,1.43
474,Schär,15,2,53,0,-2,1915,1409,1.8,a,100.0,,924,40,0.65,0.5,1.15
475,Botman,15,2,49,0,-1,3,126,0.3,d,25.0,Back injury - 25% chance of playing,655,32,0.13,0.25,0.38
476,Burn,15,2,51,0,1,39,10086,4.0,i,0.0,Rib Injury - Expected back 18 Jan,1255,67,0.12,0.3,0.42
477,Livramento,15,2,49,0,-1,33,2887,2.3,d,25.0,Knee injury - 25% chance of playing,976,47,0.12,0.53,0.65
478,Trippier,15,2,49,0,-1,9,582,1.3,d,25.0,Hamstring injury - 25% chance of playing,699,30,0.0,0.9,0.9
479,Krafth,15,2,43,0,-2,0,9,0.0,d,25.0,Knee injury - 25% chance of playing,45,0,0.0,0.0,0.0
480,Lascelles,15,2,43,0,-2,1,34,0.1,d,25.0,Lack of match fitness - 25% chance of playing,19,1,0.04,0.0,0.04
481,A.Murphy,15,2,38,0,-2,305,472,0.7,a,,,0,0,0.0,0.0,0.0
482,Ashby,15,2,39,0,-1,19,37,0.1,a,100.0,,0,0,0.0,0.0,0.0
483,Pivas,15,2,38,0,-2,104,424,0.4,a,,,0,0,0.0,0.0,0.0
484,Targett,15,2,40,0,0,0,31,0.2,u,0.0,has joined Middlesbrough on loan for the rest of the season.,0,0,0.0,0.0,0.0
485,Gordon,15,3,74,0,-1,23868,7204,5.3,a,100.0,,857,47,4.24,1.97,6.21
486,Elanga,15,3,65,0,-5,21,1516,2.8,d,75.0,Knock - 75% chance of playing,675,27,1.12,0.49,1.61
487,Barnes,15,3,61,0,-4,1136,2483,1.1,a,,,825,49,3.31,1.54,4.85
488,Bruno G.,15,3,70,0,5,58780,11869,14.1,a,,,1569,96,2.86,1.9,4.76
489,J.Murphy,15,3,60,0,-5,687,1160,0.9,a,,,909,47,2.71,2.16,4.87
490,Joelinton,15,3,59,0,-1,1158,235,0.3,a,100.0,,1047,40,0.95,0.87,1.82
491,Tonali,15,3,53,0,-2,1009,790,1.0,a,100.0,,1320,46,0.48,1.48,1.96
492,Antoñito C.,15,3,49,0,-1,0,1,0.0,u,0.0,has joined KVC Westerlo on loan for the rest of the season.,0,0,0.0,0.0,0.0
494,Willock,15,3,50,0,0,70,53,0.1,a,100.0,,231,13,0.17,0.11,0.28
495,Hayden,15,3,45,0,0,0,1,0.0,u,0.0,Has departed the club as a free agent.,0,0,0.0,0.0,0.0
496,Kuol,15,3,44,0,-1,0,8,0.0,u,0.0,has joined Sparta Prague permanently.,0,0,0.0,0.0,0.0
497,L.Miley,15,3,45,0,0,6833,2966,3.4,a,100.0,,840,44,0.7,0.95,1.65
498,White,15,3,45,0,0,0,0,0.0,u,0.0,Has joined Leyton Orient on loan for the rest of the season.,0,0,0.0,0.0,0.0
500,Osula,15,4,54,0,-1,5,48,0.2,d,25.0,Ankle injury - 25% chance of playing,213,18,0.64,0.03,0.67
501,Neave,15,4,43,0,-2,71,121,0.2,a,,,0,0,0.0,0.0,0.0
674,Ramsdale,15,1,48,0,-2,421,3020,0.9,a,,,553,11,0.0,0.0,0.0
684,Thiaw,15,2,50,0,0,9826,6247,3.3,a,,,1352,59,1.45,0.42,1.87
689,Seung soo,15,3,44,0,-1,20,59,0.2,a,,,0,0,0.0,0.0,0.0
714,Woltemade,15,4,74,0,4,9558,51732,18.8,a,,,1172,72,5.87,0.43,6.3
753,Ruddy,15,1,40,0,0,15,17,0.0,a,,,0,0,0.0,0.0,0.0
765,Shahar,15,2,40,0,0,80,45,0.0,a,,,0,0,0.0,0.0,0.0
772,Alabi,15,3,45,0,0,8,3,0.0,a,,,0,0,0.0,0.0,0.0
12,Zinchenko,16,2,49,0,-1,165,62,0.2,a,100.0,,352,7,0.07,0.36,0.43
426,McAtee,16,3,50,0,-5,33,44,0.1,a,,,148,6,0.02,0.17,0.19
502,Sels,16,1,46,0,-4,385,3706,5.9,a,100.0,,1350,40,0.0,0.06,0.06
503,C.Miguel,16,1,40,0,0,0,12,0.1,u,0.0,Has joined Palmeiras permanently.,0,0,0.0,0.0,0.0
504,Turner,16,1,40,0,0,0,29,0.1,u,0.0,Has joined Lyon permanently.,0,0,0.0,0.0,0.0
505,Milenković,16,2,51,0,-4,561,2332,3.4,a,,,1710,47,0.72,0.41,1.13
506,Murillo,16,2,52,0,-3,667,1570,1.9,a,100.0,,1099,41,0.35,0.34,0.69
507,Aina,16,2,47,0,-3,12,389,1.9,i,0.0,Lack of match fitness - Expected back 17 Jan,270,6,0.04,0.32,0.36
508,N.Williams,16,2,47,0,-3,1246,3107,3.5,a,,,1710,55,1.31,1.94,3.25
509,David Carmo,16,2,45,0,0,0,5,0.0,u,0.0,has joined Real Oviedo on loan for the rest of the season.,0,0,0.0,0.0,0.0
510,Jair Cunha,16,2,43,0,-2,28,23,0.1,a,,,90,3,0.0,0.0,0.0
511,Morato,16,2,43,0,-2,26,67,0.1,a,,,708,20,0.03,0.06,0.09
512,O.Richards,16,2,45,0,0,0,0,0.0,u,0.0,has joined Rio Ave on loan for the rest of the season.,0,0,0.0,0.0,0.0
513,Abbott,16,2,38,0,-2,232,258,0.3,a,,,45,1,0.0,0.0,0.0
514,Boly,16,2,38,0,-2,59,263,0.4,n,0.0,On international duty at the Africa Cup of Nations from Gameweek 17 onwards. - Unknown return date,0,0,0.0,0.0,0.0
515,Gibbs-White,16,3,73,0,-2,872,3033,2.8,a,100.0,,1602,64,4.44,1.62,6.06
516,Hudson-Odoi,16,3,57,0,-3,1236,2073,1.0,a,100.0,,1028,51,1.83,1.4,3.23
517,Anderson,16,3,53,0,-2,3900,4546,4.7,a,,,1710,76,1.8,1.87,3.67
518,Jota,16,3,54,0,-1,0,5,0.0,u,0.0,has joined Besiktas on loan for the rest of the season.,11,1,0.0,0.0,0.0
519,Dominguez,16,3,50,0,0,12,15,0.0,a,100.0,,392,11,0.36,0.28,0.64
520,O'Brien,16,3,50,0,0,0,0,0.0,u,0.0,Has joined Wrexham permanently.,0,0,0.0,0.0,0.0
521,Sangaré,16,3,49,0,-1,4,40,0.1,n,0.0,On international duty at the Africa Cup of Nations from Gameweek 17 onwards. - Unknown return date,864,47,0.78,1.07,1.85
522,Yates,16,3,47,0,-3,3,34,0.1,d,25.0,Hamstring injury - 25% chance of playing,299,15,0.07,0.17,0.24
523,Da Silva Moreira,16,3,45,0,0,0,10,0.1,u,0.0,has joined Rio Ave on loan for the rest of the season.,0,0,0.0,0.0,0.0
524,Stamenic,16,3,45,0,0,0,4,0.0,u,0.0,Has joined Swansea City permanently.,0,0,0.0,0.0,0.0
525,Wood,16,4,72,0,-3,16,1047,4.9,i,0.0,Knee injury - Unknown return date,538,25,2.81,0.11,2.92
526,Igor Jesus,16,4,58,0,-2,1528,2872,1.2,a,,,971,40,3.29,0.81,4.1
527,Awoniyi,16,4,52,0,-3,124,78,0.3,a,100.0,,182,7,0.67,0.46,1.13
669,Ndoye,16,3,55,0,-5,3,614,0.8,d,25.0,Knock - 25% chance of playing,997,41,0.78,1.22,2.0
675,Gunn,16,1,40,0,0,61,195,1.2,a,100.0,,0,0,0.0,0.0,0.0
693,Hutchinson,16,3,54,0,-1,713,563,0.2,a,,,742,44,1.55,2.1,3.65
696,Kalimuendo,16,4,60,0,0,40,106,0.1,a,,,82,8,0.35,0.02,0.37
699,Douglas Luiz,16,3,49,0,-1,50,58,0.0,a,100.0,,307,10,0.15,0.64,0.79
715,John,16,1,40,0,0,1880,649,0.4,a,,,360,10,0.0,0.0,0.0
716,Savona,16,2,45,0,0,90,801,0.2,a,,,1004,38,1.34,0.45,1.79
729,Cuiabano,16,2,45,0,0,0,0,0.0,u,0.0,has joined Botafogo on loan for the rest of the season.,0,0,0.0,0.0,0.0
734,Bakwa,16,3,59,0,-1,28,19,0.0,a,100.0,,188,7,0.19,0.35,0.54
528,Patterson,17,1,42,0,-3,48,60,0.2,a,,,0,0,0.0,0.0,0.0
529,Moore,17,1,39,0,-1,91,90,0.4,a,,,0,0,0.0,0.0,0.0
530,Nna Noukeu,17,1,39,0,-1,38,38,0.1,a,,,0,0,0.0,0.0,0.0
531,Ballard,17,2,47,0,2,635,11859,3.4,d,50.0,Ankle injury - 50% chance of playing,1119,75,1.33,0.39,1.72
532,Hume,17,2,45,0,0,250,232,0.3,a,,,1471,57,0.55,0.82,1.37
533,Alese,17,2,40,0,0,1,1,0.0,i,0.0,Shoulder injury - Unknown return date,0,0,0.0,0.0,0.0
534,Anderson,17,2,39,0,-1,65,131,0.4,a,,,0,0,0.0,0.0,0.0
535,Cirkin,17,2,40,0,0,74,30,0.0,a,100.0,,90,2,0.0,0.01,0.01
536,Hjelde,17,2,40,0,0,12,10,0.0,a,100.0,,0,0,0.0,0.0,0.0
537,Huggins,17,2,40,0,0,0,7,0.1,u,0.0,has joined Wycombe Wanderers on loan for the rest of the season.,0,0,0.0,0.0,0.0
538,Johnson,17,2,38,-1,-2,267,97,0.2,a,,,0,0,0.0,0.0,0.0
539,O'Nien,17,2,40,0,0,73,36,0.0,a,100.0,,4,-1,0.0,0.0,0.0
540,Pembele,17,2,39,0,-1,64,130,0.4,a,,,0,0,0.0,0.0,0.0
541,Reinildo,17,2,38,-1,-2,583,2491,2.7,n,0.0,On international duty at the Africa Cup of Nations from Gameweek 17 onwards. - Unknown return date,1022,37,0.1,0.08,0.18
542,Seelt,17,2,40,0,0,0,18,0.1,u,0.0,has joined Wolfsburg on loan for the rest of the season.,133,2,0.0,0.01,0.01
543,Adingra,17,3,49,0,-6,417,154,0.4,a,,,462,29,0.26,0.49,0.75
544,Diarra,17,3,53,0,-2,1,9,0.0,i,0.0,International Duty - Unknown return date,371,13,0.5,0.08,0.58
545,Roberts,17,3,54,0,-1,0,0,0.0,u,0.0,has joined Birmingham City on loan for the rest of the season.,27,1,0.03,0.02,0.05
546,Aleksić,17,3,49,0,-1,0,0,0.0,u,0.0,has joined Cracovia on loan for the rest of the season.,0,0,0.0,0.0,0.0
547,E.Le Fée,17,3,49,0,-1,871,1696,0.9,a,100.0,,1305,62,2.22,1.66,3.88
548,Mundle,17,3,49,0,-1,9,6,0.0,a,100.0,,83,4,0.12,0.22,0.34
549,Neil,17,3,48,0,-2,7,11,0.0,a,,,2,2,0.0,0.0,0.0
550,Poveda,17,3,48,0,-2,4,12,0.0,a,,,0,0,0.0,0.0,0.0
551,Rigg,17,3,47,0,-3,42,27,0.0,a,,,316,13,0.32,0.25,0.57
552,Sadiki,17,3,50,0,0,2,39,0.0,n,0.0,On international duty at the Africa Cup of Nations from Gameweek 17 onwards. - Unknown return date,1414,37,0.24,0.75,0.99
553,Talbi,17,3,49,0,-1,3,121,0.2,n,0.0,On international duty at the Africa Cup of Nations from Gameweek 17 onwards. - Unknown return date,881,51,1.19,0.49,1.67
554,Ba,17,3,43,0,-2,100,262,0.4,a,,,0,0,0.0,0.0,0.0
555,Browne,17,3,45,0,0,0,1,0.0,u,0.0,has joined Middlesbrough on loan for the rest of the season.,0,0,0.0,0.0,0.0
556,Ekwah,17,3,45,0,0,0,1,0.0,u,0.0,Has joined AS Saint-Etienne permanently.,0,0,0.0,0.0,0.0
557,H.Jones,17,3,43,0,-2,44,36,0.1,a,,,0,0,0.0,0.0,0.0
558,Matete,17,3,43,0,-2,188,123,0.2,a,,,0,0,0.0,0.0,0.0
559,Triantis,17,3,44,0,-1,0,1,0.0,u,0.0,has joined Minnesota United permanently.,0,0,0.0,0.0,0.0
560,Isidor,17,4,54,0,-1,1119,3207,2.1,a,,,938,49,3.3,0.05,3.35
561,Mayenda,17,4,52,0,-3,71,174,0.5,a,,,283,18,0.55,0.07,0.62
562,Abdullahi,17,4,43,0,-2,132,224,0.4,a,,,0,0,0.0,0.0,0.0
563,Luís Hemir,17,4,44,0,-1,0,11,0.1,u,0.0,has joined Moreirense on loan for the rest of the season.,0,0,0.0,0.0,0.0
564,Rusyn,17,4,44,0,-1,0,11,0.1,u,0.0,has joined Arka on loan for the rest of the season.,0,0,0.0,0.0,0.0
668,Xhaka,17,3,52,0,2,7912,5147,6.7,a,,,1602,77,0.53,1.77,2.3
670,Roefs,17,1,48,0,3,10942,5803,9.8,a,,,1620,83,0.0,0.03,0.03
678,Masuaku,17,2,39,0,-1,2,300,0.6,n,0.0,On international duty at the Africa Cup of Nations from Gameweek 17 onwards. - Unknown return date,125,1,0.07,0.08,0.15
683,Alderete,17,2,40,0,0,13052,4011,5.5,a,100.0,,1207,67,0.98,0.58,1.55
694,Mukiele,17,2,42,0,2,12034,5754,7.0,a,,,1440,74,0.6,1.19,1.79
724,Geertruida,17,2,45,0,0,50,41,0.0,a,,,712,23,0.33,0.37,0.7
730,Brobbey,17,4,55,0,0,465,622,0.3,a,,,461,28,1.06,0.09,1.15
735,Traoré,17,3,55,0,0,4,43,0.0,n,0.0,On international duty at the Africa Cup of Nations from Gameweek 17 onwards. - Unknown return date,607,28,0.48,0.25,0.73
774,Jenson Jones,17,2,40,0,0,26,6,0.0,a,,,0,0,0.0,0.0,0.0
775,Tutierov,17,3,45,0,0,9,3,0.0,a,,,0,0,0.0,0.0,0.0
565,Vicario,18,1,48,0,-2,2309,3616,7.0,a,,,1620,67,0.0,0.02,0.02
566,Austin,18,1,39,0,-1,68,89,0.3,a,,,0,0,0.0,0.0,0.0
567,Kinsky,18,1,39,0,-1,271,510,1.8,a,,,0,0,0.0,0.0,0.0
568,Pedro Porro,18,2,52,0,-3,3895,4772,12.5,a,,,1415,60,0.27,2.02,2.29
569,Romero,18,2,50,0,0,3283,2041,3.7,a,100.0,,1187,59,0.76,0.29,1.05
570,Danso,18,2,42,0,-3,91,71,0.1,a,,,581,26,0.03,0.16,0.19
571,Davies,18,2,43,0,-2,30,20,0.1,a,100.0,,31,1,0.0,0.0,0.0
572,Dragusin,18,2,45,0,0,17,11,0.0,a,100.0,,5,1,0.06,0.0,0.06
573,Spence,18,2,43,0,-2,1177,662,1.2,a,,,1163,45,0.59,0.55,1.14
574,Udogie,18,2,43,0,-2,4,126,0.3,i,0.0,Hamstring injury - Expected back 17 Jan,605,13,0.1,0.32,0.42
575,Van de Ven,18,2,45,0,0,21328,11507,26.6,a,,,1519,76,1.99,0.29,2.28
576,Phillips,18,2,40,0,0,0,2,0.0,u,0.0,Has joined Stoke City on loan for the rest of the season.,0,0,0.0,0.0,0.0
577,Takai,18,2,40,0,0,46,13,0.0,a,100.0,,0,0,0.0,0.0,0.0
578,Vuskovic,18,2,39,0,-1,0,66,0.3,u,0.0,has joined Hamburger SV on loan for the rest of the season.,0,0,0.0,0.0,0.0
579,Son,18,3,85,0,0,0,11,0.1,u,0.0,Has joined Los Angeles FC permanently.,0,0,0.0,0.0,0.0
580,Johnson,18,3,65,0,-5,505,580,2.4,a,,,602,34,1.02,0.29,1.31
581,Maddison,18,3,68,0,-2,6,22,0.1,i,0.0,Anterior cruciate ligament - Unknown return date,0,0,0.0,0.0,0.0
582,Kudus,18,3,64,0,-1,7850,7825,14.1,a,100.0,,1427,71,1.69,2.39,4.08
583,Kulusevski,18,3,64,0,-1,6,6,0.0,i,0.0,Knee injury - Unknown return date,0,0,0.0,0.0,0.0
584,Tel,18,3,62,0,-3,69,70,0.1,a,,,274,29,0.47,0.33,0.8
585,Bentancur,18,3,53,0,-2,146,139,0.2,a,,,1142,54,0.45,0.63,1.08
586,Bergvall,18,3,53,0,-2,25,194,0.2,d,75.0,Knock - 75% chance of playing,724,36,0.92,0.3,1.22
587,Bissouma,18,3,52,0,-3,4,6,0.0,n,0.0,On international duty at the Africa Cup of Nations from Gameweek 17 onwards. - Unknown return date,0,0,0.0,0.0,0.0
588,Odobert,18,3,53,0,-2,44,17,0.0,a,100.0,,536,26,0.84,0.64,1.48
589,Solomon,18,3,54,0,-1,0,1,0.0,u,0.0,has joined Villarreal CF on loan for the rest of the season.,0,0,0.0,0.0,0.0
590,Bryan,18,3,49,0,-1,0,4,0.0,u,0.0,has joined Girona permanently.,0,0,0.0,0.0,0.0
591,Gray,18,3,48,0,-2,377,89,0.1,a,100.0,,435,20,0.4,0.1,0.5
592,Moore,18,3,50,0,0,0,1,0.0,u,0.0,Has joined Rangers on loan for the rest of the season.,0,0,0.0,0.0,0.0
593,P.M.Sarr,18,3,45,0,-5,83,693,0.9,n,0.0,On international duty at the Africa Cup of Nations from Gameweek 17 onwards. - Unknown return date,703,42,1.04,0.45,1.49
594,Min-hyeok,18,3,45,0,0,0,2,0.0,u,0.0,Has joined Portsmouth on loan for the rest of the season.,0,0,0.0,0.0,0.0
595,Olusesi,18,3,43,0,-2,130,103,0.2,a,,,0,0,0.0,0.0,0.0
596,Solanke,18,4,72,0,-3,11,114,0.9,i,0.0,Ankle injury - Unknown return date,31,2,0.2,0.0,0.2
597,Richarlison,18,4,64,0,-1,8099,4939,7.8,a,,,1073,70,3.92,0.8,4.72
598,Lankshear,18,4,45,0,0,0,1,0.0,u,0.0,Has joined Oxford United on loan for the rest of the season.,0,0,0.0,0.0,0.0
599,Scarlett,18,4,43,0,-2,132,248,0.6,a,,,0,0,0.0,0.0,0.0
673,J.Palhinha,18,3,55,0,0,430,876,1.0,a,,,1112,67,0.75,0.4,1.15
717,Xavi,18,3,65,0,-5,44,1366,1.0,s,0.0,Suspended until 07 Jan,830,39,0.82,1.41,2.23
726,Kolo Muani,18,4,69,0,-1,273,410,0.3,a,100.0,,672,18,1.18,0.53,1.71
745,Byfield,18,2,40,0,0,10,15,0.0,a,,,0,0,0.0,0.0,0.0
750,Rowswell,18,2,40,0,0,20,15,0.0,a,,,0,0,0.0,0.0,0.0
751,Akhamrich,18,3,45,0,0,11,10,0.0,a,,,0,0,0.0,0.0,0.0
149,Igor,19,2,45,0,0,75,72,0.1,a,0.0,,103,6,0.0,0.0,0.0
600,Areola,19,1,43,0,-2,2978,1224,2.2,a,,,1350,40,0.0,0.0,0.0
601,Foderingham,19,1,40,0,0,0,69,0.2,u,0.0,has joined Aris Limassol permanently.,0,0,0.0,0.0,0.0
602,Hegyi,19,1,39,0,-1,99,73,0.2,a,,,0,0,0.0,0.0,0.0
603,Diouf,19,2,40,0,-5,62,1218,1.4,n,0.0,On international duty at the Africa Cup of Nations from Gameweek 17 onwards. - Unknown return date,1387,44,0.39,0.82,1.21
604,Emerson,19,2,44,0,-1,0,4,0.1,u,0.0,has joined Marseille permanently.,0,0,0.0,0.0,0.0
605,Kilman,19,2,42,0,-3,801,230,0.2,a,,,1443,33,0.54,0.24,0.78
606,Mavropanos,19,2,44,0,-1,231,80,0.1,a,100.0,,911,31,0.67,0.29,0.96
607,N.Aguerd,19,2,44,0,-1,0,2,0.0,u,0.0,has joined Marseille permanently.,180,3,0.1,0.03,0.13
608,Scarles,19,2,43,0,-2,336,42,0.0,a,100.0,,312,7,0.18,0.14,0.32
609,Todibo,19,2,43,0,-2,110,227,0.1,d,,Knock - 75% chance of playing,1161,23,0.05,0.28,0.33
610,Wan-Bissaka,19,2,42,0,-3,31,2078,4.1,n,0.0,On international duty at the Africa Cup of Nations from Gameweek 17 onwards. - Unknown return date,1011,25,0.0,0.5,0.5
611,Casey,19,2,40,0,0,0,12,0.1,u,0.0,Has joined Swansea City on loan for the rest of the season.,0,0,0.0,0.0,0.0
612,L.Paquetá,19,3,59,0,-1,21712,1755,1.7,a,100.0,,1451,67,2.85,2.01,4.86
613,Souček,19,3,57,0,-3,112,145,0.2,a,100.0,,581,35,2.28,0.03,2.31
614,Ward-Prowse,19,3,56,0,-4,93,77,0.2,a,,,414,11,0.13,0.91,1.04
615,Summerville,19,3,55,0,0,192,192,0.1,a,100.0,,957,32,1.82,0.56,2.38
616,Álvarez,19,3,49,0,-1,0,4,0.0,u,0.0,Has joined Fenerbahçe on loan for the rest of the season.,0,0,0.0,0.0,0.0
617,Cornet,19,3,49,0,-1,0,1,0.0,u,0.0,has joined Genoa on loan for the rest of the season.,0,0,0.0,0.0,0.0
618,G.Rodriguez,19,3,48,0,-2,12,19,0.0,a,,,164,7,0.03,0.04,0.07
619,L.Guilherme,19,3,49,0,-1,5,8,0.0,a,100.0,,121,5,0.07,0.03,0.1
620,Earthy,19,3,45,0,0,19,13,0.0,a,100.0,,8,1,0.0,0.01,0.01
621,Irving,19,3,43,0,-2,342,183,0.3,a,,,156,9,0.0,0.17,0.17
622,Orford,19,3,44,0,-1,0,9,0.1,u,0.0,has joined Stevenage on loan for the rest of the season.,0,0,0.0,0.0,0.0
623,Potts,19,3,44,0,-1,1740,672,0.8,a,100.0,,912,27,0.21,0.37,0.58
624,Bowen,19,4,76,0,-4,35243,4829,7.5,a,,,1710,84,4.29,1.4,5.69
625,Füllkrug,19,4,56,0,-4,104,169,0.6,a,100.0,,407,12,0.93,0.21,1.14
626,Marshall,19,4,43,0,-2,172,295,0.6,a,,,58,2,0.13,0.0,0.13
659,Walker-Peters,19,2,42,0,-3,702,246,0.3,a,,,772,27,1.1,0.17,1.27
671,Wilson,19,4,58,0,-2,1545,1116,0.7,a,,,713,50,3.39,0.12,3.51
679,Hermansen,19,1,43,0,-2,11,37,0.2,a,,,360,9,0.0,0.01,0.01
708,M.Fernandes,19,3,55,0,0,1102,533,0.2,a,,,1324,59,0.94,1.04,1.98
718,S.Magassa,19,3,50,0,0,271,91,0.0,a,,,687,32,0.29,0.27,0.56
738,Fabianski,19,1,45,0,0,132,41,0.0,a,100.0,,0,0,0.0,0.0,0.0
747,Mayers,19,2,40,0,0,25,37,0.0,a,,,40,3,0.12,0.35,0.47
752,Golambeckis,19,2,40,0,0,14,16,0.0,a,,,0,0,0.0,0.0,0.0
758,Mohamadou Kanté,19,3,45,0,0,21,26,0.0,a,,,16,3,0.03,0.02,0.05
627,Johnstone,20,1,44,0,-1,88,87,0.1,a,,,1080,21,0.0,0.02,0.02
628,José Sá,20,1,42,0,-3,502,302,1.0,a,,,630,12,0.0,0.03,0.03
629,Bentley,20,1,39,0,-1,76,135,0.5,d,25.0,Ankle injury - 25% chance of playing,0,0,0.0,0.0,0.0
631,Agbadou,20,2,43,0,-2,2,60,0.1,n,0.0,On international duty at the Africa Cup of Nations from Gameweek 17 onwards. - Unknown return date,1010,20,0.5,0.35,0.85
632,Doherty,20,2,44,0,-1,101,24,0.1,a,100.0,,599,11,0.09,0.19,0.28
633,H.Bueno,20,2,43,0,-2,184,27,0.1,a,100.0,,978,30,0.25,1.2,1.45
634,Mosquera,20,2,43,0,-2,64,29,0.0,a,75.0,,686,9,0.64,0.2,0.84
635,R.Gomes,20,2,44,0,-1,0,18,0.1,i,0.0,Groin Injury - Expected back 17 Jan,331,13,0.95,0.22,1.17
636,S.Bueno,20,2,44,0,-1,18,90,0.1,d,75.0,Knock - 75% chance of playing,844,35,1.55,0.46,2.01
637,Toti,20,2,42,0,-3,3,87,0.1,i,0.0,Hamstring injury - Unknown return date,949,20,0.04,0.21,0.25
638,Hoever,20,2,38,0,-2,1782,1238,1.3,a,100.0,,423,10,0.02,0.36,0.38
639,Meupiyou,20,2,40,0,0,0,0,0.0,u,0.0,On loan to FC Alverca,0,0,0.0,0.0,0.0
640,Pedro Lima,20,2,40,0,0,0,114,0.4,u,0.0,has joined Porto on loan for the rest of the season.,0,0,0.0,0.0,0.0
641,Pond,20,2,39,0,-1,79,365,1.2,a,,,0,0,0.0,0.0,0.0
642,Hee Chan,20,3,56,0,-4,227,63,0.1,a,100.0,,729,24,1.22,0.36,1.58
643,André,20,3,53,0,-2,11,69,0.1,s,0.0,Suspended until 03 Jan,1333,45,0.17,0.58,0.75
644,Bellegarde,20,3,52,0,-3,1,13,0.0,i,0.0,Hamstring injury - Expected back 24 Jan,685,25,0.73,0.58,1.31
645,Fer López,20,3,52,0,-3,10,11,0.0,a,100.0,,228,12,0.16,0.61,0.77
646,Gomes,20,3,53,0,-2,251,50,0.1,a,100.0,,1459,44,0.63,0.63,1.26
647,Guedes,20,3,55,0,0,0,0,0.0,u,0.0,Has joined Real Sociedad permanently.,0,0,0.0,0.0,0.0
648,Munetsi,20,3,53,0,-2,2,22,0.0,i,0.0,Calf injury - Expected back 18 Jan,872,38,1.64,0.38,2.02
649,B.Traore,20,3,50,0,0,0,0,0.0,u,0.0,Has joined FC Metz on loan for the rest of the season.,0,0,0.0,0.0,0.0
650,Chirewa,20,3,43,0,-2,24,133,0.2,d,0.0,International Duty - 75% chance of playing,21,1,0.0,0.0,0.0
651,Edozie,20,3,43,0,-2,290,267,0.4,a,,,0,0,0.0,0.0,0.0
652,Gonzalez,20,3,43,0,-2,1288,946,1.4,a,,,0,0,0.0,0.0,0.0
653,Hodge,20,3,45,0,0,0,6,0.0,u,0.0,Signed by CD Tondela,0,0,0.0,0.0,0.0
654,Strand Larsen,20,4,61,0,-4,336,431,0.9,a,100.0,,1256,31,2.69,0.43,3.12
655,Fábio Silva,20,4,49,0,-1,0,22,0.2,u,0.0,has joined Borussia Dortmund permanently.,0,0,0.0,0.0,0.0
656,Kalajdžić,20,4,49,0,-1,0,5,0.1,u,0.0,has joined LASK on loan for the rest of the season.,14,1,0.0,0.01,0.01
657,Chiwome,20,4,44,0,-1,8,14,0.0,i,0.0,Knee injury - Unknown return date,0,0,0.0,0.0,0.0
658,Fraser,20,4,43,0,-2,468,843,1.7,a,,,0,0,0.0,0.0,0.0
663,J.Arias,20,3,49,0,-6,152,34,0.1,a,,,908,32,2.81,0.48,3.29
682,Møller Wolfe,20,2,43,0,-2,18,29,0.1,a,,,701,19,0.13,0.97,1.1
695,Tchatchoua,20,2,44,0,-1,42,21,0.0,a,,,921,23,0.26,0.95,1.21
709,Krejčí,20,2,45,0,0,564,52,0.0,a,100.0,,1233,32,1.79,1.15,2.94
720,Tolu,20,4,54,0,-1,342,96,0.1,a,,,489,28,1.08,0.15,1.23
749,Mané,20,4,45,0,0,1692,503,0.2,a,,,271,13,0.14,0.32,0.46
766,Olagunju,20,2,40,0,0,23,11,0.0,a,,,0,0,0.0,0.0,0.0
767,Rawlings,20,3,45,0,0,32,9,0.0,a,,,0,0,0.0,0.0,0.0
777,Ojinnaka,20,3,45,0,0,7,2,0.0,a,,,0,0,0.0,0.0,0.0
778,Sutherland,20,3,45,0,0,27,7,0.0,a,,,0,0,0.0,0.0,0.0
