id,web_name,team,position,now_cost,ownership,NTI_1h,NTI_24h,momentum,status,price_freeze,forecast,risk_up,risk_down,eta_window
1,Raya,1,1,60,34.7,15289.0,19791.0,up,a,0,stable,0.0,0.0,48h+
2,Arrizabalaga,1,1,41,0.4,-41.0,-60.0,down,a,0,stable,0.0,0.0,48h+
3,Hein,1,1,40,0.2,-22.0,-28.0,down,u,1,stable,0.0,0.0,48h+
4,Setford,1,1,39,0.2,-34.0,-58.0,down,a,0,stable,0.0,0.0,48h+
5,Gabriel,1,2,72,43.7,14794.0,19327.0,up,a,0,stable,0.0,0.0,48h+
6,Saliba,1,2,61,13.4,-1553.0,-1914.0,down,a,0,stable,0.0,0.0,48h+
7,Calafiori,1,2,56,6.0,-1400.0,-1792.0,down,a,0,stable,0.0,0.0,48h+
8,J.Timber,1,2,63,28.7,17698.0,22798.0,up,a,0,stable,0.0,0.0,48h+
9,Kiwior,1,2,54,0.0,-1.0,-1.0,down,u,1,stable,0.0,0.0,48h+
10,Lewis-Skelly,1,2,51,1.4,-99.0,-122.0,down,a,0,stable,0.0,0.0,48h+
11,White,1,2,51,0.5,-69.0,-82.0,down,a,1,stable,0.0,0.0,48h+
13,Clarke,1,2,38,0.4,-67.0,-95.0,down,a,0,stable,0.0,0.0,48h+
14,Kacurri,1,2,39,0.1,-3.0,-7.0,down,u,1,stable,0.0,0.0,48h+
15,Nichols,1,2,37,0.2,64.0,60.0,up,a,0,stable,0.0,0.0,48h+
16,Saka,1,3,98,8.2,7260.0,9448.0,up,a,0,stable,0.0,0.0,48h+
17,Ødegaard,1,3,78,1.6,-853.0,-1118.0,down,d,1,stable,0.0,0.0,48h+
18,Madueke,1,3,68,0.9,-1763.0,-2153.0,down,a,0,stable,0.0,0.0,48h+
19,Martinelli,1,3,68,0.9,-8.0,-4.0,down,a,0,stable,0.0,0.0,48h+
20,Trossard,1,3,66,0.9,-5010.0,-6158.0,down,d,1,stable,0.0,0.0,48h+
21,Rice,1,3,74,29.9,-12769.0,-15106.0,down,a,0,stable,0.0,0.0,48h+
22,Merino,1,3,54,0.8,-350.0,-481.0,down,i,1,stable,0.0,0.0,48h+
23,Fábio Vieira,1,3,54,0.0,-1.0,-1.0,down,u,1,stable,0.0,0.0,48h+
24,Nørgaard,1,3,51,0.1,-12.0,-17.0,down,a,0,stable,0.0,0.0,48h+
25,Nwaneri,1,3,50,0.1,-8.0,-10.0,down,u,1,stable,0.0,0.0,48h+
26,Zubimendi,1,3,52,4.3,-11613.0,-14553.0,down,a,0,stable,0.0,0.0,48h+
28,Kabia,1,3,45,0.1,-5.0,-5.0,down,u,1,stable,0.0,0.0,48h+
29,Sambi,1,3,45,0.0,-1.0,-1.0,down,u,1,stable,0.0,0.0,48h+
30,Havertz,1,4,73,0.5,457.0,623.0,up,a,0,stable,0.0,0.0,48h+
31,G.Jesus,1,4,64,0.4,-886.0,-1108.0,down,a,0,stable,0.0,0.0,48h+
266,Eze,1,3,72,8.1,1690.0,2047.0,up,a,0,stable,0.0,0.0,48h+
662,Mosquera,1,2,53,0.1,59.0,95.0,up,a,0,stable,0.0,0.0,48h+
666,Gyökeres,1,4,88,12.0,-11344.0,-14249.0,down,a,0,stable,0.0,0.0,48h+
700,Dowman,1,3,42,0.5,1072.0,1348.0,up,a,0,stable,0.0,0.0,48h+
711,Harriman-Annous,1,3,44,0.0,6.0,2.0,up,a,0,stable,0.0,0.0,48h+
725,Hincapie,1,2,51,0.9,3061.0,4006.0,up,a,0,stable,0.0,0.0,48h+
759,Salmon,1,2,40,0.0,-1.0,0.0,down,a,0,stable,0.0,0.0,48h+
32,Martinez,2,1,51,4.4,-4630.0,-5656.0,down,a,0,stable,0.0,0.0,48h+
33,M.Bizot,2,1,42,0.4,-35.0,-41.0,down,a,0,stable,0.0,0.0,48h+
34,Gauci,2,1,40,0.1,-7.0,-13.0,down,u,1,stable,0.0,0.0,48h+
35,Marschall,2,1,40,0.0,0.0,0.0,flat,u,1,stable,0.0,0.0,48h+
36,Cash,2,2,48,9.0,-38116.0,-47410.0,down,d,1,stable,0.0,0.0,48h+
37,Digne,2,2,45,1.5,-744.0,-928.0,down,a,0,stable,0.0,0.0,48h+
38,Konsa,2,2,44,7.9,-3537.0,-4383.0,down,a,0,stable,0.0,0.0,48h+
39,Maatsen,2,2,42,0.6,-444.0,-565.0,down,a,0,stable,0.0,0.0,48h+
40,Mings,2,2,43,0.7,-295.0,-377.0,down,a,0,stable,0.0,0.0,48h+
41,Pau,2,2,43,0.3,-68.0,-96.0,down,a,0,stable,0.0,0.0,48h+
42,A.García,2,2,39,0.2,-14.0,-19.0,down,a,0,stable,0.0,0.0,48h+
43,Alex Moreno,2,2,40,1.6,-126.0,-160.0,down,u,1,stable,0.0,0.0,48h+
44,Bogarde,2,2,40,0.5,-43.0,-71.0,down,a,0,stable,0.0,0.0,48h+
45,Sousa,2,2,38,0.3,-89.0,-112.0,down,u,1,stable,0.0,0.0,48h+
46,Yasin,2,2,40,0.1,-8.0,-11.0,down,u,1,stable,0.0,0.0,48h+
47,Rogers,2,3,75,25.1,-94908.0,-117296.0,down,a,0,stable,0.0,0.0,12–24h
48,Tielemans,2,3,59,0.6,-152.0,-198.0,down,i,1,stable,0.0,0.0,48h+
49,Bailey,2,3,55,0.1,71.0,90.0,up,a,0,stable,0.0,0.0,48h+
50,Buendía,2,3,53,0.4,-1256.0,-1553.0,down,a,0,stable,0.0,0.0,48h+
51,Iling Jr,2,3,55,0.0,0.0,-1.0,flat,u,1,stable,0.0,0.0,48h+
53,Malen,2,3,51,0.4,-78.0,-108.0,down,u,1,stable,0.0,0.0,48h+
54,McGinn,2,3,53,0.5,132.0,177.0,up,a,1,stable,0.0,0.0,48h+
55,Barkley,2,3,48,0.0,9.0,13.0,up,a,0,stable,0.0,0.0,48h+
56,Barrenechea,2,3,50,0.0,0.0,0.0,flat,u,1,stable,0.0,0.0,48h+
57,Dobbin,2,3,50,0.0,-2.0,-2.0,down,u,1,stable,0.0,0.0,48h+
58,Kamara,2,3,49,0.2,-109.0,-139.0,down,i,1,stable,0.0,0.0,48h+
59,Onana,2,3,48,0.7,-195.0,-232.0,down,a,0,stable,0.0,0.0,48h+
60,Broggio,2,3,44,0.3,-44.0,-58.0,down,u,1,stable,0.0,0.0,48h+
61,Dendoncker,2,3,45,0.1,-3.0,-3.0,down,u,1,stable,0.0,0.0,48h+
62,Jimoh-Aloba,2,3,45,0.1,-16.0,-20.0,down,u,1,stable,0.0,0.0,48h+
63,Young,2,3,43,0.5,-253.0,-326.0,down,u,1,stable,0.0,0.0,48h+
64,Watkins,2,4,85,7.8,-10403.0,-13195.0,down,a,0,stable,0.0,0.0,48h+
65,Redmond,2,4,45,0.3,-11.0,-15.0,down,u,1,stable,0.0,0.0,48h+
389,Elliott,2,3,51,0.2,5.0,0.0,up,a,1,stable,0.0,0.0,48h+
456,Sancho,2,3,58,0.2,-392.0,-516.0,down,n,0,stable,0.0,0.0,48h+
688,Wright,2,1,39,0.6,-15.0,-22.0,down,a,0,stable,0.0,0.0,48h+
699,Douglas Luiz,2,3,49,0.1,101.0,138.0,up,a,0,stable,0.0,0.0,48h+
701,Rowe,2,2,40,0.1,-2.0,-3.0,down,u,1,stable,0.0,0.0,48h+
702,Burrowes,2,3,44,0.1,4.0,7.0,up,a,0,stable,0.0,0.0,48h+
703,Proctor,2,1,39,0.6,25.0,17.0,up,a,0,stable,0.0,0.0,48h+
710,Patterson,2,2,39,0.2,-22.0,-30.0,down,a,0,stable,0.0,0.0,48h+
719,Lindelöf,2,2,45,0.1,-46.0,-58.0,down,a,0,stable,0.0,0.0,48h+
754,George Hemmings,2,3,45,0.0,0.0,-1.0,flat,a,0,stable,0.0,0.0,48h+
757,Hollingshead,2,1,40,0.0,6.0,5.0,up,a,0,stable,0.0,0.0,48h+
768,Leon Routh,2,2,40,0.0,-1.0,0.0,down,a,0,stable,0.0,0.0,48h+
781,Carroll,2,2,40,0.0,4.0,6.0,up,a,0,stable,0.0,0.0,48h+
792,Alysson,2,3,50,0.0,2.0,3.0,up,a,0,stable,0.0,0.0,48h+
808,Abraham,2,4,60,0.3,-1970.0,-2518.0,down,a,0,stable,0.0,0.0,48h+
183,Weiss,3,1,43,0.1,5.0,6.0,up,a,0,stable,0.0,0.0,48h+
184,Green,3,1,40,0.2,-24.0,-33.0,down,u,1,stable,0.0,0.0,48h+
185,Hladký,3,1,39,0.2,-23.0,-32.0,down,a,0,stable,0.0,0.0,48h+
186,Roberts,3,2,43,0.0,4.0,0.0,up,i,1,stable,0.0,0.0,48h+
187,Walker,3,2,44,1.1,178.0,223.0,up,a,0,stable,0.0,0.0,48h+
188,Delcroix,3,2,38,0.2,-69.0,-93.0,down,u,1,stable,0.0,0.0,48h+
189,Dodgson,3,2,40,0.0,-1.0,-1.0,down,u,1,stable,0.0,0.0,48h+
190,Ekdal,3,2,38,0.8,-231.0,-290.0,down,a,0,stable,0.0,0.0,48h+
191,Estève,3,2,39,7.8,-1146.0,-1471.0,down,a,0,stable,0.0,0.0,48h+
192,Hartman,3,2,40,0.6,-362.0,-443.0,down,a,0,stable,0.0,0.0,48h+
193,Humphreys,3,2,39,0.1,-55.0,-80.0,down,a,0,stable,0.0,0.0,48h+
194,Jordan,3,2,39,0.1,-8.0,-10.0,down,i,1,stable,0.0,0.0,48h+
195,Lucas Pires,3,2,38,0.3,-86.0,-113.0,down,a,0,stable,0.0,0.0,48h+
196,Sambo,3,2,40,0.0,-1.0,-2.0,down,u,1,stable,0.0,0.0,48h+
197,Sonne,3,2,38,0.2,-152.0,-209.0,down,u,1,stable,0.0,0.0,48h+
198,Tuanzebe,3,2,39,0.9,-384.0,-500.0,down,i,1,stable,0.0,0.0,48h+
199,Worrall,3,2,38,0.2,588.0,715.0,up,a,0,stable,0.0,0.0,48h+
200,Anthony,3,3,50,2.0,2827.0,3991.0,up,a,0,stable,0.0,0.0,48h+
201,Benson,3,3,54,0.0,0.0,0.0,flat,u,1,stable,0.0,0.0,48h+
202,Bruun Larsen,3,3,53,0.0,-5.0,-7.0,down,a,0,stable,0.0,0.0,48h+
203,Boateng,3,3,47,0.0,15.0,20.0,up,a,0,stable,0.0,0.0,48h+
204,Churlinov,3,3,49,0.0,0.0,0.0,flat,u,1,stable,0.0,0.0,48h+
205,Cullen,3,3,49,0.8,-261.0,-329.0,down,i,1,stable,0.0,0.0,48h+
206,Edwards,3,3,47,0.1,-311.0,-403.0,down,d,1,stable,0.0,0.0,48h+
207,Hannibal,3,3,47,0.2,576.0,771.0,up,a,0,stable,0.0,0.0,48h+
208,Koleosho,3,3,50,0.0,0.0,0.0,flat,u,1,stable,0.0,0.0,48h+
209,Laurent,3,3,48,0.0,-5.0,-13.0,down,a,0,stable,0.0,0.0,48h+
210,Tchaouna,3,3,49,0.0,4.0,4.0,up,a,0,stable,0.0,0.0,48h+
211,A.Ramsey,3,3,44,1.4,-104.0,-136.0,down,u,1,stable,0.0,0.0,48h+
212,Adewumi,3,3,45,0.0,0.0,0.0,flat,u,1,stable,0.0,0.0,48h+
213,Banel,3,3,45,0.0,-7.0,-10.0,down,u,1,stable,0.0,0.0,48h+
214,Trésor,3,3,43,0.1,42.0,42.0,up,d,1,stable,0.0,0.0,48h+
215,Flemming,3,4,53,0.3,-1272.0,-1714.0,down,d,1,stable,0.0,0.0,48h+
216,Amdouni,3,4,48,0.0,15.0,32.0,up,i,1,stable,0.0,0.0,48h+
217,Foster,3,4,49,0.8,465.0,661.0,up,a,0,stable,0.0,0.0,48h+
218,Barnes,3,4,42,1.4,-633.0,-760.0,down,a,0,stable,0.0,0.0,48h+
219,Obafemi,3,4,44,0.1,-9.0,-12.0,down,u,1,stable,0.0,0.0,48h+
470,Dúbravka,3,1,40,32.1,-2555.0,-3237.0,down,a,0,stable,0.0,0.0,48h+
614,Ward-Prowse,3,3,56,0.2,29.0,27.0,up,a,0,stable,0.0,0.0,48h+
676,Ugochukwu,3,3,50,0.1,-55.0,-66.0,down,a,0,stable,0.0,0.0,48h+
680,Broja,3,4,52,0.2,-155.0,-201.0,down,d,1,stable,0.0,0.0,48h+
722,Florentino,3,3,50,0.0,-19.0,-32.0,down,a,0,stable,0.0,0.0,48h+
776,Pimlott,3,3,45,0.0,-8.0,-12.0,down,a,0,stable,0.0,0.0,48h+
784,Brierley,3,3,45,0.0,-2.0,-3.0,down,a,0,stable,0.0,0.0,48h+
820,McMahon-Brown,3,3,45,0.0,11.0,16.0,up,a,0,stable,0.0,0.0,48h+
66,Neto,4,1,45,0.1,-7.0,-8.0,down,u,1,stable,0.0,0.0,48h+
67,Petrović,4,1,45,5.1,10812.0,14221.0,up,a,0,stable,0.0,0.0,48h+
68,Dennis,4,1,40,0.7,-149.0,-203.0,down,u,1,stable,0.0,0.0,48h+
69,McKenna,4,1,39,0.3,37.0,23.0,up,a,0,stable,0.0,0.0,48h+
70,Paulsen,4,1,40,0.1,-10.0,-14.0,down,u,1,stable,0.0,0.0,48h+
71,Zabarnyi,4,2,50,0.0,0.0,0.0,flat,u,1,stable,0.0,0.0,48h+
72,Senesi,4,2,50,18.0,48305.0,59787.0,up,a,0,stable,0.0,0.0,48h+
73,Smith,4,2,44,0.2,31.0,55.0,up,a,0,stable,0.0,0.0,48h+
74,Truffert,4,2,46,2.6,12505.0,16373.0,up,a,0,stable,0.0,0.0,48h+
75,Akinmboni,4,2,38,0.2,16.0,22.0,up,a,0,stable,0.0,0.0,48h+
76,Bevan,4,2,38,0.2,-27.0,-40.0,down,a,0,stable,0.0,0.0,48h+
77,Hill,4,2,42,7.6,16755.0,21223.0,up,a,0,stable,0.0,0.0,48h+
78,J.Araujo,4,2,38,0.5,-126.0,-163.0,down,u,1,stable,0.0,0.0,48h+
79,Mepham,4,2,40,0.1,-6.0,-9.0,down,u,1,stable,0.0,0.0,48h+
80,Soler,4,2,40,0.2,-53.0,-59.0,down,i,1,stable,0.0,0.0,48h+
81,Kluivert,4,3,69,0.6,-63.0,-95.0,down,i,1,stable,0.0,0.0,48h+
84,Tavernier,4,3,53,2.0,25929.0,31580.0,up,a,0,stable,0.0,0.0,48h+
85,Adams,4,3,49,0.3,287.0,361.0,up,a,0,stable,0.0,0.0,48h+
86,Brooks,4,3,50,0.2,1.0,-5.0,up,a,0,stable,0.0,0.0,48h+
87,Christie,4,3,49,0.1,33.0,40.0,up,a,0,stable,0.0,0.0,48h+
88,Cook,4,3,49,0.0,-85.0,-107.0,down,i,1,stable,0.0,0.0,48h+
89,Philip,4,3,49,0.0,0.0,0.0,flat,u,1,stable,0.0,0.0,48h+
90,Scott,4,3,51,1.3,-828.0,-1042.0,down,a,0,stable,0.0,0.0,48h+
91,Sinisterra,4,3,50,0.0,-1.0,-1.0,down,u,1,stable,0.0,0.0,48h+
92,Faivre,4,3,45,0.1,-9.0,-10.0,down,u,1,stable,0.0,0.0,48h+
93,H.Traorè,4,3,45,0.3,-20.0,-24.0,down,u,1,stable,0.0,0.0,48h+
94,Sadi,4,3,45,0.0,-3.0,-4.0,down,u,1,stable,0.0,0.0,48h+
95,Silcott-Duberry,4,3,44,0.1,-6.0,-8.0,down,u,1,stable,0.0,0.0,48h+
96,Winterburn,4,3,45,0.0,-2.0,-2.0,down,u,1,stable,0.0,0.0,48h+
97,Evanilson,4,4,68,2.2,3226.0,4118.0,up,a,0,stable,0.0,0.0,48h+
98,Enes Ünal,4,4,54,0.0,-3.0,-12.0,down,a,0,stable,0.0,0.0,48h+
99,Adu-Adjei,4,4,44,0.1,-9.0,-12.0,down,u,1,stable,0.0,0.0,48h+
100,Kroupi.Jr,4,4,47,6.6,-13869.0,-17733.0,down,a,0,stable,0.0,0.0,48h+
391,Gannon-Doak,4,3,48,0.0,0.0,-2.0,flat,i,1,stable,0.0,0.0,48h+
685,Diakité,4,2,42,0.3,-79.0,-107.0,down,a,0,stable,0.0,0.0,48h+
687,Rees-Dottin,4,3,43,0.2,32.0,52.0,up,a,0,stable,0.0,0.0,48h+
697,Adli,4,3,54,0.5,-3039.0,-3783.0,down,a,0,stable,0.0,0.0,48h+
713,A.Jimenez,4,2,45,0.3,1489.0,1871.0,up,a,0,stable,0.0,0.0,48h+
721,Milosavljević,4,2,44,0.0,4.0,3.0,up,a,0,stable,0.0,0.0,48h+
756,DaCosta,4,3,45,0.0,1.0,3.0,up,a,0,stable,0.0,0.0,48h+
782,Forster,4,1,40,0.0,7.0,14.0,up,a,0,stable,0.0,0.0,48h+
799,Stevens,4,3,45,0.0,4.0,1.0,up,a,0,stable,0.0,0.0,48h+
801,Tóth.A,4,3,49,0.0,-3.0,-3.0,down,a,0,stable,0.0,0.0,48h+
806,Mandas,4,1,40,0.0,1.0,3.0,up,a,0,stable,0.0,0.0,48h+
807,Rayan,4,3,56,2.6,-1862.0,-2472.0,down,a,0,stable,0.0,0.0,48h+
27,Nelson,5,3,48,0.1,-15.0,-19.0,down,d,1,stable,0.0,0.0,48h+
83,O.Dango,5,3,60,3.6,7892.0,9051.0,up,a,0,stable,0.0,0.0,48h+
101,Kelleher,5,1,48,12.8,44855.0,56754.0,up,a,0,stable,0.0,0.0,48h+
102,Balcombe,5,1,39,0.3,-34.0,-49.0,down,a,0,stable,0.0,0.0,48h+
103,Cox,5,1,39,0.1,-54.0,-64.0,down,u,1,stable,0.0,0.0,48h+
104,Eyestone,5,1,39,0.1,-27.0,-32.0,down,a,0,stable,0.0,0.0,48h+
105,Valdimarsson,5,1,39,0.6,-84.0,-130.0,down,a,0,stable,0.0,0.0,48h+
106,Collins,5,2,49,2.7,5485.0,6702.0,up,a,0,stable,0.0,0.0,48h+
107,Lewis-Potter,5,2,48,1.6,-312.0,-491.0,down,a,0,stable,0.0,0.0,48h+
108,Ajer,5,2,44,0.3,564.0,607.0,up,a,0,stable,0.0,0.0,48h+
109,Henry,5,2,43,0.2,-1158.0,-1481.0,down,i,1,stable,0.0,0.0,48h+
110,Kayode,5,2,45,0.8,3486.0,4179.0,up,a,0,stable,0.0,0.0,48h+
111,Pinnock,5,2,42,0.1,2.0,7.0,up,a,0,stable,0.0,0.0,48h+
112,Roerslev,5,2,45,0.0,0.0,0.0,flat,u,1,stable,0.0,0.0,48h+
113,Van den Berg,5,2,45,1.3,12014.0,14802.0,up,a,0,stable,0.0,0.0,48h+
114,Arthur,5,2,38,0.2,-47.0,-62.0,down,u,1,stable,0.0,0.0,48h+
115,Fredrick,5,2,40,0.1,-4.0,-5.0,down,u,1,stable,0.0,0.0,48h+
116,Hickey,5,2,40,0.4,-558.0,-717.0,down,i,1,stable,0.0,0.0,48h+
117,Ji-soo,5,2,39,0.1,-10.0,-13.0,down,u,1,stable,0.0,0.0,48h+
118,Meghoma,5,2,40,0.0,-3.0,-5.0,down,u,1,stable,0.0,0.0,48h+
120,Schade,5,3,69,1.9,8495.0,10248.0,up,a,0,stable,0.0,0.0,48h+
121,Damsgaard,5,3,56,0.9,7190.0,9043.0,up,a,0,stable,0.0,0.0,48h+
122,Milambo,5,3,52,0.0,-1.0,-3.0,down,i,1,stable,0.0,0.0,48h+
123,Carvalho,5,3,47,0.1,-7.0,-11.0,down,i,1,stable,0.0,0.0,48h+
124,Henderson,5,3,50,0.3,-37.0,-58.0,down,a,0,stable,0.0,0.0,48h+
125,Janelt,5,3,49,0.2,-1438.0,-1838.0,down,i,1,stable,0.0,0.0,48h+
126,Jensen,5,3,49,0.1,3.0,-7.0,up,a,0,stable,0.0,0.0,48h+
127,Nunes,5,3,49,0.0,-3.0,-4.0,down,u,1,stable,0.0,0.0,48h+
128,Onyeka,5,3,48,0.0,-7.0,-7.0,down,u,1,stable,0.0,0.0,48h+
129,Yarmoliuk,5,3,50,0.1,-60.0,-80.0,down,a,0,stable,0.0,0.0,48h+
130,Donovan,5,3,44,0.1,29.0,37.0,up,a,0,stable,0.0,0.0,48h+
131,Konak,5,3,43,0.1,-57.0,-71.0,down,u,1,stable,0.0,0.0,48h+
132,Maghoma,5,3,45,0.0,-7.0,-11.0,down,u,1,stable,0.0,0.0,48h+
133,Peart-Harris,5,3,44,0.0,-5.0,-7.0,down,u,1,stable,0.0,0.0,48h+
134,Trevitt,5,3,45,0.0,0.0,0.0,flat,u,1,stable,0.0,0.0,48h+
136,Thiago,5,4,72,34.9,33093.0,40467.0,up,a,0,stable,0.0,0.0,48h+
137,Morgan,5,4,44,0.3,-54.0,-67.0,down,u,1,stable,0.0,0.0,48h+
748,Dasilva,5,3,49,0.0,-3.0,-4.0,down,i,1,stable,0.0,0.0,48h+
797,Furo,5,4,45,0.0,-2.0,-9.0,down,a,0,stable,0.0,0.0,48h+
810,Bentt,5,3,45,0.0,0.0,2.0,flat,a,0,stable,0.0,0.0,48h+
819,Shield,5,2,40,0.0,15.0,19.0,up,a,0,stable,0.0,0.0,48h+
138,Steele,6,1,42,0.2,2.0,9.0,up,a,0,stable,0.0,0.0,48h+
139,Verbruggen,6,1,45,5.4,1753.0,2321.0,up,a,0,stable,0.0,0.0,48h+
140,McGill,6,1,39,0.3,-9.0,4.0,down,a,0,stable,0.0,0.0,48h+
141,Rushworth,6,1,40,0.0,-1.0,-1.0,down,u,1,stable,0.0,0.0,48h+
142,Scherpen,6,1,40,0.0,0.0,0.0,flat,u,1,stable,0.0,0.0,48h+
143,Boscagli,6,2,42,0.1,17.0,31.0,up,a,0,stable,0.0,0.0,48h+
144,Coppola,6,2,42,0.0,-13.0,-14.0,down,u,1,stable,0.0,0.0,48h+
145,De Cuyper,6,2,43,1.7,-781.0,-978.0,down,a,0,stable,0.0,0.0,48h+
146,Dunk,6,2,45,1.0,400.0,491.0,up,a,0,stable,0.0,0.0,48h+
147,Estupiñan,6,2,45,0.0,-1.0,-1.0,down,u,1,stable,0.0,0.0,48h+
148,F.Kadıoğlu,6,2,44,0.3,1010.0,1354.0,up,a,0,stable,0.0,0.0,48h+
149,Igor,6,2,45,0.1,15.0,20.0,up,a,0,stable,0.0,0.0,48h+
150,Lamptey,6,2,44,0.1,-4.0,-6.0,down,u,1,stable,0.0,0.0,48h+
151,Van Hecke,6,2,44,4.0,7595.0,9545.0,up,a,0,stable,0.0,0.0,48h+
152,Veltman,6,2,43,0.1,-10.0,-17.0,down,a,0,stable,0.0,0.0,48h+
153,Webster,6,2,44,0.0,4.0,5.0,up,i,1,stable,0.0,0.0,48h+
154,Cashin,6,2,40,0.0,0.0,0.0,flat,u,1,stable,0.0,0.0,48h+
155,Slater,6,2,40,0.1,-6.0,-7.0,down,u,1,stable,0.0,0.0,48h+
156,Tasker,6,2,38,0.2,4.0,8.0,up,a,0,stable,0.0,0.0,48h+
157,Mitoma,6,3,61,1.9,-1969.0,-2453.0,down,d,1,stable,0.0,0.0,48h+
158,Georginio,6,3,56,0.3,61.0,134.0,up,a,0,stable,0.0,0.0,48h+
159,March,6,3,58,0.0,59.0,75.0,up,a,0,stable,0.0,0.0,48h+
160,Minteh,6,3,55,1.8,-855.0,-1047.0,down,a,0,stable,0.0,0.0,48h+
161,Enciso,6,3,54,0.0,-1.0,-2.0,down,u,1,stable,0.0,0.0,48h+
162,Gruda,6,3,54,0.0,-12.0,-15.0,down,u,1,stable,0.0,0.0,48h+
163,Hinshelwood,6,3,51,0.1,138.0,177.0,up,a,0,stable,0.0,0.0,48h+
164,O'Riley,6,3,55,0.3,15.0,13.0,up,a,0,stable,0.0,0.0,48h+
165,Sima,6,3,54,0.0,0.0,0.0,flat,u,1,stable,0.0,0.0,48h+
166,Ayari,6,3,48,0.4,-112.0,-150.0,down,a,0,stable,0.0,0.0,48h+
167,Baleba,6,3,45,1.5,297.0,303.0,up,a,0,stable,0.0,0.0,48h+
169,Gomez,6,3,49,0.3,4207.0,4987.0,up,a,0,stable,0.0,0.0,48h+
170,Milner,6,3,49,0.1,5.0,4.0,up,a,0,stable,0.0,0.0,48h+
171,Sarmiento,6,3,49,0.0,0.0,0.0,flat,u,1,stable,0.0,0.0,48h+
172,Watson,6,3,48,0.0,-2.0,-3.0,down,u,1,stable,0.0,0.0,48h+
173,Wieffer,6,3,49,0.1,54.0,79.0,up,a,0,stable,0.0,0.0,48h+
174,Yalcouye,6,3,50,0.0,0.0,0.0,flat,u,1,stable,0.0,0.0,48h+
175,Knight,6,3,44,0.1,-16.0,-21.0,down,u,1,stable,0.0,0.0,48h+
176,Mazilu,6,3,45,0.0,-1.0,-1.0,down,u,1,stable,0.0,0.0,48h+
177,Moran,6,3,45,0.0,-1.0,-1.0,down,u,1,stable,0.0,0.0,48h+
178,Welbeck,6,4,61,3.9,5481.0,6880.0,up,a,0,stable,0.0,0.0,48h+
179,Ferguson,6,4,55,0.0,0.0,0.0,flat,u,1,stable,0.0,0.0,48h+
180,Tzimas,6,4,52,0.1,-8.0,0.0,down,i,1,stable,0.0,0.0,48h+
181,Kostoulas,6,4,48,0.3,-56.0,-66.0,down,a,0,stable,0.0,0.0,48h+
744,Oriola,6,3,45,0.0,6.0,3.0,up,a,0,stable,0.0,0.0,48h+
761,Simmonds,6,2,40,0.0,8.0,10.0,up,a,0,stable,0.0,0.0,48h+
783,Groß,6,3,55,0.1,264.0,396.0,up,a,0,stable,0.0,0.0,48h+
795,Howell,6,3,45,0.0,5.0,8.0,up,a,0,stable,0.0,0.0,48h+
220,Sánchez,7,1,48,13.4,-13228.0,-16856.0,down,a,0,stable,0.0,0.0,48h+
221,Jörgensen,7,1,43,0.2,163.0,202.0,up,a,0,stable,0.0,0.0,48h+
222,Penders,7,1,40,0.0,0.0,0.0,flat,u,1,stable,0.0,0.0,48h+
223,Slonina,7,1,39,0.1,-16.0,-15.0,down,a,0,stable,0.0,0.0,48h+
224,Cucurella,7,2,60,13.7,765.0,1042.0,up,a,1,stable,0.0,0.0,48h+
225,James,7,2,56,8.4,4993.0,5915.0,up,a,0,stable,0.0,0.0,48h+
226,Chalobah,7,2,56,18.4,-21826.0,-27401.0,down,a,0,stable,0.0,0.0,48h+
227,Colwill,7,2,47,0.1,-3.0,0.0,down,i,1,stable,0.0,0.0,48h+
228,Gusto,7,2,49,1.9,1359.0,1769.0,up,a,0,stable,0.0,0.0,48h+
229,B.Badiashile,7,2,44,0.0,-30.0,-35.0,down,a,0,stable,0.0,0.0,48h+
230,Fofana,7,2,44,0.3,-54.0,-76.0,down,a,0,stable,0.0,0.0,48h+
231,M.Sarr,7,2,45,0.0,25.0,31.0,up,a,0,stable,0.0,0.0,48h+
232,Tosin,7,2,40,0.3,32.0,44.0,up,a,0,stable,0.0,0.0,48h+
233,Acheampong,7,2,37,1.7,1702.0,2101.0,up,a,0,stable,0.0,0.0,48h+
234,Anselmino,7,2,40,0.1,-1.0,-1.0,down,u,1,stable,0.0,0.0,48h+
235,Palmer,7,3,106,16.3,6785.0,9323.0,up,a,0,stable,0.0,0.0,48h+
236,Neto,7,3,70,4.2,-6462.0,-6464.0,down,s,1,stable,0.0,0.0,48h+
237,Enzo,7,3,66,15.7,-15828.0,-19659.0,down,a,0,stable,0.0,0.0,48h+
238,Estêvão,7,3,64,1.8,-2354.0,-2884.0,down,i,1,stable,0.0,0.0,48h+
239,Gittens,7,3,60,0.1,12.0,6.0,up,a,1,stable,0.0,0.0,48h+
240,Nkunku,7,3,59,0.1,0.0,-1.0,flat,u,1,stable,0.0,0.0,48h+
241,Caicedo,7,3,57,7.6,-1215.0,-1578.0,down,a,0,stable,0.0,0.0,48h+
244,Lavia,7,3,49,0.0,9.0,15.0,up,a,0,stable,0.0,0.0,48h+
245,Mudryk,7,3,49,0.0,1.0,1.0,up,s,1,stable,0.0,0.0,48h+
246,Andrey Santos,7,3,45,0.3,64.0,53.0,up,a,0,stable,0.0,0.0,48h+
247,D.Essugo,7,3,43,0.1,92.0,124.0,up,a,1,stable,0.0,0.0,48h+
248,Paez,7,3,45,0.0,0.0,0.0,flat,u,1,stable,0.0,0.0,48h+
249,João Pedro,7,4,77,48.4,84045.0,106652.0,up,a,0,stable,0.0,0.0,12–24h
250,Delap,7,4,62,0.9,-106.0,-150.0,down,a,0,stable,0.0,0.0,48h+
251,N.Jackson,7,4,65,0.1,-1.0,-1.0,down,u,1,stable,0.0,0.0,48h+
252,Marc Guiu,7,4,41,5.6,-3618.0,-4482.0,down,a,0,stable,0.0,0.0,48h+
453,Garnacho,7,3,64,0.5,828.0,975.0,up,a,0,stable,0.0,0.0,48h+
672,Hato,7,2,46,0.2,-18.0,5.0,down,a,0,stable,0.0,0.0,48h+
743,Emenalo,7,3,45,0.0,3.0,0.0,up,a,0,stable,0.0,0.0,48h+
789,Merrick,7,1,40,0.0,0.0,1.0,flat,a,0,stable,0.0,0.0,48h+
803,Sharman-Lowe,7,1,40,0.0,1.0,2.0,up,a,0,stable,0.0,0.0,48h+
253,Henderson,8,1,50,8.4,18467.0,24290.0,up,a,0,stable,0.0,0.0,48h+
254,Benitez,8,1,40,0.3,2.0,4.0,up,a,0,stable,0.0,0.0,48h+
255,Matthews,8,1,39,0.1,6.0,4.0,up,a,0,stable,0.0,0.0,48h+
256,Muñoz,8,2,59,7.9,-16200.0,-20477.0,down,d,1,stable,0.0,0.0,48h+
257,Lacroix,8,2,51,4.5,4032.0,4988.0,up,a,1,stable,0.0,0.0,48h+
258,Mitchell,8,2,50,2.2,1617.0,1956.0,up,a,0,stable,0.0,0.0,48h+
259,Sosa,8,2,48,0.1,38.0,56.0,up,a,0,stable,0.0,0.0,48h+
261,Richards,8,2,44,2.7,3227.0,3989.0,up,a,0,stable,0.0,0.0,48h+
262,Chadi Riad,8,2,40,0.0,186.0,206.0,up,a,0,stable,0.0,0.0,48h+
263,Clyne,8,2,38,0.6,-75.0,-106.0,down,a,0,stable,0.0,0.0,48h+
264,Holding,8,2,40,0.0,-1.0,-1.0,down,u,1,stable,0.0,0.0,48h+
265,Kporha,8,2,40,0.0,18.0,18.0,up,a,0,stable,0.0,0.0,48h+
267,Sarr,8,3,63,4.1,30169.0,37264.0,up,a,0,stable,0.0,0.0,48h+
268,Doucouré,8,3,49,0.0,4.0,4.0,up,i,1,stable,0.0,0.0,48h+
269,Esse,8,3,47,0.1,-7.0,-10.0,down,u,1,stable,0.0,0.0,48h+
270,Hughes,8,3,47,0.1,-16.0,-22.0,down,a,0,stable,0.0,0.0,48h+
271,Kamada,8,3,50,0.1,6.0,7.0,up,a,0,stable,0.0,0.0,48h+
272,Lerma,8,3,49,0.1,-10.0,-8.0,down,a,1,stable,0.0,0.0,48h+
273,Wharton,8,3,50,0.7,1721.0,2199.0,up,a,0,stable,0.0,0.0,48h+
274,Agbinone,8,3,43,0.1,-29.0,-37.0,down,a,0,stable,0.0,0.0,48h+
275,Ahamada,8,3,43,0.0,-6.0,-11.0,down,u,1,stable,0.0,0.0,48h+
276,Devenny,8,3,43,1.3,-366.0,-472.0,down,a,0,stable,0.0,0.0,48h+
277,Ebiowei,8,3,45,0.0,0.0,0.0,flat,u,1,stable,0.0,0.0,48h+
278,J.Rak-Sakyi,8,3,44,0.0,-2.0,-4.0,down,u,1,stable,0.0,0.0,48h+
279,M.França,8,3,45,0.0,0.0,0.0,flat,u,1,stable,0.0,0.0,48h+
280,Ozoh,8,3,45,0.0,0.0,0.0,flat,u,1,stable,0.0,0.0,48h+
281,Rodney,8,3,44,0.0,-1.0,4.0,down,a,0,stable,0.0,0.0,48h+
282,Umeh,8,3,45,0.0,0.0,0.0,flat,u,1,stable,0.0,0.0,48h+
283,Mateta,8,4,75,6.5,273.0,222.0,up,a,1,stable,0.0,0.0,48h+
284,Nketiah,8,4,54,0.3,-62.0,-80.0,down,i,1,stable,0.0,0.0,48h+
285,Édouard,8,4,50,0.2,-3.0,-8.0,down,u,1,stable,0.0,0.0,48h+
286,Marsh,8,4,44,0.3,-41.0,-59.0,down,a,0,stable,0.0,0.0,48h+
580,Johnson,8,3,65,2.4,-109.0,-152.0,down,a,0,stable,0.0,0.0,48h+
654,Strand Larsen,8,4,61,2.2,2828.0,3844.0,up,a,0,stable,0.0,0.0,48h+
677,Guessand,8,3,62,0.1,102.0,135.0,up,a,0,stable,0.0,0.0,48h+
690,Cardines,8,3,44,0.3,-11.0,-13.0,down,a,0,stable,0.0,0.0,48h+
712,Yeremy,8,3,58,0.2,-196.0,-230.0,down,a,0,stable,0.0,0.0,48h+
723,Canvot,8,2,45,0.0,72.0,95.0,up,a,0,stable,0.0,0.0,48h+
732,Uche,8,4,55,0.1,10.0,17.0,up,a,0,stable,0.0,0.0,48h+
762,Drakes-Thomas,8,3,45,0.0,-2.0,-2.0,down,a,0,stable,0.0,0.0,48h+
773,Benamar,8,2,40,0.0,6.0,7.0,up,a,0,stable,0.0,0.0,48h+
780,Casey,8,4,45,0.0,-13.0,-7.0,down,a,0,stable,0.0,0.0,48h+
793,King,8,2,40,0.0,12.0,13.0,up,a,0,stable,0.0,0.0,48h+
798,Imray,8,2,40,0.0,0.0,0.0,flat,u,1,stable,0.0,0.0,48h+
242,Dewsbury-Hall,9,3,51,5.0,159.0,214.0,up,a,0,stable,0.0,0.0,48h+
243,George,9,3,48,0.1,-33.0,-40.0,down,a,0,stable,0.0,0.0,48h+
287,Pickford,9,1,56,13.2,-7035.0,-8478.0,down,a,0,stable,0.0,0.0,48h+
288,Travers,9,1,43,0.1,-9.0,-14.0,down,a,0,stable,0.0,0.0,48h+
289,Tyrer,9,1,39,0.1,-30.0,-34.0,down,u,1,stable,0.0,0.0,48h+
290,Branthwaite,9,2,53,0.4,-852.0,-1159.0,down,a,0,stable,0.0,0.0,48h+
291,Tarkowski,9,2,57,11.1,-1523.0,-1170.0,down,a,0,stable,0.0,0.0,48h+
292,Mykolenko,9,2,49,0.6,-1075.0,-1345.0,down,a,0,stable,0.0,0.0,48h+
293,O'Brien,9,2,49,0.6,-1159.0,-1439.0,down,a,0,stable,0.0,0.0,48h+
294,Coleman,9,2,42,0.1,-25.0,-29.0,down,d,1,stable,0.0,0.0,48h+
295,Keane,9,2,46,3.3,-7940.0,-9833.0,down,a,0,stable,0.0,0.0,48h+
296,Patterson,9,2,44,0.0,-31.0,-42.0,down,a,0,stable,0.0,0.0,48h+
297,Dixon,9,2,38,0.2,-39.0,-55.0,down,u,1,stable,0.0,0.0,48h+
298,Welch,9,2,38,0.1,6.0,16.0,up,a,0,stable,0.0,0.0,48h+
299,Ndiaye,9,3,62,4.2,-6319.0,-7576.0,down,a,0,stable,0.0,0.0,48h+
300,McNeil,9,3,55,0.1,-183.0,-239.0,down,a,0,stable,0.0,0.0,48h+
301,Alcaraz,9,3,52,0.1,-22.0,-26.0,down,d,1,stable,0.0,0.0,48h+
302,Gana,9,3,54,0.1,-48.0,-61.0,down,a,0,stable,0.0,0.0,48h+
303,Garner,9,3,52,4.0,-2204.0,-2584.0,down,a,0,stable,0.0,0.0,48h+
304,Iroegbunam,9,3,48,0.0,-15.0,-24.0,down,a,0,stable,0.0,0.0,48h+
305,Armstrong,9,3,45,0.1,-37.0,-39.0,down,a,0,stable,0.0,0.0,48h+
306,Bates,9,3,43,0.1,-13.0,-13.0,down,a,0,stable,0.0,0.0,48h+
307,Ebere,9,3,44,0.0,0.0,-3.0,flat,a,0,stable,0.0,0.0,48h+
308,Heath,9,3,45,0.0,-4.0,-4.0,down,u,1,stable,0.0,0.0,48h+
309,Metcalfe,9,3,45,0.0,0.0,0.0,flat,u,1,stable,0.0,0.0,48h+
310,Barry,9,4,57,1.0,-4534.0,-5640.0,down,a,0,stable,0.0,0.0,48h+
311,Beto,9,4,50,2.5,-838.0,-1072.0,down,a,0,stable,0.0,0.0,48h+
312,Y.Chermiti,9,4,49,0.1,-2.0,-2.0,down,u,1,stable,0.0,0.0,48h+
313,Sherif,9,4,44,0.1,-10.0,-14.0,down,u,1,stable,0.0,0.0,48h+
419,Grealish,9,3,63,5.8,-1004.0,-1425.0,down,i,1,stable,0.0,0.0,48h+
630,King,9,1,39,1.3,-110.0,-157.0,down,a,0,stable,0.0,0.0,48h+
667,Aznou,9,2,42,0.1,8.0,17.0,up,a,0,stable,0.0,0.0,48h+
704,Onyango,9,3,45,0.0,-2.0,-3.0,down,u,1,stable,0.0,0.0,48h+
705,Campbell,9,2,39,0.2,-21.0,-32.0,down,u,1,stable,0.0,0.0,48h+
707,Dibling,9,3,53,0.0,-3.0,0.0,down,a,0,stable,0.0,0.0,48h+
728,Röhl,9,3,50,0.0,-7.0,-8.0,down,a,0,stable,0.0,0.0,48h+
779,Graham,9,4,45,0.0,5.0,27.0,up,a,0,stable,0.0,0.0,48h+
314,Leno,10,1,49,1.5,1002.0,1250.0,up,a,0,stable,0.0,0.0,48h+
315,Benda,10,1,40,0.0,-3.0,-4.0,down,u,1,stable,0.0,0.0,48h+
316,Robinson,10,2,49,0.7,164.0,148.0,up,a,0,stable,0.0,0.0,48h+
317,Andersen,10,2,45,4.8,1431.0,1825.0,up,a,0,stable,0.0,0.0,48h+
318,Bassey,10,2,44,0.5,368.0,471.0,up,a,0,stable,0.0,0.0,48h+
319,Castagne,10,2,43,0.1,-6.0,-12.0,down,a,0,stable,0.0,0.0,48h+
320,Diop,10,2,43,0.1,32.0,32.0,up,a,0,stable,0.0,0.0,48h+
321,J.Cuenca,10,2,43,0.1,-18.0,-24.0,down,a,0,stable,0.0,0.0,48h+
322,Tete,10,2,45,0.3,171.0,199.0,up,a,0,stable,0.0,0.0,48h+
323,Amissah,10,2,38,0.1,4.0,-3.0,up,a,0,stable,0.0,0.0,48h+
324,Iwobi,10,3,64,2.3,10451.0,13100.0,up,a,0,stable,0.0,0.0,48h+
325,Smith Rowe,10,3,56,0.5,-151.0,-209.0,down,a,0,stable,0.0,0.0,48h+
327,Andreas,10,3,53,0.1,-2.0,-2.0,down,u,1,stable,0.0,0.0,48h+
328,Sessegnon,10,3,54,0.2,-36.0,-58.0,down,a,0,stable,0.0,0.0,48h+
329,Wilson,10,3,60,22.8,-34229.0,-44111.0,down,d,1,stable,0.0,0.0,48h+
330,Berge,10,3,49,0.1,36.0,41.0,up,a,0,stable,0.0,0.0,48h+
331,Cairney,10,3,48,0.0,10.0,15.0,up,a,0,stable,0.0,0.0,48h+
332,Lukić,10,3,49,0.1,-2.0,-4.0,down,a,0,stable,0.0,0.0,48h+
333,Godo,10,3,45,0.0,0.0,0.0,flat,u,1,stable,0.0,0.0,48h+
334,Harris,10,3,45,0.0,0.0,0.0,flat,u,1,stable,0.0,0.0,48h+
335,King,10,3,44,1.8,315.0,340.0,up,a,0,stable,0.0,0.0,48h+
336,Reed,10,3,43,0.4,-81.0,-122.0,down,a,0,stable,0.0,0.0,48h+
337,Raúl,10,4,62,2.9,-6424.0,-7941.0,down,a,0,stable,0.0,0.0,48h+
338,Muniz,10,4,53,0.7,47.0,58.0,up,a,0,stable,0.0,0.0,48h+
424,Bobb,10,3,51,0.2,-47.0,-61.0,down,a,0,stable,0.0,0.0,48h+
664,Lecomte,10,1,39,0.7,-71.0,-83.0,down,a,0,stable,0.0,0.0,48h+
727,Chukwueze,10,3,53,0.1,36.0,26.0,up,a,0,stable,0.0,0.0,48h+
731,Kevin,10,3,58,0.1,-89.0,-111.0,down,i,1,stable,0.0,0.0,48h+
737,Kusi-Asare,10,4,45,0.1,-50.0,-54.0,down,a,0,stable,0.0,0.0,48h+
770,Ridgeon,10,3,45,0.0,-1.0,1.0,down,a,0,stable,0.0,0.0,48h+
786,McNally,10,1,40,0.0,5.0,7.0,up,a,0,stable,0.0,0.0,48h+
168,Buonanotte,11,3,46,0.1,-14.0,-18.0,down,a,0,stable,0.0,0.0,48h+
339,Meslier,11,1,41,0.3,-11.0,-10.0,down,a,0,stable,0.0,0.0,48h+
340,Cairns,11,1,39,0.1,-21.0,-26.0,down,a,0,stable,0.0,0.0,48h+
341,Darlow,11,1,39,2.5,539.0,591.0,up,a,0,stable,0.0,0.0,48h+
342,Bogle,11,2,44,0.2,-1076.0,-1422.0,down,a,0,stable,0.0,0.0,48h+
343,Struijk,11,2,43,0.5,-1155.0,-1583.0,down,a,0,stable,0.0,0.0,48h+
344,Bijol,11,2,39,0.4,-287.0,-353.0,down,a,0,stable,0.0,0.0,48h+
345,Bornauw,11,2,38,0.1,-59.0,-89.0,down,a,0,stable,0.0,0.0,48h+
346,Byram,11,2,37,0.2,1247.0,1577.0,up,a,0,stable,0.0,0.0,48h+
347,Gudmundsson,11,2,38,3.9,644.0,659.0,up,a,0,stable,0.0,0.0,48h+
348,Rodon,11,2,39,3.9,2474.0,2982.0,up,a,0,stable,0.0,0.0,48h+
349,Schmidt,11,2,40,0.1,-7.0,-8.0,down,u,1,stable,0.0,0.0,48h+
350,Aaronson,11,3,54,0.6,-1995.0,-2631.0,down,a,0,stable,0.0,0.0,48h+
351,Gnonto,11,3,52,0.1,-1.0,-5.0,down,a,0,stable,0.0,0.0,48h+
352,Harrison,11,3,51,0.0,-4.0,-7.0,down,u,1,stable,0.0,0.0,48h+
353,James,11,3,52,0.1,3.0,11.0,up,a,0,stable,0.0,0.0,48h+
354,Ampadu,11,3,49,0.2,-235.0,-359.0,down,a,0,stable,0.0,0.0,48h+
355,Greenwood,11,3,49,0.0,-2.0,-3.0,down,u,1,stable,0.0,0.0,48h+
356,Gruev,11,3,47,0.1,-232.0,-326.0,down,a,0,stable,0.0,0.0,48h+
357,Ramazani,11,3,49,0.0,0.0,0.0,flat,u,1,stable,0.0,0.0,48h+
358,Tanaka,11,3,48,0.2,-107.0,-131.0,down,a,0,stable,0.0,0.0,48h+
359,Crew,11,3,45,0.0,0.0,0.0,flat,u,1,stable,0.0,0.0,48h+
360,Gelhardt,11,3,45,0.0,-1.0,-2.0,down,u,1,stable,0.0,0.0,48h+
361,Gyabi,11,3,45,0.0,-2.0,-2.0,down,u,1,stable,0.0,0.0,48h+
362,Piroe,11,4,49,0.3,-33.0,-46.0,down,a,0,stable,0.0,0.0,48h+
363,Bamford,11,4,49,0.3,-16.0,-20.0,down,u,1,stable,0.0,0.0,48h+
364,Mateo Joseph,11,4,50,0.0,0.0,0.0,flat,u,1,stable,0.0,0.0,48h+
365,Nmecha,11,4,50,0.6,-274.0,-329.0,down,a,0,stable,0.0,0.0,48h+
493,Longstaff,11,3,48,0.2,-38.0,-61.0,down,a,0,stable,0.0,0.0,48h+
660,Stach,11,3,47,2.6,5276.0,6129.0,up,a,0,stable,0.0,0.0,48h+
665,Perri,11,1,45,0.2,-217.0,-289.0,down,a,0,stable,0.0,0.0,48h+
691,Calvert-Lewin,11,4,57,8.7,-32897.0,-39657.0,down,d,1,stable,0.0,0.0,48h+
698,Okafor,11,3,55,0.1,-80.0,-110.0,down,d,1,stable,0.0,0.0,48h+
706,Justin,11,2,39,1.0,-199.0,-292.0,down,a,0,stable,0.0,0.0,48h+
741,Gray,11,4,45,0.1,-32.0,-46.0,down,u,1,stable,0.0,0.0,48h+
787,Chambers,11,3,44,0.0,4.0,-1.0,up,a,0,stable,0.0,0.0,48h+
366,A.Becker,12,1,54,6.3,-10478.0,-13626.0,down,d,1,stable,0.0,0.0,48h+
367,Mamardashvili,12,1,41,0.5,644.0,805.0,up,a,0,stable,0.0,0.0,48h+
368,Pécsi,12,1,38,0.9,899.0,1154.0,up,a,0,stable,0.0,0.0,48h+
369,Woodman,12,1,39,0.2,-39.0,-50.0,down,a,0,stable,0.0,0.0,48h+
370,Frimpong,12,2,57,4.8,2742.0,3406.0,up,a,0,stable,0.0,0.0,48h+
371,Kerkez,12,2,56,3.0,-136.0,-269.0,down,a,0,stable,0.0,0.0,48h+
372,Robertson,12,2,57,1.0,-17.0,-18.0,down,a,0,stable,0.0,0.0,48h+
373,Virgil,12,2,62,32.9,31198.0,38711.0,up,a,0,stable,0.0,0.0,48h+
374,Konaté,12,2,55,4.3,-324.0,-658.0,down,a,0,stable,0.0,0.0,48h+
375,Bradley,12,2,49,0.1,-19.0,-26.0,down,i,1,stable,0.0,0.0,48h+
376,Gomez,12,2,49,0.1,21.0,27.0,up,a,0,stable,0.0,0.0,48h+
377,Tsimikas,12,2,48,0.0,-3.0,-3.0,down,u,1,stable,0.0,0.0,48h+
378,Nallo,12,2,37,1.1,-757.0,-996.0,down,a,0,stable,0.0,0.0,48h+
379,R.Williams,12,2,37,0.6,-177.0,-229.0,down,a,0,stable,0.0,0.0,48h+
380,Ramsay,12,2,38,0.2,-36.0,-49.0,down,a,0,stable,0.0,0.0,48h+
381,M.Salah,12,3,140,14.4,3413.0,3626.0,up,a,0,stable,0.0,0.0,48h+
382,Wirtz,12,3,83,9.2,10495.0,13145.0,up,a,1,stable,0.0,0.0,48h+
383,Luis Díaz,12,3,80,0.0,0.0,-1.0,flat,u,1,stable,0.0,0.0,48h+
384,Gakpo,12,3,73,6.0,-563.0,-1129.0,down,a,0,stable,0.0,0.0,48h+
385,Chiesa,12,3,63,0.3,-80.0,-110.0,down,d,1,stable,0.0,0.0,48h+
386,Mac Allister,12,3,63,2.2,5725.0,7058.0,up,a,0,stable,0.0,0.0,48h+
387,Szoboszlai,12,3,69,11.8,19017.0,22387.0,up,a,0,stable,0.0,0.0,48h+
388,C.Jones,12,3,54,0.1,-6.0,-23.0,down,a,0,stable,0.0,0.0,48h+
390,Gravenberch,12,3,55,5.2,-5857.0,-7671.0,down,a,0,stable,0.0,0.0,48h+
392,Endo,12,3,49,0.1,-5.0,-15.0,down,i,1,stable,0.0,0.0,48h+
393,Bajcetic,12,3,42,0.1,749.0,942.0,up,i,1,stable,0.0,0.0,48h+
394,McConnell,12,3,44,0.0,0.0,0.0,flat,u,1,stable,0.0,0.0,48h+
395,Morton,12,3,45,0.0,-1.0,-1.0,down,u,1,stable,0.0,0.0,48h+
396,Nyoni,12,3,43,0.3,-70.0,-85.0,down,a,0,stable,0.0,0.0,48h+
397,Darwin,12,4,65,0.1,-2.0,-2.0,down,u,1,stable,0.0,0.0,48h+
398,Danns,12,4,43,0.1,2.0,2.0,up,i,1,stable,0.0,0.0,48h+
499,Isak,12,4,103,3.5,-132.0,-213.0,down,i,1,stable,0.0,0.0,48h+
661,Ekitiké,12,4,92,34.5,41937.0,51046.0,up,a,0,stable,0.0,0.0,48h+
686,Ngumoha,12,3,43,0.8,1160.0,1376.0,up,a,0,stable,0.0,0.0,48h+
692,Leoni,12,2,49,0.0,1.0,4.0,up,i,1,stable,0.0,0.0,48h+
746,Morrison,12,3,45,0.0,0.0,0.0,flat,a,0,stable,0.0,0.0,48h+
760,Lucky,12,2,40,0.0,3.0,2.0,up,a,0,stable,0.0,0.0,48h+
82,Semenyo,13,3,83,57.4,21974.0,27555.0,up,a,0,stable,0.0,0.0,48h+
182,Trafford,13,1,45,0.9,-32.0,-49.0,down,a,0,stable,0.0,0.0,48h+
260,Guéhi,13,2,52,37.1,-14286.0,-18350.0,down,a,0,stable,0.0,0.0,48h+
399,Ederson M.,13,1,53,0.8,-22.0,-33.0,down,u,1,stable,0.0,0.0,48h+
401,Bettinelli,13,1,38,0.4,306.0,422.0,up,a,0,stable,0.0,0.0,48h+
402,Aït-Nouri,13,2,57,4.5,885.0,1182.0,up,a,0,stable,0.0,0.0,48h+
403,Gvardiol,13,2,59,3.3,-527.0,-755.0,down,i,1,stable,0.0,0.0,48h+
404,Akanji,13,2,54,0.3,-7.0,-10.0,down,u,1,stable,0.0,0.0,48h+
405,Aké,13,2,52,0.6,-61.0,-76.0,down,a,0,stable,0.0,0.0,48h+
406,Khusanov,13,2,54,0.4,-26.0,-30.0,down,a,0,stable,0.0,0.0,48h+
407,Matheus N.,13,2,54,3.5,-2530.0,-3216.0,down,a,0,stable,0.0,0.0,48h+
408,Rúben,13,2,55,3.4,110.0,164.0,up,a,0,stable,0.0,0.0,48h+
409,Stones,13,2,54,0.6,15.0,17.0,up,a,0,stable,0.0,0.0,48h+
410,Lewis,13,2,46,1.2,-339.0,-463.0,down,d,1,stable,0.0,0.0,48h+
411,O'Reilly,13,2,51,9.7,19057.0,23976.0,up,a,0,stable,0.0,0.0,48h+
412,Vitor Reis,13,2,50,0.0,0.0,0.0,flat,u,1,stable,0.0,0.0,48h+
413,Marmoush,13,3,83,2.6,-335.0,-417.0,down,a,0,stable,0.0,0.0,48h+
414,Foden,13,3,81,8.4,-6646.0,-8541.0,down,a,0,stable,0.0,0.0,48h+
415,Savinho,13,3,69,0.4,51.0,71.0,up,a,0,stable,0.0,0.0,48h+
416,Bernardo,13,3,62,0.6,-296.0,-379.0,down,a,0,stable,0.0,0.0,48h+
417,Cherki,13,3,64,7.6,-5953.0,-7472.0,down,a,0,stable,0.0,0.0,48h+
418,Doku,13,3,64,2.3,1010.0,1286.0,up,a,0,stable,0.0,0.0,48h+
420,Gündoğan,13,3,63,0.1,-1.0,-1.0,down,u,1,stable,0.0,0.0,48h+
421,Rodrigo,13,3,63,0.5,302.0,386.0,up,a,0,stable,0.0,0.0,48h+
422,Kovačić,13,3,58,0.0,-1.0,1.0,down,d,1,stable,0.0,0.0,48h+
423,N.Gonzalez,13,3,59,0.1,-8.0,-3.0,down,a,0,stable,0.0,0.0,48h+
425,Echeverri,13,3,54,0.0,0.0,0.0,flat,u,1,stable,0.0,0.0,48h+
427,Reijnders,13,3,50,9.5,-3290.0,-4163.0,down,a,0,stable,0.0,0.0,48h+
428,Nypan,13,3,50,0.0,-1.0,0.0,down,a,0,stable,0.0,0.0,48h+
429,Phillips,13,3,47,0.1,-5.0,-10.0,down,u,1,stable,0.0,0.0,48h+
430,Haaland,13,4,146,60.7,-59114.0,-74973.0,down,a,0,stable,0.0,0.0,48h+
736,Donnarumma,13,1,56,9.7,1108.0,1299.0,up,a,0,stable,0.0,0.0,48h+
739,Mukasa,13,3,44,0.0,-3.0,-4.0,down,u,1,stable,0.0,0.0,48h+
740,Mfuni,13,2,39,0.0,-7.0,-11.0,down,u,1,stable,0.0,0.0,48h+
742,McAidoo,13,3,45,0.0,1.0,-5.0,up,a,0,stable,0.0,0.0,48h+
763,Gray,13,3,45,0.0,-4.0,-3.0,down,a,0,stable,0.0,0.0,48h+
764,Heskey,13,3,45,0.0,0.0,-1.0,flat,a,0,stable,0.0,0.0,48h+
794,Alleyne,13,2,40,0.0,-4.0,-4.0,down,a,0,stable,0.0,0.0,48h+
119,Mbeumo,14,3,87,23.0,-20384.0,-25317.0,down,a,0,stable,0.0,0.0,48h+
431,Bayindir,14,1,47,0.3,10.0,3.0,up,a,0,stable,0.0,0.0,48h+
432,Onana,14,1,49,0.1,-2.0,-4.0,down,u,1,stable,0.0,0.0,48h+
433,Harrison,14,1,40,0.0,0.0,0.0,flat,u,1,stable,0.0,0.0,48h+
434,Heaton,14,1,39,0.2,-60.0,-76.0,down,a,0,stable,0.0,0.0,48h+
435,Mee,14,1,39,0.1,-18.0,-19.0,down,a,0,stable,0.0,0.0,48h+
436,De Ligt,14,2,49,1.8,-127.0,-195.0,down,i,1,stable,0.0,0.0,48h+
437,Martinez,14,2,48,0.6,-2480.0,-3062.0,down,i,1,stable,0.0,0.0,48h+
438,Mazraoui,14,2,49,0.2,11.0,-57.0,up,a,0,stable,0.0,0.0,48h+
439,D.Leon,14,2,42,0.1,1.0,4.0,up,a,0,stable,0.0,0.0,48h+
440,Dalot,14,2,46,4.9,-1525.0,-2003.0,down,a,0,stable,0.0,0.0,48h+
441,Dorgu,14,2,42,3.2,-6240.0,-7900.0,down,i,1,stable,0.0,0.0,48h+
442,Maguire,14,2,44,1.7,1677.0,2113.0,up,a,0,stable,0.0,0.0,48h+
443,Shaw,14,2,45,0.7,295.0,364.0,up,a,0,stable,0.0,0.0,48h+
444,Yoro,14,2,41,1.3,539.0,634.0,up,a,0,stable,0.0,0.0,48h+
445,Amass,14,2,40,0.1,-8.0,-10.0,down,u,1,stable,0.0,0.0,48h+
446,Fredricson,14,2,37,0.1,300.0,383.0,up,a,0,stable,0.0,0.0,48h+
447,Heaven,14,2,37,2.3,933.0,1146.0,up,a,0,stable,0.0,0.0,48h+
448,Malacia,14,2,38,0.4,-43.0,-47.0,down,a,0,stable,0.0,0.0,48h+
449,B.Fernandes,14,3,101,41.0,39714.0,49947.0,up,a,0,stable,0.0,0.0,48h+
450,Cunha,14,3,80,7.5,-7299.0,-9117.0,down,a,0,stable,0.0,0.0,48h+
451,Rashford,14,3,70,0.0,-1.0,-1.0,down,u,1,stable,0.0,0.0,48h+
452,Amad,14,3,62,1.5,-2577.0,-3214.0,down,a,0,stable,0.0,0.0,48h+
454,Antony,14,3,59,0.1,-1.0,-1.0,down,u,1,stable,0.0,0.0,48h+
455,Mount,14,3,59,0.3,-15.0,-49.0,down,a,1,stable,0.0,0.0,48h+
457,Casemiro,14,3,56,2.7,6594.0,8323.0,up,a,0,stable,0.0,0.0,48h+
458,Mainoo,14,3,46,1.3,-896.0,-1181.0,down,a,0,stable,0.0,0.0,48h+
459,Ugarte,14,3,47,0.1,-38.0,-47.0,down,a,0,stable,0.0,0.0,48h+
460,Collyer,14,3,45,0.0,-3.0,-4.0,down,u,1,stable,0.0,0.0,48h+
461,Fitzgerald,14,3,43,0.0,9.0,8.0,up,a,0,stable,0.0,0.0,48h+
462,J.Fletcher,14,3,43,0.1,-41.0,-54.0,down,a,0,stable,0.0,0.0,48h+
463,Kone,14,3,43,0.1,-12.0,-17.0,down,u,1,stable,0.0,0.0,48h+
464,Moorhouse,14,3,45,0.0,0.0,0.0,flat,u,1,stable,0.0,0.0,48h+
465,Højlund,14,4,63,0.3,-4.0,-6.0,down,u,1,stable,0.0,0.0,48h+
466,Zirkzee,14,4,58,0.4,-53.0,-67.0,down,a,0,stable,0.0,0.0,48h+
467,Obi,14,4,42,1.5,-719.0,-913.0,down,a,0,stable,0.0,0.0,48h+
468,Wheatley,14,4,45,0.1,-2.0,-2.0,down,u,1,stable,0.0,0.0,48h+
681,Šeško,14,4,73,6.0,5912.0,8129.0,up,a,0,stable,0.0,0.0,48h+
733,Lammens,14,1,50,2.5,3679.0,4774.0,up,a,0,stable,0.0,0.0,48h+
755,Lacey,14,3,45,0.0,-9.0,-9.0,down,a,0,stable,0.0,0.0,48h+
769,Bendito Mantato,14,3,45,0.0,-1.0,0.0,down,a,0,stable,0.0,0.0,48h+
771,Fletcher,14,3,44,0.0,-2.0,-3.0,down,a,0,stable,0.0,0.0,48h+
788,Kukonki,14,2,40,0.0,-1.0,-2.0,down,a,0,stable,0.0,0.0,48h+
52,J.Ramsey,15,3,53,0.2,196.0,282.0,up,a,0,stable,0.0,0.0,48h+
135,Wissa,15,4,73,0.6,-279.0,-362.0,down,a,0,stable,0.0,0.0,48h+
469,Pope,15,1,51,4.4,-2056.0,-2608.0,down,a,0,stable,0.0,0.0,48h+
471,Gillespie,15,1,39,0.1,-10.0,3.0,down,a,0,stable,0.0,0.0,48h+
472,Odysseas,15,1,40,0.0,-2.0,-2.0,down,u,1,stable,0.0,0.0,48h+
473,Hall,15,2,53,2.4,1816.0,2570.0,up,a,0,stable,0.0,0.0,48h+
474,Schär,15,2,52,1.2,-207.0,-265.0,down,i,1,stable,0.0,0.0,48h+
475,Botman,15,2,49,0.4,-46.0,-57.0,down,a,0,stable,0.0,0.0,48h+
476,Burn,15,2,50,3.3,330.0,491.0,up,a,0,stable,0.0,0.0,48h+
477,Livramento,15,2,49,1.8,245.0,328.0,up,a,1,stable,0.0,0.0,48h+
478,Trippier,15,2,49,1.4,415.0,548.0,up,a,0,stable,0.0,0.0,48h+
479,Krafth,15,2,43,0.0,1.0,4.0,up,i,1,stable,0.0,0.0,48h+
480,Lascelles,15,2,43,0.0,-9.0,-12.0,down,u,1,stable,0.0,0.0,48h+
481,A.Murphy,15,2,38,0.7,-72.0,-105.0,down,a,0,stable,0.0,0.0,48h+
482,Ashby,15,2,39,0.1,-10.0,-12.0,down,u,1,stable,0.0,0.0,48h+
483,Pivas,15,2,38,0.4,-15.0,-29.0,down,a,0,stable,0.0,0.0,48h+
484,Targett,15,2,40,0.1,-13.0,-14.0,down,u,1,stable,0.0,0.0,48h+
485,Gordon,15,3,72,2.9,3812.0,5028.0,up,a,0,stable,0.0,0.0,48h+
486,Elanga,15,3,65,2.6,239.0,317.0,up,a,0,stable,0.0,0.0,48h+
487,Barnes,15,3,61,1.1,836.0,1252.0,up,a,0,stable,0.0,0.0,48h+
488,Bruno G.,15,3,68,4.8,-10086.0,-12948.0,down,i,1,stable,0.0,0.0,48h+
489,J.Murphy,15,3,59,0.6,190.0,251.0,up,a,0,stable,0.0,0.0,48h+
490,Joelinton,15,3,59,0.3,455.0,616.0,up,a,0,stable,0.0,0.0,48h+
491,Tonali,15,3,53,1.1,899.0,1176.0,up,a,0,stable,0.0,0.0,48h+
492,Antoñito C.,15,3,49,0.0,0.0,0.0,flat,u,1,stable,0.0,0.0,48h+
494,Willock,15,3,50,0.1,-17.0,-23.0,down,a,0,stable,0.0,0.0,48h+
495,Hayden,15,3,45,0.0,0.0,0.0,flat,u,1,stable,0.0,0.0,48h+
496,Kuol,15,3,44,0.0,-2.0,-3.0,down,u,1,stable,0.0,0.0,48h+
497,L.Miley,15,3,44,2.1,-4142.0,-4903.0,down,i,1,stable,0.0,0.0,48h+
498,White,15,3,45,0.0,-1.0,-1.0,down,u,1,stable,0.0,0.0,48h+
500,Osula,15,4,54,0.2,1044.0,1347.0,up,a,0,stable,0.0,0.0,48h+
501,Neave,15,4,43,0.3,-43.0,-37.0,down,a,0,stable,0.0,0.0,48h+
674,Ramsdale,15,1,48,0.7,659.0,871.0,up,a,0,stable,0.0,0.0,48h+
684,Thiaw,15,2,50,4.1,-2543.0,-3091.0,down,a,0,stable,0.0,0.0,48h+
689,Seung soo,15,3,43,0.5,92.0,96.0,up,a,0,stable,0.0,0.0,48h+
714,Woltemade,15,4,67,6.9,-4351.0,-5603.0,down,a,0,stable,0.0,0.0,48h+
753,Ruddy,15,1,40,0.0,5.0,14.0,up,a,0,stable,0.0,0.0,48h+
765,Shahar,15,2,40,0.0,4.0,4.0,up,a,0,stable,0.0,0.0,48h+
772,Alabi,15,3,45,0.0,3.0,8.0,up,a,0,stable,0.0,0.0,48h+
12,Zinchenko,16,2,49,0.2,-18.0,-28.0,down,u,1,stable,0.0,0.0,48h+
400,Ortega Moreno,16,1,47,0.2,-213.0,-282.0,down,d,1,stable,0.0,0.0,48h+
426,McAtee,16,3,50,0.1,-9.0,-10.0,down,a,0,stable,0.0,0.0,48h+
502,Sels,16,1,46,4.7,553.0,687.0,up,a,0,stable,0.0,0.0,48h+
503,C.Miguel,16,1,40,0.1,-8.0,-11.0,down,u,1,stable,0.0,0.0,48h+
504,Turner,16,1,40,0.1,-8.0,-10.0,down,u,1,stable,0.0,0.0,48h+
505,Milenković,16,2,51,3.1,-442.0,-580.0,down,a,0,stable,0.0,0.0,48h+
506,Murillo,16,2,52,1.9,1034.0,1311.0,up,a,0,stable,0.0,0.0,48h+
507,Aina,16,2,47,2.3,198.0,311.0,up,a,0,stable,0.0,0.0,48h+
508,N.Williams,16,2,47,2.8,696.0,1024.0,up,a,0,stable,0.0,0.0,48h+
509,David Carmo,16,2,45,0.0,0.0,-2.0,flat,u,1,stable,0.0,0.0,48h+
510,Jair Cunha,16,2,42,0.1,-18.0,-18.0,down,d,1,stable,0.0,0.0,48h+
511,Morato,16,2,43,0.1,8.0,14.0,up,a,0,stable,0.0,0.0,48h+
512,O.Richards,16,2,45,0.0,0.0,0.0,flat,u,1,stable,0.0,0.0,48h+
513,Abbott,16,2,38,0.3,-62.0,-76.0,down,a,0,stable,0.0,0.0,48h+
514,Boly,16,2,38,0.4,-98.0,-132.0,down,i,1,stable,0.0,0.0,48h+
515,Gibbs-White,16,3,73,4.2,30006.0,37601.0,up,a,0,stable,0.0,0.0,48h+
516,Hudson-Odoi,16,3,57,0.7,413.0,508.0,up,a,0,stable,0.0,0.0,48h+
517,Anderson,16,3,55,7.7,56588.0,71530.0,up,a,0,stable,0.0,0.0,48h+
518,Jota,16,3,54,0.0,-1.0,-1.0,down,u,1,stable,0.0,0.0,48h+
519,Dominguez,16,3,50,0.0,-19.0,-21.0,down,a,0,stable,0.0,0.0,48h+
520,O'Brien,16,3,50,0.0,0.0,0.0,flat,u,1,stable,0.0,0.0,48h+
521,Sangaré,16,3,49,0.1,2.0,1.0,up,a,0,stable,0.0,0.0,48h+
522,Yates,16,3,47,0.1,11.0,18.0,up,a,0,stable,0.0,0.0,48h+
523,Da Silva Moreira,16,3,45,0.1,2.0,-4.0,up,a,0,stable,0.0,0.0,48h+
524,Stamenic,16,3,45,0.0,0.0,0.0,flat,u,1,stable,0.0,0.0,48h+
525,Wood,16,4,71,4.5,-174.0,-253.0,down,i,1,stable,0.0,0.0,48h+
526,Igor Jesus,16,4,58,1.2,1886.0,2243.0,up,a,0,stable,0.0,0.0,48h+
527,Awoniyi,16,4,52,0.3,-20.0,-19.0,down,a,0,stable,0.0,0.0,48h+
669,Ndoye,16,3,55,0.7,-125.0,-170.0,down,d,1,stable,0.0,0.0,48h+
675,Gunn,16,1,40,1.1,-77.0,-99.0,down,a,0,stable,0.0,0.0,48h+
693,Hutchinson,16,3,54,0.1,-44.0,-61.0,down,a,0,stable,0.0,0.0,48h+
696,Kalimuendo,16,4,60,0.1,-5.0,-8.0,down,u,1,stable,0.0,0.0,48h+
715,John,16,1,40,0.3,-168.0,-206.0,down,i,1,stable,0.0,0.0,48h+
716,Savona,16,2,45,0.1,-72.0,-81.0,down,i,1,stable,0.0,0.0,48h+
729,Cuiabano,16,2,45,0.0,0.0,0.0,flat,u,1,stable,0.0,0.0,48h+
734,Bakwa,16,3,59,0.0,3.0,6.0,up,a,0,stable,0.0,0.0,48h+
805,Lucca,16,4,55,0.0,-67.0,-86.0,down,a,0,stable,0.0,0.0,48h+
814,Netz,16,2,45,0.0,0.0,-1.0,flat,a,0,stable,0.0,0.0,48h+
528,Patterson,17,1,42,0.2,-55.0,-77.0,down,u,1,stable,0.0,0.0,48h+
529,Moore,17,1,39,0.4,-44.0,-52.0,down,a,0,stable,0.0,0.0,48h+
530,Nna Noukeu,17,1,39,0.1,-27.0,-35.0,down,u,1,stable,0.0,0.0,48h+
531,Ballard,17,2,47,3.9,16345.0,21386.0,up,a,0,stable,0.0,0.0,48h+
532,Hume,17,2,45,0.3,740.0,945.0,up,a,0,stable,0.0,0.0,48h+
533,Alese,17,2,40,0.0,0.0,0.0,flat,u,1,stable,0.0,0.0,48h+
534,Anderson,17,2,38,0.3,-91.0,-122.0,down,u,1,stable,0.0,0.0,48h+
535,Cirkin,17,2,40,0.0,-47.0,-61.0,down,d,1,stable,0.0,0.0,48h+
536,Hjelde,17,2,40,0.0,-6.0,-8.0,down,u,1,stable,0.0,0.0,48h+
537,Huggins,17,2,40,0.1,-4.0,-6.0,down,u,1,stable,0.0,0.0,48h+
538,Johnson,17,2,38,0.2,-47.0,-68.0,down,u,1,stable,0.0,0.0,48h+
539,O'Nien,17,2,40,0.1,86.0,109.0,up,a,0,stable,0.0,0.0,48h+
540,Pembele,17,2,39,0.3,-62.0,-83.0,down,u,1,stable,0.0,0.0,48h+
541,Reinildo,17,2,38,2.9,-2358.0,-2944.0,down,i,1,stable,0.0,0.0,48h+
542,Seelt,17,2,40,0.1,-8.0,-11.0,down,u,1,stable,0.0,0.0,48h+
543,Adingra,17,3,49,0.3,-80.0,-102.0,down,u,1,stable,0.0,0.0,48h+
544,Diarra,17,3,53,0.1,971.0,1293.0,up,a,0,stable,0.0,0.0,48h+
545,Roberts,17,3,54,0.0,0.0,-1.0,flat,u,1,stable,0.0,0.0,48h+
546,Aleksić,17,3,49,0.0,4.0,6.0,up,a,0,stable,0.0,0.0,48h+
547,E.Le Fée,17,3,50,1.4,1698.0,2130.0,up,a,0,stable,0.0,0.0,48h+
548,Mundle,17,3,49,0.0,-8.0,-9.0,down,i,1,stable,0.0,0.0,48h+
549,Neil,17,3,48,0.0,-5.0,-7.0,down,u,1,stable,0.0,0.0,48h+
550,Poveda,17,3,48,0.0,4.0,4.0,up,a,0,stable,0.0,0.0,48h+
551,Rigg,17,3,47,0.0,-7.0,-7.0,down,a,0,stable,0.0,0.0,48h+
552,Sadiki,17,3,49,0.1,56.0,62.0,up,a,0,stable,0.0,0.0,48h+
553,Talbi,17,3,49,0.2,-63.0,-70.0,down,a,0,stable,0.0,0.0,48h+
554,Ba,17,3,43,0.3,-59.0,-79.0,down,a,0,stable,0.0,0.0,48h+
555,Browne,17,3,45,0.0,-1.0,-1.0,down,u,1,stable,0.0,0.0,48h+
556,Ekwah,17,3,45,0.0,-1.0,-1.0,down,u,1,stable,0.0,0.0,48h+
557,H.Jones,17,3,43,0.1,7.0,15.0,up,a,0,stable,0.0,0.0,48h+
558,Matete,17,3,43,0.2,-47.0,-66.0,down,u,1,stable,0.0,0.0,48h+
559,Triantis,17,3,44,0.0,-3.0,-4.0,down,u,1,stable,0.0,0.0,48h+
560,Isidor,17,4,51,1.4,-150.0,-182.0,down,a,0,stable,0.0,0.0,48h+
561,Mayenda,17,4,52,0.5,182.0,230.0,up,a,0,stable,0.0,0.0,48h+
562,Abdullahi,17,4,42,0.5,-201.0,-249.0,down,a,0,stable,0.0,0.0,48h+
563,Luís Hemir,17,4,44,0.1,-5.0,-7.0,down,u,1,stable,0.0,0.0,48h+
564,Rusyn,17,4,44,0.1,-2.0,-3.0,down,u,1,stable,0.0,0.0,48h+
668,Xhaka,17,3,51,3.4,-1150.0,-1414.0,down,a,0,stable,0.0,0.0,48h+
670,Roefs,17,1,48,9.3,-59736.0,-77680.0,down,i,1,stable,0.0,0.0,48h+
678,Masuaku,17,2,39,0.5,-64.0,-88.0,down,u,1,stable,0.0,0.0,48h+
683,Alderete,17,2,41,6.6,7625.0,9425.0,up,a,0,stable,0.0,0.0,48h+
694,Mukiele,17,2,45,8.5,-38366.0,-47956.0,down,i,1,stable,0.0,0.0,48h+
724,Geertruida,17,2,45,0.1,-21.0,-37.0,down,a,0,stable,0.0,0.0,48h+
730,Brobbey,17,4,54,0.6,-2725.0,-3383.0,down,d,1,stable,0.0,0.0,48h+
735,Traoré,17,3,55,0.0,-44.0,-55.0,down,i,1,stable,0.0,0.0,48h+
774,Jenson Jones,17,2,40,0.0,4.0,4.0,up,a,0,stable,0.0,0.0,48h+
775,Tutierov,17,3,45,0.0,0.0,0.0,flat,u,1,stable,0.0,0.0,48h+
800,Jocelin.T,17,3,50,0.0,-5.0,-6.0,down,i,1,stable,0.0,0.0,48h+
812,Ellborg,17,1,40,0.1,5523.0,7132.0,up,a,0,stable,0.0,0.0,48h+
813,Angulo,17,3,50,0.0,60.0,72.0,up,a,0,stable,0.0,0.0,48h+
565,Vicario,18,1,47,5.5,-3955.0,-5065.0,down,a,0,stable,0.0,0.0,48h+
566,Austin,18,1,39,0.3,-46.0,-64.0,down,a,0,stable,0.0,0.0,48h+
567,Kinsky,18,1,39,1.6,-305.0,-405.0,down,a,0,stable,0.0,0.0,48h+
568,Pedro Porro,18,2,51,9.2,-1003.0,-1227.0,down,a,0,stable,0.0,0.0,48h+
569,Romero,18,2,50,3.1,-1888.0,-2400.0,down,i,1,stable,0.0,0.0,48h+
570,Danso,18,2,42,0.1,31.0,38.0,up,a,0,stable,0.0,0.0,48h+
571,Davies,18,2,43,0.1,-8.0,-8.0,down,i,1,stable,0.0,0.0,48h+
572,Dragusin,18,2,45,0.0,-20.0,-27.0,down,a,0,stable,0.0,0.0,48h+
573,Spence,18,2,42,0.9,-396.0,-480.0,down,a,0,stable,0.0,0.0,48h+
574,Udogie,18,2,43,0.3,-33.0,-39.0,down,d,1,stable,0.0,0.0,48h+
575,Van de Ven,18,2,44,19.9,-78001.0,-98461.0,down,s,1,stable,0.0,0.0,12–24h
576,Phillips,18,2,40,0.0,0.0,0.0,flat,u,1,stable,0.0,0.0,48h+
577,Takai,18,2,40,0.0,-4.0,-4.0,down,u,1,stable,0.0,0.0,48h+
578,Vuskovic,18,2,39,0.3,-18.0,-22.0,down,u,1,stable,0.0,0.0,48h+
579,Son,18,3,85,0.1,-4.0,-5.0,down,u,1,stable,0.0,0.0,48h+
581,Maddison,18,3,68,0.1,-3.0,-3.0,down,i,1,stable,0.0,0.0,48h+
582,Kudus,18,3,64,9.4,-948.0,-1306.0,down,i,1,stable,0.0,0.0,48h+
583,Kulusevski,18,3,64,0.0,4.0,6.0,up,i,1,stable,0.0,0.0,48h+
584,Tel,18,3,62,0.1,-73.0,-83.0,down,a,0,stable,0.0,0.0,48h+
585,Bentancur,18,3,52,0.2,-16.0,-22.0,down,i,1,stable,0.0,0.0,48h+
586,Bergvall,18,3,52,0.2,-15.0,-21.0,down,i,1,stable,0.0,0.0,48h+
587,Bissouma,18,3,52,0.0,-54.0,-61.0,down,i,1,stable,0.0,0.0,48h+
588,Odobert,18,3,53,0.0,-66.0,-82.0,down,i,1,stable,0.0,0.0,48h+
589,Solomon,18,3,54,0.0,0.0,0.0,flat,u,1,stable,0.0,0.0,48h+
590,Bryan,18,3,49,0.0,-1.0,-2.0,down,u,1,stable,0.0,0.0,48h+
591,Gray,18,3,48,0.2,49.0,70.0,up,a,0,stable,0.0,0.0,48h+
592,Moore,18,3,50,0.0,0.0,0.0,flat,u,1,stable,0.0,0.0,48h+
593,P.M.Sarr,18,3,45,1.1,61.0,94.0,up,a,0,stable,0.0,0.0,48h+
594,Min-hyeok,18,3,45,0.0,0.0,0.0,flat,u,1,stable,0.0,0.0,48h+
595,Olusesi,18,3,43,0.2,3.0,-4.0,up,a,0,stable,0.0,0.0,48h+
596,Solanke,18,4,72,1.2,-1142.0,-1398.0,down,a,0,stable,0.0,0.0,48h+
597,Richarlison,18,4,63,5.4,-549.0,-698.0,down,a,0,stable,0.0,0.0,48h+
598,Lankshear,18,4,45,0.0,-3.0,-3.0,down,u,1,stable,0.0,0.0,48h+
599,Scarlett,18,4,43,0.5,-117.0,-163.0,down,u,1,stable,0.0,0.0,48h+
673,J.Palhinha,18,3,55,0.8,-1058.0,-1306.0,down,i,1,stable,0.0,0.0,48h+
717,Xavi,18,3,65,1.1,-1444.0,-1789.0,down,a,0,stable,0.0,0.0,48h+
726,Kolo Muani,18,4,69,0.4,-425.0,-543.0,down,a,0,stable,0.0,0.0,48h+
745,Byfield,18,2,40,0.0,-6.0,-8.0,down,a,0,stable,0.0,0.0,48h+
750,Rowswell,18,2,40,0.0,10.0,7.0,up,a,0,stable,0.0,0.0,48h+
751,Akhamrich,18,3,45,0.0,0.0,-3.0,flat,u,1,stable,0.0,0.0,48h+
790,Williams-Barnett,18,3,45,0.0,0.0,0.0,flat,a,0,stable,0.0,0.0,48h+
796,Gallagher,18,3,52,0.1,-758.0,-900.0,down,d,1,stable,0.0,0.0,48h+
804,Souza,18,2,40,0.0,4.0,-1.0,up,a,0,stable,0.0,0.0,48h+
811,Kyerematen,18,3,45,0.0,-2.0,-4.0,down,a,0,stable,0.0,0.0,48h+
818,Wilson,18,4,45,0.0,33.0,46.0,up,a,0,stable,0.0,0.0,48h+
326,Adama,19,3,51,0.2,-96.0,-120.0,down,d,1,stable,0.0,0.0,48h+
600,Areola,19,1,43,2.0,-925.0,-1141.0,down,a,0,stable,0.0,0.0,48h+
601,Foderingham,19,1,40,0.2,-27.0,-33.0,down,u,1,stable,0.0,0.0,48h+
602,Hegyi,19,1,39,0.2,-66.0,-84.0,down,u,1,stable,0.0,0.0,48h+
603,Diouf,19,2,40,2.2,4688.0,5821.0,up,a,0,stable,0.0,0.0,48h+
604,Emerson,19,2,44,0.1,-1.0,-2.0,down,u,1,stable,0.0,0.0,48h+
605,Kilman,19,2,41,0.1,-60.0,-78.0,down,a,0,stable,0.0,0.0,48h+
606,Mavropanos,19,2,44,0.1,-130.0,-189.0,down,a,0,stable,0.0,0.0,48h+
607,N.Aguerd,19,2,44,0.0,-2.0,-2.0,down,u,1,stable,0.0,0.0,48h+
608,Scarles,19,2,43,0.0,-28.0,-39.0,down,d,1,stable,0.0,0.0,48h+
609,Todibo,19,2,43,0.1,51.0,61.0,up,a,0,stable,0.0,0.0,48h+
610,Wan-Bissaka,19,2,41,4.6,255.0,290.0,up,a,0,stable,0.0,0.0,48h+
611,Casey,19,2,40,0.1,-8.0,-8.0,down,u,1,stable,0.0,0.0,48h+
612,L.Paquetá,19,3,59,1.1,-184.0,-252.0,down,u,1,stable,0.0,0.0,48h+
613,Souček,19,3,57,0.3,128.0,253.0,up,a,0,stable,0.0,0.0,48h+
615,Summerville,19,3,57,2.6,-41208.0,-51300.0,down,i,1,-0.1,0.0,1.0,6–12h
616,Álvarez,19,3,49,0.0,0.0,-1.0,flat,u,1,stable,0.0,0.0,48h+
617,Cornet,19,3,49,0.0,0.0,0.0,flat,u,1,stable,0.0,0.0,48h+
618,G.Rodriguez,19,3,48,0.0,-4.0,-7.0,down,u,1,stable,0.0,0.0,48h+
619,L.Guilherme,19,3,49,0.0,-1.0,-1.0,down,u,1,stable,0.0,0.0,48h+
620,Earthy,19,3,45,0.0,-7.0,-8.0,down,u,1,stable,0.0,0.0,48h+
621,Irving,19,3,43,0.2,-77.0,-99.0,down,u,1,stable,0.0,0.0,48h+
622,Orford,19,3,44,0.1,-2.0,-2.0,down,u,1,stable,0.0,0.0,48h+
623,Potts,19,3,44,0.6,-253.0,-312.0,down,a,1,stable,0.0,0.0,48h+
624,Bowen,19,4,75,7.5,-9946.0,-12277.0,down,a,0,stable,0.0,0.0,48h+
625,Füllkrug,19,4,56,0.6,-28.0,-38.0,down,u,1,stable,0.0,0.0,48h+
626,Marshall,19,4,43,0.5,-81.0,-107.0,down,u,1,stable,0.0,0.0,48h+
659,Walker-Peters,19,2,42,0.2,-63.0,-78.0,down,a,0,stable,0.0,0.0,48h+
671,Wilson,19,4,58,0.5,-333.0,-427.0,down,a,0,stable,0.0,0.0,48h+
679,Hermansen,19,1,42,0.4,1887.0,2263.0,up,a,0,stable,0.0,0.0,48h+
708,M.Fernandes,19,3,55,0.4,-793.0,-1003.0,down,a,0,stable,0.0,0.0,48h+
718,S.Magassa,19,3,50,0.0,-2.0,-4.0,down,a,0,stable,0.0,0.0,48h+
738,Fabianski,19,1,45,0.0,-12.0,-14.0,down,d,1,stable,0.0,0.0,48h+
747,Mayers,19,2,40,0.0,-5.0,-10.0,down,a,0,stable,0.0,0.0,48h+
752,Golambeckis,19,2,40,0.0,-2.0,-6.0,down,a,0,stable,0.0,0.0,48h+
758,Mohamadou Kanté,19,3,45,0.0,9.0,13.0,up,a,0,stable,0.0,0.0,48h+
785,Pablo,19,4,54,0.0,-4.0,-7.0,down,a,1,stable,0.0,0.0,48h+
791,Taty,19,4,55,0.1,-368.0,-456.0,down,a,0,stable,0.0,0.0,48h+
802,Lamadrid,19,3,50,0.0,4.0,6.0,up,a,0,stable,0.0,0.0,48h+
815,Disasi,19,2,45,0.1,55.0,92.0,up,a,0,stable,0.0,0.0,48h+
627,Johnstone,20,1,44,0.1,1.0,-2.0,up,a,0,stable,0.0,0.0,48h+
628,José Sá,20,1,42,1.3,-1331.0,-1526.0,down,d,1,stable,0.0,0.0,48h+
629,Bentley,20,1,39,0.5,-17.0,-46.0,down,a,0,stable,0.0,0.0,48h+
631,Agbadou,20,2,42,0.1,-17.0,-22.0,down,u,1,stable,0.0,0.0,48h+
632,Doherty,20,2,44,0.1,-9.0,-12.0,down,a,0,stable,0.0,0.0,48h+
633,H.Bueno,20,2,43,0.2,-388.0,-531.0,down,a,0,stable,0.0,0.0,48h+
634,Mosquera,20,2,43,0.1,-56.0,-75.0,down,a,0,stable,0.0,0.0,48h+
635,R.Gomes,20,2,44,0.1,212.0,272.0,up,a,0,stable,0.0,0.0,48h+
636,S.Bueno,20,2,44,0.1,-239.0,-298.0,down,a,0,stable,0.0,0.0,48h+
637,Toti,20,2,42,0.1,-9.0,-8.0,down,a,0,stable,0.0,0.0,48h+
638,Hoever,20,2,38,0.9,-367.0,-466.0,down,u,1,stable,0.0,0.0,48h+
639,Meupiyou,20,2,40,0.0,-1.0,-1.0,down,u,1,stable,0.0,0.0,48h+
640,Pedro Lima,20,2,40,0.4,-13.0,-30.0,down,a,0,stable,0.0,0.0,48h+
641,Pond,20,2,39,1.0,-181.0,-234.0,down,u,1,stable,0.0,0.0,48h+
642,Hee Chan,20,3,56,0.1,-52.0,-54.0,down,a,0,stable,0.0,0.0,48h+
643,André,20,3,52,0.1,478.0,585.0,up,a,0,stable,0.0,0.0,48h+
644,Bellegarde,20,3,51,0.0,-38.0,-57.0,down,a,0,stable,0.0,0.0,48h+
645,Fer López,20,3,51,0.0,-3.0,-4.0,down,u,1,stable,0.0,0.0,48h+
646,J.Gomes,20,3,53,0.3,85.0,189.0,up,a,0,stable,0.0,0.0,48h+
647,Guedes,20,3,55,0.0,0.0,0.0,flat,u,1,stable,0.0,0.0,48h+
648,Munetsi,20,3,53,0.0,-7.0,-8.0,down,u,1,stable,0.0,0.0,48h+
649,B.Traore,20,3,50,0.0,0.0,0.0,flat,u,1,stable,0.0,0.0,48h+
650,Chirewa,20,3,43,0.2,-45.0,-58.0,down,u,1,stable,0.0,0.0,48h+
651,Edozie,20,3,43,0.4,160.0,203.0,up,a,0,stable,0.0,0.0,48h+
652,Gonzalez,20,3,43,1.3,-98.0,-136.0,down,a,0,stable,0.0,0.0,48h+
653,Hodge,20,3,45,0.0,-5.0,-5.0,down,u,1,stable,0.0,0.0,48h+
655,Fábio Silva,20,4,49,0.2,-4.0,-5.0,down,u,1,stable,0.0,0.0,48h+
656,Kalajdžić,20,4,49,0.0,-2.0,-3.0,down,u,1,stable,0.0,0.0,48h+
657,Chiwome,20,4,44,0.0,6.0,3.0,up,a,0,stable,0.0,0.0,48h+
658,Fraser,20,4,42,1.9,-699.0,-923.0,down,a,0,stable,0.0,0.0,48h+
663,J.Arias,20,3,49,0.1,-51.0,-57.0,down,u,1,stable,0.0,0.0,48h+
682,Møller Wolfe,20,2,42,0.1,13.0,18.0,up,a,0,stable,0.0,0.0,48h+
695,Tchatchoua,20,2,44,0.0,15.0,22.0,up,a,0,stable,0.0,0.0,48h+
709,Krejčí,20,2,45,0.1,-11.0,-8.0,down,a,0,stable,0.0,0.0,48h+
720,Tolu,20,4,54,0.2,-678.0,-796.0,down,a,0,stable,0.0,0.0,48h+
749,Mané,20,4,45,2.1,-8604.0,-10812.0,down,a,0,stable,0.0,0.0,48h+
766,Olagunju,20,2,40,0.0,-9.0,-23.0,down,a,0,stable,0.0,0.0,48h+
767,Rawlings,20,3,45,0.0,3.0,2.0,up,a,0,stable,0.0,0.0,48h+
777,Ojinnaka,20,3,45,0.0,-3.0,-4.0,down,u,1,stable,0.0,0.0,48h+
778,Sutherland,20,3,45,0.0,-4.0,-10.0,down,a,0,stable,0.0,0.0,48h+
809,Abbey,20,3,45,0.0,12.0,-2.0,up,a,0,stable,0.0,0.0,48h+
816,Angel,20,3,48,0.0,-43.0,-54.0,down,a,0,stable,0.0,0.0,48h+
817,Armstrong,20,4,53,0.1,-278.0,-344.0,down,a,0,stable,0.0,0.0,48h+
