timestamp,id,web_name,NTI,NTI_1h,NTI_24h
2025-08-22 20:36:00,1,Raya,195924,0,0
2025-08-22 22:18:00,1,Raya,195924,0,0
2025-08-22 20:36:00,2,Arrizabalaga,-9012,0,0
2025-08-22 22:18:00,2,Arrizabalaga,-9012,0,0
2025-08-22 20:36:00,3,Hein,-1113,0,0
2025-08-22 22:18:00,3,Hein,-1113,0,0
2025-08-22 20:36:00,4,Setford,-471,0,0
2025-08-22 22:18:00,4,Setford,-471,0,0
2025-08-22 20:36:00,5,Gabriel,209396,0,0
2025-08-22 22:18:00,5,Gabriel,209396,0,0
2025-08-22 20:36:00,6,Saliba,209357,0,0
2025-08-22 22:18:00,6,Saliba,209357,0,0
2025-08-22 20:36:00,7,Calafiori,203797,0,0
2025-08-22 22:18:00,7,Calafiori,203797,0,0
2025-08-22 20:36:00,8,J.Timber,-21667,0,0
2025-08-22 22:18:00,8,J.Timber,-21667,0,0
2025-08-22 20:36:00,9,Kiwior,-1596,0,0
2025-08-22 22:18:00,9,Kiwior,-1596,0,0
2025-08-22 20:36:00,10,Lewis-Skelly,-48738,0,0
2025-08-22 22:18:00,10,Lewis-Skelly,-48738,0,0
2025-08-22 20:36:00,11,White,13167,0,0
2025-08-22 22:18:00,11,White,13167,0,0
2025-08-22 20:36:00,12,Zinchenko,-3274,0,0
2025-08-22 22:18:00,12,Zinchenko,-3274,0,0
2025-08-22 20:36:00,13,Clarke,-1551,0,0
2025-08-22 22:18:00,13,Clarke,-1551,0,0
2025-08-22 20:36:00,14,Kacurri,-1109,0,0
2025-08-22 22:18:00,14,Kacurri,-1109,0,0
2025-08-22 20:36:00,15,Nichols,-1072,0,0
2025-08-22 22:18:00,15,Nichols,-1072,0,0
2025-08-22 20:36:00,16,Saka,28345,0,0
2025-08-22 22:18:00,16,Saka,28345,0,0
2025-08-22 20:36:00,17,Ødegaard,11392,0,0
2025-08-22 22:18:00,17,Ødegaard,11392,0,0
2025-08-22 20:36:00,18,Madueke,-14592,0,0
2025-08-22 22:18:00,18,Madueke,-14592,0,0
2025-08-22 20:36:00,19,Martinelli,-8731,0,0
2025-08-22 22:18:00,19,Martinelli,-8731,0,0
2025-08-22 20:36:00,20,Trossard,-5886,0,0
2025-08-22 22:18:00,20,Trossard,-5886,0,0
2025-08-22 20:36:00,21,Rice,18304,0,0
2025-08-22 22:18:00,21,Rice,18304,0,0
2025-08-22 20:36:00,22,Merino,-11440,0,0
2025-08-22 22:18:00,22,Merino,-11440,0,0
2025-08-22 20:36:00,23,Fábio Vieira,-462,0,0
2025-08-22 22:18:00,23,Fábio Vieira,-462,0,0
2025-08-22 20:36:00,24,Nørgaard,-16657,0,0
2025-08-22 22:18:00,24,Nørgaard,-16657,0,0
2025-08-22 20:36:00,25,Nwaneri,-4930,0,0
2025-08-22 22:18:00,25,Nwaneri,-4930,0,0
2025-08-22 20:36:00,26,Zubimendi,2470,0,0
2025-08-22 22:18:00,26,Zubimendi,2470,0,0
2025-08-22 20:36:00,27,Nelson,-1286,0,0
2025-08-22 22:18:00,27,Nelson,-1286,0,0
2025-08-22 20:36:00,28,Kabia,-1431,0,0
2025-08-22 22:18:00,28,Kabia,-1431,0,0
2025-08-22 20:36:00,29,Sambi,-727,0,0
2025-08-22 22:18:00,29,Sambi,-727,0,0
2025-08-22 20:36:00,30,Havertz,-28404,0,0
2025-08-22 22:18:00,30,Havertz,-28404,0,0
2025-08-22 20:36:00,31,G.Jesus,-752,0,0
2025-08-22 22:18:00,31,G.Jesus,-752,0,0
2025-08-22 20:36:00,32,Martinez,13275,0,0
2025-08-22 22:18:00,32,Martinez,13275,0,0
2025-08-22 20:36:00,33,M.Bizot,33325,0,0
2025-08-22 22:18:00,33,M.Bizot,33325,0,0
2025-08-22 20:36:00,34,Gauci,-3741,0,0
2025-08-22 22:18:00,34,Gauci,-3741,0,0
2025-08-22 20:36:00,35,Marschall,-315,0,0
2025-08-22 22:18:00,35,Marschall,-315,0,0
2025-08-22 20:36:00,36,Cash,205674,0,0
2025-08-22 22:18:00,36,Cash,205674,0,0
2025-08-22 20:36:00,37,Digne,35910,0,0
2025-08-22 22:18:00,37,Digne,35910,0,0
2025-08-22 20:36:00,38,Konsa,-463301,0,0
2025-08-22 22:18:00,38,Konsa,-463301,0,0
2025-08-22 20:36:00,39,Maatsen,-10577,0,0
2025-08-22 22:18:00,39,Maatsen,-10577,0,0
2025-08-22 20:36:00,40,Mings,31450,0,0
2025-08-22 22:18:00,40,Mings,31450,0,0
2025-08-22 20:36:00,41,Pau,-3654,0,0
2025-08-22 22:18:00,41,Pau,-3654,0,0
2025-08-22 20:36:00,42,A.García,-4521,0,0
2025-08-22 22:18:00,42,A.García,-4521,0,0
2025-08-22 20:36:00,43,Alex Moreno,-51349,0,0
2025-08-22 22:18:00,43,Alex Moreno,-51349,0,0
2025-08-22 20:36:00,44,Bogarde,-1348,0,0
2025-08-22 22:18:00,44,Bogarde,-1348,0,0
2025-08-22 20:36:00,45,Sousa,-1117,0,0
2025-08-22 22:18:00,45,Sousa,-1117,0,0
2025-08-22 20:36:00,46,Yasin,-1120,0,0
2025-08-22 22:18:00,46,Yasin,-1120,0,0
2025-08-22 20:36:00,47,Rogers,-19196,0,0
2025-08-22 22:18:00,47,Rogers,-19196,0,0
2025-08-22 20:36:00,48,Tielemans,-16035,0,0
2025-08-22 22:18:00,48,Tielemans,-16035,0,0
2025-08-22 20:36:00,49,Bailey,-16156,0,0
2025-08-22 22:18:00,49,Bailey,-16156,0,0
2025-08-22 20:36:00,50,Buendía,-4386,0,0
2025-08-22 22:18:00,50,Buendía,-4386,0,0
2025-08-22 20:36:00,51,Iling Jr,-362,0,0
2025-08-22 22:18:00,51,Iling Jr,-362,0,0
2025-08-22 20:36:00,52,J.Ramsey,-9265,0,0
2025-08-22 22:18:00,52,J.Ramsey,-9265,0,0
2025-08-22 20:36:00,53,Malen,-38991,0,0
2025-08-22 22:18:00,53,Malen,-38991,0,0
2025-08-22 20:36:00,54,McGinn,-1632,0,0
2025-08-22 22:18:00,54,McGinn,-1632,0,0
2025-08-22 20:36:00,55,Barkley,-2643,0,0
2025-08-22 22:18:00,55,Barkley,-2643,0,0
2025-08-22 20:36:00,56,Barrenechea,-10,0,0
2025-08-22 22:18:00,56,Barrenechea,-10,0,0
2025-08-22 20:36:00,57,Dobbin,-496,0,0
2025-08-22 22:18:00,57,Dobbin,-496,0,0
2025-08-22 20:36:00,58,Kamara,-462,0,0
2025-08-22 22:18:00,58,Kamara,-462,0,0
2025-08-22 20:36:00,59,Onana,14992,0,0
2025-08-22 22:18:00,59,Onana,14992,0,0
2025-08-22 20:36:00,60,Broggio,-1003,0,0
2025-08-22 22:18:00,60,Broggio,-1003,0,0
2025-08-22 20:36:00,61,Dendoncker,-4513,0,0
2025-08-22 22:18:00,61,Dendoncker,-4513,0,0
2025-08-22 20:36:00,62,Jimoh-Aloba,-259,0,0
2025-08-22 22:18:00,62,Jimoh-Aloba,-259,0,0
2025-08-22 20:36:00,63,Young,-3179,0,0
2025-08-22 22:18:00,63,Young,-3179,0,0
2025-08-22 20:36:00,64,Watkins,-130909,0,0
2025-08-22 22:18:00,64,Watkins,-130909,0,0
2025-08-22 20:36:00,65,Redmond,-1324,0,0
2025-08-22 22:18:00,65,Redmond,-1324,0,0
2025-08-22 20:36:00,66,Neto,-5813,0,0
2025-08-22 22:18:00,66,Neto,-5813,0,0
2025-08-22 20:36:00,67,Petrović,29948,0,0
2025-08-22 22:18:00,67,Petrović,29948,0,0
2025-08-22 20:36:00,68,Dennis,2607,0,0
2025-08-22 22:18:00,68,Dennis,2607,0,0
2025-08-22 20:36:00,69,McKenna,-35,0,0
2025-08-22 22:18:00,69,McKenna,-35,0,0
2025-08-22 20:36:00,70,Paulsen,-37,0,0
2025-08-22 22:18:00,70,Paulsen,-37,0,0
2025-08-22 20:36:00,71,Zabarnyi,-4701,0,0
2025-08-22 22:18:00,71,Zabarnyi,-4701,0,0
2025-08-22 20:36:00,72,Senesi,34854,0,0
2025-08-22 22:18:00,72,Senesi,34854,0,0
2025-08-22 20:36:00,73,Smith,6831,0,0
2025-08-22 22:18:00,73,Smith,6831,0,0
2025-08-22 20:36:00,74,Truffert,24924,0,0
2025-08-22 22:18:00,74,Truffert,24924,0,0
2025-08-22 20:36:00,75,Akinmboni,-777,0,0
2025-08-22 22:18:00,75,Akinmboni,-777,0,0
2025-08-22 20:36:00,76,Bevan,-972,0,0
2025-08-22 22:18:00,76,Bevan,-972,0,0
2025-08-22 20:36:00,77,Hill,2939,0,0
2025-08-22 22:18:00,77,Hill,2939,0,0
2025-08-22 20:36:00,78,J.Araujo,-4728,0,0
2025-08-22 22:18:00,78,J.Araujo,-4728,0,0
2025-08-22 20:36:00,79,Mepham,-1129,0,0
2025-08-22 22:18:00,79,Mepham,-1129,0,0
2025-08-22 20:36:00,80,Soler,-1222,0,0
2025-08-22 22:18:00,80,Soler,-1222,0,0
2025-08-22 20:36:00,81,Kluivert,-34152,0,0
2025-08-22 22:18:00,81,Kluivert,-34152,0,0
2025-08-22 20:36:00,82,Semenyo,745994,0,0
2025-08-22 22:18:00,82,Semenyo,745994,0,0
2025-08-22 20:36:00,83,O.Dango,-1784,0,0
2025-08-22 22:18:00,83,O.Dango,-1784,0,0
2025-08-22 20:36:00,84,Tavernier,13449,0,0
2025-08-22 22:18:00,84,Tavernier,13449,0,0
2025-08-22 20:36:00,85,Adams,2735,0,0
2025-08-22 22:18:00,85,Adams,2735,0,0
2025-08-22 20:36:00,86,Brooks,7461,0,0
2025-08-22 22:18:00,86,Brooks,7461,0,0
2025-08-22 20:36:00,87,Christie,-2230,0,0
2025-08-22 22:18:00,87,Christie,-2230,0,0
2025-08-22 20:36:00,88,Cook,-259,0,0
2025-08-22 22:18:00,88,Cook,-259,0,0
2025-08-22 20:36:00,89,Philip,-946,0,0
2025-08-22 22:18:00,89,Philip,-946,0,0
2025-08-22 20:36:00,90,Scott,17,0,0
2025-08-22 22:18:00,90,Scott,17,0,0
2025-08-22 20:36:00,91,Sinisterra,-1078,0,0
2025-08-22 22:18:00,91,Sinisterra,-1078,0,0
2025-08-22 20:36:00,92,Faivre,-1082,0,0
2025-08-22 22:18:00,92,Faivre,-1082,0,0
2025-08-22 20:36:00,93,H.Traorè,54323,0,0
2025-08-22 22:18:00,93,H.Traorè,54323,0,0
2025-08-22 20:36:00,94,Sadi,-329,0,0
2025-08-22 22:18:00,94,Sadi,-329,0,0
2025-08-22 20:36:00,95,Silcott-Duberry,-726,0,0
2025-08-22 22:18:00,95,Silcott-Duberry,-726,0,0
2025-08-22 20:36:00,96,Winterburn,705,0,0
2025-08-22 22:18:00,96,Winterburn,705,0,0
2025-08-22 20:36:00,97,Evanilson,41466,0,0
2025-08-22 22:18:00,97,Evanilson,41466,0,0
2025-08-22 20:36:00,98,Enes Ünal,-171,0,0
2025-08-22 22:18:00,98,Enes Ünal,-171,0,0
2025-08-22 20:36:00,99,Adu-Adjei,-1104,0,0
2025-08-22 22:18:00,99,Adu-Adjei,-1104,0,0
2025-08-22 20:36:00,100,Kroupi.Jr,25302,0,0
2025-08-22 22:18:00,100,Kroupi.Jr,25302,0,0
2025-08-22 20:36:00,101,Kelleher,-47775,0,0
2025-08-22 22:18:00,101,Kelleher,-47775,0,0
2025-08-22 20:36:00,102,Balcombe,198,0,0
2025-08-22 22:18:00,102,Balcombe,198,0,0
2025-08-22 20:36:00,103,Cox,-179,0,0
2025-08-22 22:18:00,103,Cox,-179,0,0
2025-08-22 20:36:00,104,Eyestone,-230,0,0
2025-08-22 22:18:00,104,Eyestone,-230,0,0
2025-08-22 20:36:00,105,Valdimarsson,-3107,0,0
2025-08-22 22:18:00,105,Valdimarsson,-3107,0,0
2025-08-22 20:36:00,106,Collins,-14019,0,0
2025-08-22 22:18:00,106,Collins,-14019,0,0
2025-08-22 20:36:00,107,Lewis-Potter,-1384,0,0
2025-08-22 22:18:00,107,Lewis-Potter,-1384,0,0
2025-08-22 20:36:00,108,Ajer,-1340,0,0
2025-08-22 22:18:00,108,Ajer,-1340,0,0
2025-08-22 20:36:00,109,Henry,-249,0,0
2025-08-22 22:18:00,109,Henry,-249,0,0
2025-08-22 20:36:00,110,Kayode,-541,0,0
2025-08-22 22:18:00,110,Kayode,-541,0,0
2025-08-22 20:36:00,111,Pinnock,-3594,0,0
2025-08-22 22:18:00,111,Pinnock,-3594,0,0
2025-08-22 20:36:00,112,Roerslev,-434,0,0
2025-08-22 22:18:00,112,Roerslev,-434,0,0
2025-08-22 20:36:00,113,Van den Berg,1371,0,0
2025-08-22 22:18:00,113,Van den Berg,1371,0,0
2025-08-22 20:36:00,114,Arthur,-1079,0,0
2025-08-22 22:18:00,114,Arthur,-1079,0,0
2025-08-22 20:36:00,115,Fredrick,-901,0,0
2025-08-22 22:18:00,115,Fredrick,-901,0,0
2025-08-22 20:36:00,116,Hickey,-1948,0,0
2025-08-22 22:18:00,116,Hickey,-1948,0,0
2025-08-22 20:36:00,117,Ji-soo,-1048,0,0
2025-08-22 22:18:00,117,Ji-soo,-1048,0,0
2025-08-22 20:36:00,118,Meghoma,-2088,0,0
2025-08-22 22:18:00,118,Meghoma,-2088,0,0
2025-08-22 20:36:00,119,Mbeumo,43719,0,0
2025-08-22 22:18:00,119,Mbeumo,43719,0,0
2025-08-22 20:36:00,120,Schade,-3157,0,0
2025-08-22 22:18:00,120,Schade,-3157,0,0
2025-08-22 20:36:00,121,Damsgaard,-21148,0,0
2025-08-22 22:18:00,121,Damsgaard,-21148,0,0
2025-08-22 20:36:00,122,Milambo,-622,0,0
2025-08-22 22:18:00,122,Milambo,-622,0,0
2025-08-22 20:36:00,123,Carvalho,-1385,0,0
2025-08-22 22:18:00,123,Carvalho,-1385,0,0
2025-08-22 20:36:00,124,Henderson,-2715,0,0
2025-08-22 22:18:00,124,Henderson,-2715,0,0
2025-08-22 20:36:00,125,Janelt,-522,0,0
2025-08-22 22:18:00,125,Janelt,-522,0,0
2025-08-22 20:36:00,126,Jensen,-546,0,0
2025-08-22 22:18:00,126,Jensen,-546,0,0
2025-08-22 20:36:00,127,Nunes,-299,0,0
2025-08-22 22:18:00,127,Nunes,-299,0,0
2025-08-22 20:36:00,128,Onyeka,765,0,0
2025-08-22 22:18:00,128,Onyeka,765,0,0
2025-08-22 20:36:00,129,Yarmoliuk,-316,0,0
2025-08-22 22:18:00,129,Yarmoliuk,-316,0,0
2025-08-22 20:36:00,130,Donovan,-449,0,0
2025-08-22 22:18:00,130,Donovan,-449,0,0
2025-08-22 20:36:00,131,Konak,-1499,0,0
2025-08-22 22:18:00,131,Konak,-1499,0,0
2025-08-22 20:36:00,132,Maghoma,-674,0,0
2025-08-22 22:18:00,132,Maghoma,-674,0,0
2025-08-22 20:36:00,133,Peart-Harris,-200,0,0
2025-08-22 22:18:00,133,Peart-Harris,-200,0,0
2025-08-22 20:36:00,134,Trevitt,-298,0,0
2025-08-22 22:18:00,134,Trevitt,-298,0,0
2025-08-22 20:36:00,135,Wissa,-89195,0,0
2025-08-22 22:18:00,135,Wissa,-89195,0,0
2025-08-22 20:36:00,136,Thiago,14506,0,0
2025-08-22 22:18:00,136,Thiago,14506,0,0
2025-08-22 20:36:00,137,Morgan,-1898,0,0
2025-08-22 22:18:00,137,Morgan,-1898,0,0
2025-08-22 20:36:00,138,Steele,-4348,0,0
2025-08-22 22:18:00,138,Steele,-4348,0,0
2025-08-22 20:36:00,139,Verbruggen,-16745,0,0
2025-08-22 22:18:00,139,Verbruggen,-16745,0,0
2025-08-22 20:36:00,140,McGill,-154,0,0
2025-08-22 22:18:00,140,McGill,-154,0,0
2025-08-22 20:36:00,141,Rushworth,-69,0,0
2025-08-22 22:18:00,141,Rushworth,-69,0,0
2025-08-22 20:36:00,142,Scherpen,-59,0,0
2025-08-22 22:18:00,142,Scherpen,-59,0,0
2025-08-22 20:36:00,143,Boscagli,-1300,0,0
2025-08-22 22:18:00,143,Boscagli,-1300,0,0
2025-08-22 20:36:00,144,Coppola,-890,0,0
2025-08-22 22:18:00,144,Coppola,-890,0,0
2025-08-22 20:36:00,145,De Cuyper,-10813,0,0
2025-08-22 22:18:00,145,De Cuyper,-10813,0,0
2025-08-22 20:36:00,146,Dunk,3383,0,0
2025-08-22 22:18:00,146,Dunk,3383,0,0
2025-08-22 20:36:00,147,Estupiñan,-968,0,0
2025-08-22 22:18:00,147,Estupiñan,-968,0,0
2025-08-22 20:36:00,148,F.Kadıoğlu,-2329,0,0
2025-08-22 22:18:00,148,F.Kadıoğlu,-2329,0,0
2025-08-22 20:36:00,149,Igor,-227,0,0
2025-08-22 22:18:00,149,Igor,-227,0,0
2025-08-22 20:36:00,150,Lamptey,-4214,0,0
2025-08-22 22:18:00,150,Lamptey,-4214,0,0
2025-08-22 20:36:00,151,Van Hecke,-3017,0,0
2025-08-22 22:18:00,151,Van Hecke,-3017,0,0
2025-08-22 20:36:00,152,Veltman,-3414,0,0
2025-08-22 22:18:00,152,Veltman,-3414,0,0
2025-08-22 20:36:00,153,Webster,-333,0,0
2025-08-22 22:18:00,153,Webster,-333,0,0
2025-08-22 20:36:00,154,Cashin,-262,0,0
2025-08-22 22:18:00,154,Cashin,-262,0,0
2025-08-22 20:36:00,155,Slater,-997,0,0
2025-08-22 22:18:00,155,Slater,-997,0,0
2025-08-22 20:36:00,156,Tasker,-923,0,0
2025-08-22 22:18:00,156,Tasker,-923,0,0
2025-08-22 20:36:00,157,Mitoma,-82656,0,0
2025-08-22 22:18:00,157,Mitoma,-82656,0,0
2025-08-22 20:36:00,158,Georginio,-3000,0,0
2025-08-22 22:18:00,158,Georginio,-3000,0,0
2025-08-22 20:36:00,159,March,-907,0,0
2025-08-22 22:18:00,159,March,-907,0,0
2025-08-22 20:36:00,160,Minteh,-17065,0,0
2025-08-22 22:18:00,160,Minteh,-17065,0,0
2025-08-22 20:36:00,161,Enciso,-1316,0,0
2025-08-22 22:18:00,161,Enciso,-1316,0,0
2025-08-22 20:36:00,162,Gruda,-628,0,0
2025-08-22 22:18:00,162,Gruda,-628,0,0
2025-08-22 20:36:00,163,Hinshelwood,-2310,0,0
2025-08-22 22:18:00,163,Hinshelwood,-2310,0,0
2025-08-22 20:36:00,164,O'Riley,82013,0,0
2025-08-22 22:18:00,164,O'Riley,82013,0,0
2025-08-22 20:36:00,165,Sima,-347,0,0
2025-08-22 22:18:00,165,Sima,-347,0,0
2025-08-22 20:36:00,166,Ayari,-1127,0,0
2025-08-22 22:18:00,166,Ayari,-1127,0,0
2025-08-22 20:36:00,167,Baleba,-22227,0,0
2025-08-22 22:18:00,167,Baleba,-22227,0,0
2025-08-22 20:36:00,168,Buonanotte,-3501,0,0
2025-08-22 22:18:00,168,Buonanotte,-3501,0,0
2025-08-22 20:36:00,169,Gomez,-669,0,0
2025-08-22 22:18:00,169,Gomez,-669,0,0
2025-08-22 20:36:00,170,Milner,-900,0,0
2025-08-22 22:18:00,170,Milner,-900,0,0
2025-08-22 20:36:00,171,Sarmiento,-513,0,0
2025-08-22 22:18:00,171,Sarmiento,-513,0,0
2025-08-22 20:36:00,172,Watson,-233,0,0
2025-08-22 22:18:00,172,Watson,-233,0,0
2025-08-22 20:36:00,173,Wieffer,373,0,0
2025-08-22 22:18:00,173,Wieffer,373,0,0
2025-08-22 20:36:00,174,Yalcouye,-619,0,0
2025-08-22 22:18:00,174,Yalcouye,-619,0,0
2025-08-22 20:36:00,175,Knight,-447,0,0
2025-08-22 22:18:00,175,Knight,-447,0,0
2025-08-22 20:36:00,176,Mazilu,-280,0,0
2025-08-22 22:18:00,176,Mazilu,-280,0,0
2025-08-22 20:36:00,177,Moran,-300,0,0
2025-08-22 22:18:00,177,Moran,-300,0,0
2025-08-22 20:36:00,178,Welbeck,-77667,0,0
2025-08-22 22:18:00,178,Welbeck,-77667,0,0
2025-08-22 20:36:00,179,Ferguson,-770,0,0
2025-08-22 22:18:00,179,Ferguson,-770,0,0
2025-08-22 20:36:00,180,Tzimas,-1714,0,0
2025-08-22 22:18:00,180,Tzimas,-1714,0,0
2025-08-22 20:36:00,181,Kostoulas,-4080,0,0
2025-08-22 22:18:00,181,Kostoulas,-4080,0,0
2025-08-22 20:36:00,182,Trafford,28498,0,0
2025-08-22 22:18:00,182,Trafford,28498,0,0
2025-08-22 20:36:00,183,Weiss,-1309,0,0
2025-08-22 22:18:00,183,Weiss,-1309,0,0
2025-08-22 20:36:00,184,Green,-63,0,0
2025-08-22 22:18:00,184,Green,-63,0,0
2025-08-22 20:36:00,185,Hladký,-591,0,0
2025-08-22 22:18:00,185,Hladký,-591,0,0
2025-08-22 20:36:00,186,Roberts,-899,0,0
2025-08-22 22:18:00,186,Roberts,-899,0,0
2025-08-22 20:36:00,187,Walker,-3630,0,0
2025-08-22 22:18:00,187,Walker,-3630,0,0
2025-08-22 20:36:00,188,Delcroix,-1933,0,0
2025-08-22 22:18:00,188,Delcroix,-1933,0,0
2025-08-22 20:36:00,189,Dodgson,-814,0,0
2025-08-22 22:18:00,189,Dodgson,-814,0,0
2025-08-22 20:36:00,190,Ekdal,2106,0,0
2025-08-22 22:18:00,190,Ekdal,2106,0,0
2025-08-22 20:36:00,191,Estève,-217,0,0
2025-08-22 22:18:00,191,Estève,-217,0,0
2025-08-22 20:36:00,192,Hartman,2025,0,0
2025-08-22 22:18:00,192,Hartman,2025,0,0
2025-08-22 20:36:00,193,Humphreys,-874,0,0
2025-08-22 22:18:00,193,Humphreys,-874,0,0
2025-08-22 20:36:00,194,Jordan,-1215,0,0
2025-08-22 22:18:00,194,Jordan,-1215,0,0
2025-08-22 20:36:00,195,Lucas Pires,-1321,0,0
2025-08-22 22:18:00,195,Lucas Pires,-1321,0,0
2025-08-22 20:36:00,196,Sambo,-1861,0,0
2025-08-22 22:18:00,196,Sambo,-1861,0,0
2025-08-22 20:36:00,197,Sonne,114,0,0
2025-08-22 22:18:00,197,Sonne,114,0,0
2025-08-22 20:36:00,198,Tuanzebe,-17070,0,0
2025-08-22 22:18:00,198,Tuanzebe,-17070,0,0
2025-08-22 20:36:00,199,Worrall,-1060,0,0
2025-08-22 22:18:00,199,Worrall,-1060,0,0
2025-08-22 20:36:00,200,Anthony,330,0,0
2025-08-22 22:18:00,200,Anthony,330,0,0
2025-08-22 20:36:00,201,Benson,-335,0,0
2025-08-22 22:18:00,201,Benson,-335,0,0
2025-08-22 20:36:00,202,Bruun Larsen,-558,0,0
2025-08-22 22:18:00,202,Bruun Larsen,-558,0,0
2025-08-22 20:36:00,203,Boateng,-657,0,0
2025-08-22 22:18:00,203,Boateng,-657,0,0
2025-08-22 20:36:00,204,Churlinov,-326,0,0
2025-08-22 22:18:00,204,Churlinov,-326,0,0
2025-08-22 20:36:00,205,Cullen,2078,0,0
2025-08-22 22:18:00,205,Cullen,2078,0,0
2025-08-22 20:36:00,206,Edwards,-1168,0,0
2025-08-22 22:18:00,206,Edwards,-1168,0,0
2025-08-22 20:36:00,207,Hannibal,-963,0,0
2025-08-22 22:18:00,207,Hannibal,-963,0,0
2025-08-22 20:36:00,208,Koleosho,-524,0,0
2025-08-22 22:18:00,208,Koleosho,-524,0,0
2025-08-22 20:36:00,209,Laurent,-169,0,0
2025-08-22 22:18:00,209,Laurent,-169,0,0
2025-08-22 20:36:00,210,Tchaouna,-304,0,0
2025-08-22 22:18:00,210,Tchaouna,-304,0,0
2025-08-22 20:36:00,211,A.Ramsey,-63500,0,0
2025-08-22 22:18:00,211,A.Ramsey,-63500,0,0
2025-08-22 20:36:00,212,Adewumi,-995,0,0
2025-08-22 22:18:00,212,Adewumi,-995,0,0
2025-08-22 20:36:00,213,Banel,-280,0,0
2025-08-22 22:18:00,213,Banel,-280,0,0
2025-08-22 20:36:00,214,Trésor,-560,0,0
2025-08-22 22:18:00,214,Trésor,-560,0,0
2025-08-22 20:36:00,215,Flemming,-1206,0,0
2025-08-22 22:18:00,215,Flemming,-1206,0,0
2025-08-22 20:36:00,216,Amdouni,-1711,0,0
2025-08-22 22:18:00,216,Amdouni,-1711,0,0
2025-08-22 20:36:00,217,Foster,11085,0,0
2025-08-22 22:18:00,217,Foster,11085,0,0
2025-08-22 20:36:00,218,Barnes,-13561,0,0
2025-08-22 22:18:00,218,Barnes,-13561,0,0
2025-08-22 20:36:00,219,Obafemi,-2337,0,0
2025-08-22 22:18:00,219,Obafemi,-2337,0,0
2025-08-22 20:36:00,220,Sánchez,58579,0,0
2025-08-22 22:18:00,220,Sánchez,58579,0,0
2025-08-22 20:36:00,221,Jörgensen,-1858,0,0
2025-08-22 22:18:00,221,Jörgensen,-1858,0,0
2025-08-22 20:36:00,222,Penders,-112,0,0
2025-08-22 22:18:00,222,Penders,-112,0,0
2025-08-22 20:36:00,223,Slonina,-254,0,0
2025-08-22 22:18:00,223,Slonina,-254,0,0
2025-08-22 20:36:00,224,Cucurella,212056,0,0
2025-08-22 22:18:00,224,Cucurella,212056,0,0
2025-08-22 20:36:00,225,James,30938,0,0
2025-08-22 22:18:00,225,James,30938,0,0
2025-08-22 20:36:00,226,Chalobah,19814,0,0
2025-08-22 22:18:00,226,Chalobah,19814,0,0
2025-08-22 20:36:00,227,Colwill,-14507,0,0
2025-08-22 22:18:00,227,Colwill,-14507,0,0
2025-08-22 20:36:00,228,Gusto,-18024,0,0
2025-08-22 22:18:00,228,Gusto,-18024,0,0
2025-08-22 20:36:00,229,B.Badiashile,-608,0,0
2025-08-22 22:18:00,229,B.Badiashile,-608,0,0
2025-08-22 20:36:00,230,Fofana,-3292,0,0
2025-08-22 22:18:00,230,Fofana,-3292,0,0
2025-08-22 20:36:00,231,M.Sarr,-919,0,0
2025-08-22 22:18:00,231,M.Sarr,-919,0,0
2025-08-22 20:36:00,232,Tosin,-15925,0,0
2025-08-22 22:18:00,232,Tosin,-15925,0,0
2025-08-22 20:36:00,233,Acheampong,159625,0,0
2025-08-22 22:18:00,233,Acheampong,159625,0,0
2025-08-22 20:36:00,234,Anselmino,-1007,0,0
2025-08-22 22:18:00,234,Anselmino,-1007,0,0
2025-08-22 20:36:00,235,Palmer,-225277,0,0
2025-08-22 22:18:00,235,Palmer,-225277,0,0
2025-08-22 20:36:00,236,Neto,-26132,0,0
2025-08-22 22:18:00,236,Neto,-26132,0,0
2025-08-22 20:36:00,237,Enzo,-35252,0,0
2025-08-22 22:18:00,237,Enzo,-35252,0,0
2025-08-22 20:36:00,238,Estêvão,-22925,0,0
2025-08-22 22:18:00,238,Estêvão,-22925,0,0
2025-08-22 20:36:00,239,Gittens,-4227,0,0
2025-08-22 22:18:00,239,Gittens,-4227,0,0
2025-08-22 20:36:00,240,Nkunku,-3905,0,0
2025-08-22 22:18:00,240,Nkunku,-3905,0,0
2025-08-22 20:36:00,241,Caicedo,-15289,0,0
2025-08-22 22:18:00,241,Caicedo,-15289,0,0
2025-08-22 20:36:00,242,Dewsbury-Hall,-22071,0,0
2025-08-22 22:18:00,242,Dewsbury-Hall,-22071,0,0
2025-08-22 20:36:00,243,George,-527,0,0
2025-08-22 22:18:00,243,George,-527,0,0
2025-08-22 20:36:00,244,Lavia,-881,0,0
2025-08-22 22:18:00,244,Lavia,-881,0,0
2025-08-22 20:36:00,245,Mudryk,-93,0,0
2025-08-22 22:18:00,245,Mudryk,-93,0,0
2025-08-22 20:36:00,246,Andrey Santos,1234,0,0
2025-08-22 22:18:00,246,Andrey Santos,1234,0,0
2025-08-22 20:36:00,247,D.Essugo,-311,0,0
2025-08-22 22:18:00,247,D.Essugo,-311,0,0
2025-08-22 20:36:00,248,Paez,-408,0,0
2025-08-22 22:18:00,248,Paez,-408,0,0
2025-08-22 20:36:00,249,João Pedro,-242799,0,0
2025-08-22 22:18:00,249,João Pedro,-242799,0,0
2025-08-22 20:36:00,250,Delap,-50431,0,0
2025-08-22 22:18:00,250,Delap,-50431,0,0
2025-08-22 20:36:00,251,N.Jackson,1271,0,0
2025-08-22 22:18:00,251,N.Jackson,1271,0,0
2025-08-22 20:36:00,252,Marc Guiu,-18385,0,0
2025-08-22 22:18:00,252,Marc Guiu,-18385,0,0
2025-08-22 20:36:00,253,Henderson,7391,0,0
2025-08-22 22:18:00,253,Henderson,7391,0,0
2025-08-22 20:36:00,254,Benitez,-323,0,0
2025-08-22 22:18:00,254,Benitez,-323,0,0
2025-08-22 20:36:00,255,Matthews,-205,0,0
2025-08-22 22:18:00,255,Matthews,-205,0,0
2025-08-22 20:36:00,256,Muñoz,22881,0,0
2025-08-22 22:18:00,256,Muñoz,22881,0,0
2025-08-22 20:36:00,257,Lacroix,18005,0,0
2025-08-22 22:18:00,257,Lacroix,18005,0,0
2025-08-22 20:36:00,258,Mitchell,32256,0,0
2025-08-22 22:18:00,258,Mitchell,32256,0,0
2025-08-22 20:36:00,259,Sosa,-1035,0,0
2025-08-22 22:18:00,259,Sosa,-1035,0,0
2025-08-22 20:36:00,260,Guéhi,77542,0,0
2025-08-22 22:18:00,260,Guéhi,77542,0,0
2025-08-22 20:36:00,261,Richards,13739,0,0
2025-08-22 22:18:00,261,Richards,13739,0,0
2025-08-22 20:36:00,262,Chadi Riad,-45,0,0
2025-08-22 22:18:00,262,Chadi Riad,-45,0,0
2025-08-22 20:36:00,263,Clyne,-3404,0,0
2025-08-22 22:18:00,263,Clyne,-3404,0,0
2025-08-22 20:36:00,264,Holding,-1357,0,0
2025-08-22 22:18:00,264,Holding,-1357,0,0
2025-08-22 20:36:00,265,Kporha,-524,0,0
2025-08-22 22:18:00,265,Kporha,-524,0,0
2025-08-22 20:36:00,266,Eze,-50422,0,0
2025-08-22 22:18:00,266,Eze,-50422,0,0
2025-08-22 20:36:00,267,Sarr,-34538,0,0
2025-08-22 22:18:00,267,Sarr,-34538,0,0
2025-08-22 20:36:00,268,Doucouré,-68,0,0
2025-08-22 22:18:00,268,Doucouré,-68,0,0
2025-08-22 20:36:00,269,Esse,-2401,0,0
2025-08-22 22:18:00,269,Esse,-2401,0,0
2025-08-22 20:36:00,270,Hughes,-511,0,0
2025-08-22 22:18:00,270,Hughes,-511,0,0
2025-08-22 20:36:00,271,Kamada,-524,0,0
2025-08-22 22:18:00,271,Kamada,-524,0,0
2025-08-22 20:36:00,272,Lerma,-606,0,0
2025-08-22 22:18:00,272,Lerma,-606,0,0
2025-08-22 20:36:00,273,Wharton,527,0,0
2025-08-22 22:18:00,273,Wharton,527,0,0
2025-08-22 20:36:00,274,Agbinone,-323,0,0
2025-08-22 22:18:00,274,Agbinone,-323,0,0
2025-08-22 20:36:00,275,Ahamada,-226,0,0
2025-08-22 22:18:00,275,Ahamada,-226,0,0
2025-08-22 20:36:00,276,Devenny,-10335,0,0
2025-08-22 22:18:00,276,Devenny,-10335,0,0
2025-08-22 20:36:00,277,Ebiowei,-284,0,0
2025-08-22 22:18:00,277,Ebiowei,-284,0,0
2025-08-22 20:36:00,278,J.Rak-Sakyi,-396,0,0
2025-08-22 22:18:00,278,J.Rak-Sakyi,-396,0,0
2025-08-22 20:36:00,279,M.França,-391,0,0
2025-08-22 22:18:00,279,M.França,-391,0,0
2025-08-22 20:36:00,280,Ozoh,-69,0,0
2025-08-22 22:18:00,280,Ozoh,-69,0,0
2025-08-22 20:36:00,281,Rodney,-224,0,0
2025-08-22 22:18:00,281,Rodney,-224,0,0
2025-08-22 20:36:00,282,Umeh,-186,0,0
2025-08-22 22:18:00,282,Umeh,-186,0,0
2025-08-22 20:36:00,283,Mateta,-29112,0,0
2025-08-22 22:18:00,283,Mateta,-29112,0,0
2025-08-22 20:36:00,284,Nketiah,-12984,0,0
2025-08-22 22:18:00,284,Nketiah,-12984,0,0
2025-08-22 20:36:00,285,Édouard,-7487,0,0
2025-08-22 22:18:00,285,Édouard,-7487,0,0
2025-08-22 20:36:00,286,Marsh,-1362,0,0
2025-08-22 22:18:00,286,Marsh,-1362,0,0
2025-08-22 20:36:00,287,Pickford,-57041,0,0
2025-08-22 22:18:00,287,Pickford,-57041,0,0
2025-08-22 20:36:00,288,Travers,-887,0,0
2025-08-22 22:18:00,288,Travers,-887,0,0
2025-08-22 20:36:00,289,Tyrer,-286,0,0
2025-08-22 22:18:00,289,Tyrer,-286,0,0
2025-08-22 20:36:00,290,Branthwaite,-29583,0,0
2025-08-22 22:18:00,290,Branthwaite,-29583,0,0
2025-08-22 20:36:00,291,Tarkowski,-15957,0,0
2025-08-22 22:18:00,291,Tarkowski,-15957,0,0
2025-08-22 20:36:00,292,Mykolenko,-14251,0,0
2025-08-22 22:18:00,292,Mykolenko,-14251,0,0
2025-08-22 20:36:00,293,O'Brien,-2122,0,0
2025-08-22 22:18:00,293,O'Brien,-2122,0,0
2025-08-22 20:36:00,294,Coleman,-1131,0,0
2025-08-22 22:18:00,294,Coleman,-1131,0,0
2025-08-22 20:36:00,295,Keane,-381,0,0
2025-08-22 22:18:00,295,Keane,-381,0,0
2025-08-22 20:36:00,296,Patterson,-522,0,0
2025-08-22 22:18:00,296,Patterson,-522,0,0
2025-08-22 20:36:00,297,Dixon,-1088,0,0
2025-08-22 22:18:00,297,Dixon,-1088,0,0
2025-08-22 20:36:00,298,Welch,-1000,0,0
2025-08-22 22:18:00,298,Welch,-1000,0,0
2025-08-22 20:36:00,299,Ndiaye,-149151,0,0
2025-08-22 22:18:00,299,Ndiaye,-149151,0,0
2025-08-22 20:36:00,300,McNeil,-8838,0,0
2025-08-22 22:18:00,300,McNeil,-8838,0,0
2025-08-22 20:36:00,301,Alcaraz,-1701,0,0
2025-08-22 22:18:00,301,Alcaraz,-1701,0,0
2025-08-22 20:36:00,302,Gana,-1228,0,0
2025-08-22 22:18:00,302,Gana,-1228,0,0
2025-08-22 20:36:00,303,Garner,-825,0,0
2025-08-22 22:18:00,303,Garner,-825,0,0
2025-08-22 20:36:00,304,Iroegbunam,-274,0,0
2025-08-22 22:18:00,304,Iroegbunam,-274,0,0
2025-08-22 20:36:00,305,Armstrong,-1630,0,0
2025-08-22 22:18:00,305,Armstrong,-1630,0,0
2025-08-22 20:36:00,306,Bates,-408,0,0
2025-08-22 22:18:00,306,Bates,-408,0,0
2025-08-22 20:36:00,307,Ebere,-214,0,0
2025-08-22 22:18:00,307,Ebere,-214,0,0
2025-08-22 20:36:00,308,Heath,-270,0,0
2025-08-22 22:18:00,308,Heath,-270,0,0
2025-08-22 20:36:00,309,Metcalfe,-45,0,0
2025-08-22 22:18:00,309,Metcalfe,-45,0,0
2025-08-22 20:36:00,310,Barry,-9116,0,0
2025-08-22 22:18:00,310,Barry,-9116,0,0
2025-08-22 20:36:00,311,Beto,-61970,0,0
2025-08-22 22:18:00,311,Beto,-61970,0,0
2025-08-22 20:36:00,312,Y.Chermiti,-1429,0,0
2025-08-22 22:18:00,312,Y.Chermiti,-1429,0,0
2025-08-22 20:36:00,313,Sherif,-1182,0,0
2025-08-22 22:18:00,313,Sherif,-1182,0,0
2025-08-22 20:36:00,314,Leno,-9758,0,0
2025-08-22 22:18:00,314,Leno,-9758,0,0
2025-08-22 20:36:00,315,Benda,-97,0,0
2025-08-22 22:18:00,315,Benda,-97,0,0
2025-08-22 20:36:00,316,Robinson,-29614,0,0
2025-08-22 22:18:00,316,Robinson,-29614,0,0
2025-08-22 20:36:00,317,Andersen,-4604,0,0
2025-08-22 22:18:00,317,Andersen,-4604,0,0
2025-08-22 20:36:00,318,Bassey,-2367,0,0
2025-08-22 22:18:00,318,Bassey,-2367,0,0
2025-08-22 20:36:00,319,Castagne,-1179,0,0
2025-08-22 22:18:00,319,Castagne,-1179,0,0
2025-08-22 20:36:00,320,Diop,-763,0,0
2025-08-22 22:18:00,320,Diop,-763,0,0
2025-08-22 20:36:00,321,J.Cuenca,-257,0,0
2025-08-22 22:18:00,321,J.Cuenca,-257,0,0
2025-08-22 20:36:00,322,Tete,-512,0,0
2025-08-22 22:18:00,322,Tete,-512,0,0
2025-08-22 20:36:00,323,Amissah,-1224,0,0
2025-08-22 22:18:00,323,Amissah,-1224,0,0
2025-08-22 20:36:00,324,Iwobi,-22318,0,0
2025-08-22 22:18:00,324,Iwobi,-22318,0,0
2025-08-22 20:36:00,325,Smith Rowe,-18647,0,0
2025-08-22 22:18:00,325,Smith Rowe,-18647,0,0
2025-08-22 20:36:00,326,Adama,-4592,0,0
2025-08-22 22:18:00,326,Adama,-4592,0,0
2025-08-22 20:36:00,327,Andreas,-6985,0,0
2025-08-22 22:18:00,327,Andreas,-6985,0,0
2025-08-22 20:36:00,328,Sessegnon,-767,0,0
2025-08-22 22:18:00,328,Sessegnon,-767,0,0
2025-08-22 20:36:00,329,Wilson,-8715,0,0
2025-08-22 22:18:00,329,Wilson,-8715,0,0
2025-08-22 20:36:00,330,Berge,-525,0,0
2025-08-22 22:18:00,330,Berge,-525,0,0
2025-08-22 20:36:00,331,Cairney,-468,0,0
2025-08-22 22:18:00,331,Cairney,-468,0,0
2025-08-22 20:36:00,332,Lukić,-507,0,0
2025-08-22 22:18:00,332,Lukić,-507,0,0
2025-08-22 20:36:00,333,Godo,-497,0,0
2025-08-22 22:18:00,333,Godo,-497,0,0
2025-08-22 20:36:00,334,Harris,-114,0,0
2025-08-22 22:18:00,334,Harris,-114,0,0
2025-08-22 20:36:00,335,King,21642,0,0
2025-08-22 22:18:00,335,King,21642,0,0
2025-08-22 20:36:00,336,Reed,-2100,0,0
2025-08-22 22:18:00,336,Reed,-2100,0,0
2025-08-22 20:36:00,337,Raúl,-27234,0,0
2025-08-22 22:18:00,337,Raúl,-27234,0,0
2025-08-22 20:36:00,338,Muniz,31591,0,0
2025-08-22 22:18:00,338,Muniz,31591,0,0
2025-08-22 20:36:00,339,Meslier,-7585,0,0
2025-08-22 22:18:00,339,Meslier,-7585,0,0
2025-08-22 20:36:00,340,Cairns,-422,0,0
2025-08-22 22:18:00,340,Cairns,-422,0,0
2025-08-22 20:36:00,341,Darlow,-9342,0,0
2025-08-22 22:18:00,341,Darlow,-9342,0,0
2025-08-22 20:36:00,342,Bogle,-798,0,0
2025-08-22 22:18:00,342,Bogle,-798,0,0
2025-08-22 20:36:00,343,Struijk,1032,0,0
2025-08-22 22:18:00,343,Struijk,1032,0,0
2025-08-22 20:36:00,344,Bijol,642,0,0
2025-08-22 22:18:00,344,Bijol,642,0,0
2025-08-22 20:36:00,345,Bornauw,-790,0,0
2025-08-22 22:18:00,345,Bornauw,-790,0,0
2025-08-22 20:36:00,346,Byram,-1736,0,0
2025-08-22 22:18:00,346,Byram,-1736,0,0
2025-08-22 20:36:00,347,Gudmundsson,54037,0,0
2025-08-22 22:18:00,347,Gudmundsson,54037,0,0
2025-08-22 20:36:00,348,Rodon,5721,0,0
2025-08-22 22:18:00,348,Rodon,5721,0,0
2025-08-22 20:36:00,349,Schmidt,-1407,0,0
2025-08-22 22:18:00,349,Schmidt,-1407,0,0
2025-08-22 20:36:00,350,Aaronson,-909,0,0
2025-08-22 22:18:00,350,Aaronson,-909,0,0
2025-08-22 20:36:00,351,Gnonto,-3557,0,0
2025-08-22 22:18:00,351,Gnonto,-3557,0,0
2025-08-22 20:36:00,352,Harrison,-2461,0,0
2025-08-22 22:18:00,352,Harrison,-2461,0,0
2025-08-22 20:36:00,353,James,-5172,0,0
2025-08-22 22:18:00,353,James,-5172,0,0
2025-08-22 20:36:00,354,Ampadu,-986,0,0
2025-08-22 22:18:00,354,Ampadu,-986,0,0
2025-08-22 20:36:00,355,Greenwood,-1446,0,0
2025-08-22 22:18:00,355,Greenwood,-1446,0,0
2025-08-22 20:36:00,356,Gruev,-523,0,0
2025-08-22 22:18:00,356,Gruev,-523,0,0
2025-08-22 20:36:00,357,Ramazani,-745,0,0
2025-08-22 22:18:00,357,Ramazani,-745,0,0
2025-08-22 20:36:00,358,Tanaka,-295,0,0
2025-08-22 22:18:00,358,Tanaka,-295,0,0
2025-08-22 20:36:00,359,Crew,-348,0,0
2025-08-22 22:18:00,359,Crew,-348,0,0
2025-08-22 20:36:00,360,Gelhardt,-999,0,0
2025-08-22 22:18:00,360,Gelhardt,-999,0,0
2025-08-22 20:36:00,361,Gyabi,-537,0,0
2025-08-22 22:18:00,361,Gyabi,-537,0,0
2025-08-22 20:36:00,362,Piroe,-16322,0,0
2025-08-22 22:18:00,362,Piroe,-16322,0,0
2025-08-22 20:36:00,363,Bamford,-25944,0,0
2025-08-22 22:18:00,363,Bamford,-25944,0,0
2025-08-22 20:36:00,364,Mateo Joseph,-1097,0,0
2025-08-22 22:18:00,364,Mateo Joseph,-1097,0,0
2025-08-22 20:36:00,365,Nmecha,15035,0,0
2025-08-22 22:18:00,365,Nmecha,15035,0,0
2025-08-22 20:36:00,366,A.Becker,-85771,0,0
2025-08-22 22:18:00,366,A.Becker,-85771,0,0
2025-08-22 20:36:00,367,Mamardashvili,-7559,0,0
2025-08-22 22:18:00,367,Mamardashvili,-7559,0,0
2025-08-22 20:36:00,368,Pécsi,-424,0,0
2025-08-22 22:18:00,368,Pécsi,-424,0,0
2025-08-22 20:36:00,369,Woodman,-492,0,0
2025-08-22 22:18:00,369,Woodman,-492,0,0
2025-08-22 20:36:00,370,Frimpong,-872205,0,0
2025-08-22 22:18:00,370,Frimpong,-872205,0,0
2025-08-22 20:36:00,371,Kerkez,-76402,0,0
2025-08-22 22:18:00,371,Kerkez,-76402,0,0
2025-08-22 20:36:00,372,Robertson,-18436,0,0
2025-08-22 22:18:00,372,Robertson,-18436,0,0
2025-08-22 20:36:00,373,Virgil,-14121,0,0
2025-08-22 22:18:00,373,Virgil,-14121,0,0
2025-08-22 20:36:00,374,Konaté,-20302,0,0
2025-08-22 22:18:00,374,Konaté,-20302,0,0
2025-08-22 20:36:00,375,Bradley,-3132,0,0
2025-08-22 22:18:00,375,Bradley,-3132,0,0
2025-08-22 20:36:00,376,Gomez,158,0,0
2025-08-22 22:18:00,376,Gomez,158,0,0
2025-08-22 20:36:00,377,Tsimikas,-1998,0,0
2025-08-22 22:18:00,377,Tsimikas,-1998,0,0
2025-08-22 20:36:00,378,Nallo,-1144,0,0
2025-08-22 22:18:00,378,Nallo,-1144,0,0
2025-08-22 20:36:00,379,R.Williams,-1671,0,0
2025-08-22 22:18:00,379,R.Williams,-1671,0,0
2025-08-22 20:36:00,380,Ramsay,-1645,0,0
2025-08-22 22:18:00,380,Ramsay,-1645,0,0
2025-08-22 20:36:00,381,M.Salah,7697,0,0
2025-08-22 22:18:00,381,M.Salah,7697,0,0
2025-08-22 20:36:00,382,Wirtz,-471028,0,0
2025-08-22 22:18:00,382,Wirtz,-471028,0,0
2025-08-22 20:36:00,383,Luis Díaz,-4294,0,0
2025-08-22 22:18:00,383,Luis Díaz,-4294,0,0
2025-08-22 20:36:00,384,Gakpo,75556,0,0
2025-08-22 22:18:00,384,Gakpo,75556,0,0
2025-08-22 20:36:00,385,Chiesa,5877,0,0
2025-08-22 22:18:00,385,Chiesa,5877,0,0
2025-08-22 20:36:00,386,Mac Allister,764,0,0
2025-08-22 22:18:00,386,Mac Allister,764,0,0
2025-08-22 20:36:00,387,Szoboszlai,-24585,0,0
2025-08-22 22:18:00,387,Szoboszlai,-24585,0,0
2025-08-22 20:36:00,388,C.Jones,-2052,0,0
2025-08-22 22:18:00,388,C.Jones,-2052,0,0
2025-08-22 20:36:00,389,Elliott,-3106,0,0
2025-08-22 22:18:00,389,Elliott,-3106,0,0
2025-08-22 20:36:00,390,Gravenberch,1789,0,0
2025-08-22 22:18:00,390,Gravenberch,1789,0,0
2025-08-22 20:36:00,391,Gannon-Doak,928,0,0
2025-08-22 22:18:00,391,Gannon-Doak,928,0,0
2025-08-22 20:36:00,392,Endo,74,0,0
2025-08-22 22:18:00,392,Endo,74,0,0
2025-08-22 20:36:00,393,Bajcetic,-497,0,0
2025-08-22 22:18:00,393,Bajcetic,-497,0,0
2025-08-22 20:36:00,394,McConnell,-344,0,0
2025-08-22 22:18:00,394,McConnell,-344,0,0
2025-08-22 20:36:00,395,Morton,-148,0,0
2025-08-22 22:18:00,395,Morton,-148,0,0
2025-08-22 20:36:00,396,Nyoni,-1090,0,0
2025-08-22 22:18:00,396,Nyoni,-1090,0,0
2025-08-22 20:36:00,397,Darwin,-10251,0,0
2025-08-22 22:18:00,397,Darwin,-10251,0,0
2025-08-22 20:36:00,398,Danns,-1529,0,0
2025-08-22 22:18:00,398,Danns,-1529,0,0
2025-08-22 20:36:00,399,Ederson M.,-64217,0,0
2025-08-22 22:18:00,399,Ederson M.,-64217,0,0
2025-08-22 20:36:00,400,Ortega Moreno,-3658,0,0
2025-08-22 22:18:00,400,Ortega Moreno,-3658,0,0
2025-08-22 20:36:00,401,Bettinelli,-857,0,0
2025-08-22 22:18:00,401,Bettinelli,-857,0,0
2025-08-22 20:36:00,402,Aït-Nouri,229775,0,0
2025-08-22 22:18:00,402,Aït-Nouri,229775,0,0
2025-08-22 20:36:00,403,Gvardiol,-438827,0,0
2025-08-22 22:18:00,403,Gvardiol,-438827,0,0
2025-08-22 20:36:00,404,Akanji,-13239,0,0
2025-08-22 22:18:00,404,Akanji,-13239,0,0
2025-08-22 20:36:00,405,Aké,-8739,0,0
2025-08-22 22:18:00,405,Aké,-8739,0,0
2025-08-22 20:36:00,406,Khusanov,-5173,0,0
2025-08-22 22:18:00,406,Khusanov,-5173,0,0
2025-08-22 20:36:00,407,Matheus N.,-7402,0,0
2025-08-22 22:18:00,407,Matheus N.,-7402,0,0
2025-08-22 20:36:00,408,Rúben,19661,0,0
2025-08-22 22:18:00,408,Rúben,19661,0,0
2025-08-22 20:36:00,409,Stones,7018,0,0
2025-08-22 22:18:00,409,Stones,7018,0,0
2025-08-22 20:36:00,410,Lewis,169444,0,0
2025-08-22 22:18:00,410,Lewis,169444,0,0
2025-08-22 20:36:00,411,O’Reilly,-2196,0,0
2025-08-22 22:18:00,411,O’Reilly,-2196,0,0
2025-08-22 20:36:00,412,Vitor Reis,-433,0,0
2025-08-22 22:18:00,412,Vitor Reis,-433,0,0
2025-08-22 20:36:00,413,Marmoush,-248451,0,0
2025-08-22 22:18:00,413,Marmoush,-248451,0,0
2025-08-22 20:36:00,414,Foden,-21040,0,0
2025-08-22 22:18:00,414,Foden,-21040,0,0
2025-08-22 20:36:00,415,Savinho,-44371,0,0
2025-08-22 22:18:00,415,Savinho,-44371,0,0
2025-08-22 20:36:00,416,Bernardo,-7807,0,0
2025-08-22 22:18:00,416,Bernardo,-7807,0,0
2025-08-22 20:36:00,417,Cherki,10579,0,0
2025-08-22 22:18:00,417,Cherki,10579,0,0
2025-08-22 20:36:00,418,Doku,-15144,0,0
2025-08-22 22:18:00,418,Doku,-15144,0,0
2025-08-22 20:36:00,419,Grealish,-36447,0,0
2025-08-22 22:18:00,419,Grealish,-36447,0,0
2025-08-22 20:36:00,420,Gündoğan,-4311,0,0
2025-08-22 22:18:00,420,Gündoğan,-4311,0,0
2025-08-22 20:36:00,421,Rodrigo,-11386,0,0
2025-08-22 22:18:00,421,Rodrigo,-11386,0,0
2025-08-22 20:36:00,422,Kovačić,-220,0,0
2025-08-22 22:18:00,422,Kovačić,-220,0,0
2025-08-22 20:36:00,423,N.Gonzalez,26,0,0
2025-08-22 22:18:00,423,N.Gonzalez,26,0,0
2025-08-22 20:36:00,424,Bobb,18275,0,0
2025-08-22 22:18:00,424,Bobb,18275,0,0
2025-08-22 20:36:00,425,Echeverri,-873,0,0
2025-08-22 22:18:00,425,Echeverri,-873,0,0
2025-08-22 20:36:00,426,McAtee,-708,0,0
2025-08-22 22:18:00,426,McAtee,-708,0,0
2025-08-22 20:36:00,427,Reijnders,1055854,0,0
2025-08-22 22:18:00,427,Reijnders,1055854,0,0
2025-08-22 20:36:00,428,Nypan,-856,0,0
2025-08-22 22:18:00,428,Nypan,-856,0,0
2025-08-22 20:36:00,429,Phillips,-823,0,0
2025-08-22 22:18:00,429,Phillips,-823,0,0
2025-08-22 20:36:00,430,Haaland,360665,0,0
2025-08-22 22:18:00,430,Haaland,360665,0,0
2025-08-22 20:36:00,431,Bayindir,-984,0,0
2025-08-22 22:18:00,431,Bayindir,-984,0,0
2025-08-22 20:36:00,432,Onana,-768,0,0
2025-08-22 22:18:00,432,Onana,-768,0,0
2025-08-22 20:36:00,433,Harrison,-78,0,0
2025-08-22 22:18:00,433,Harrison,-78,0,0
2025-08-22 20:36:00,434,Heaton,-465,0,0
2025-08-22 22:18:00,434,Heaton,-465,0,0
2025-08-22 20:36:00,435,Mee,-305,0,0
2025-08-22 22:18:00,435,Mee,-305,0,0
2025-08-22 20:36:00,436,De Ligt,28278,0,0
2025-08-22 22:18:00,436,De Ligt,28278,0,0
2025-08-22 20:36:00,437,Martinez,-6082,0,0
2025-08-22 22:18:00,437,Martinez,-6082,0,0
2025-08-22 20:36:00,438,Mazraoui,-10359,0,0
2025-08-22 22:18:00,438,Mazraoui,-10359,0,0
2025-08-22 20:36:00,439,D.Leon,-887,0,0
2025-08-22 22:18:00,439,D.Leon,-887,0,0
2025-08-22 20:36:00,440,Dalot,-6709,0,0
2025-08-22 22:18:00,440,Dalot,-6709,0,0
2025-08-22 20:36:00,441,Dorgu,134063,0,0
2025-08-22 22:18:00,441,Dorgu,134063,0,0
2025-08-22 20:36:00,442,Maguire,-4610,0,0
2025-08-22 22:18:00,442,Maguire,-4610,0,0
2025-08-22 20:36:00,443,Shaw,3315,0,0
2025-08-22 22:18:00,443,Shaw,3315,0,0
2025-08-22 20:36:00,444,Yoro,19317,0,0
2025-08-22 22:18:00,444,Yoro,19317,0,0
2025-08-22 20:36:00,445,Amass,-1295,0,0
2025-08-22 22:18:00,445,Amass,-1295,0,0
2025-08-22 20:36:00,446,Fredricson,-962,0,0
2025-08-22 22:18:00,446,Fredricson,-962,0,0
2025-08-22 20:36:00,447,Heaven,-8409,0,0
2025-08-22 22:18:00,447,Heaven,-8409,0,0
2025-08-22 20:36:00,448,Malacia,-1913,0,0
2025-08-22 22:18:00,448,Malacia,-1913,0,0
2025-08-22 20:36:00,449,B.Fernandes,-89929,0,0
2025-08-22 22:18:00,449,B.Fernandes,-89929,0,0
2025-08-22 20:36:00,450,Cunha,85660,0,0
2025-08-22 22:18:00,450,Cunha,85660,0,0
2025-08-22 20:36:00,451,Rashford,-861,0,0
2025-08-22 22:18:00,451,Rashford,-861,0,0
2025-08-22 20:36:00,452,Amad,-35215,0,0
2025-08-22 22:18:00,452,Amad,-35215,0,0
2025-08-22 20:36:00,453,Garnacho,-3219,0,0
2025-08-22 22:18:00,453,Garnacho,-3219,0,0
2025-08-22 20:36:00,454,Antony,-1918,0,0
2025-08-22 22:18:00,454,Antony,-1918,0,0
2025-08-22 20:36:00,455,Mount,37,0,0
2025-08-22 22:18:00,455,Mount,37,0,0
2025-08-22 20:36:00,456,Sancho,-2048,0,0
2025-08-22 22:18:00,456,Sancho,-2048,0,0
2025-08-22 20:36:00,457,Casemiro,-1044,0,0
2025-08-22 22:18:00,457,Casemiro,-1044,0,0
2025-08-22 20:36:00,458,Mainoo,-9721,0,0
2025-08-22 22:18:00,458,Mainoo,-9721,0,0
2025-08-22 20:36:00,459,Ugarte,-1866,0,0
2025-08-22 22:18:00,459,Ugarte,-1866,0,0
2025-08-22 20:36:00,460,Collyer,-1948,0,0
2025-08-22 22:18:00,460,Collyer,-1948,0,0
2025-08-22 20:36:00,461,Fitzgerald,-286,0,0
2025-08-22 22:18:00,461,Fitzgerald,-286,0,0
2025-08-22 20:36:00,462,J.Fletcher,-300,0,0
2025-08-22 22:18:00,462,J.Fletcher,-300,0,0
2025-08-22 20:36:00,463,Kone,-511,0,0
2025-08-22 22:18:00,463,Kone,-511,0,0
2025-08-22 20:36:00,464,Moorhouse,-235,0,0
2025-08-22 22:18:00,464,Moorhouse,-235,0,0
2025-08-22 20:36:00,465,Højlund,-12383,0,0
2025-08-22 22:18:00,465,Højlund,-12383,0,0
2025-08-22 20:36:00,466,Zirkzee,-3902,0,0
2025-08-22 22:18:00,466,Zirkzee,-3902,0,0
2025-08-22 20:36:00,467,Obi,-17053,0,0
2025-08-22 22:18:00,467,Obi,-17053,0,0
2025-08-22 20:36:00,468,Wheatley,-1160,0,0
2025-08-22 22:18:00,468,Wheatley,-1160,0,0
2025-08-22 20:36:00,469,Pope,16005,0,0
2025-08-22 22:18:00,469,Pope,16005,0,0
2025-08-22 20:36:00,470,Dúbravka,91874,0,0
2025-08-22 22:18:00,470,Dúbravka,91874,0,0
2025-08-22 20:36:00,471,Gillespie,-339,0,0
2025-08-22 22:18:00,471,Gillespie,-339,0,0
2025-08-22 20:36:00,472,Odysseas,-707,0,0
2025-08-22 22:18:00,472,Odysseas,-707,0,0
2025-08-22 20:36:00,473,Hall,-31612,0,0
2025-08-22 22:18:00,473,Hall,-31612,0,0
2025-08-22 20:36:00,474,Schär,11276,0,0
2025-08-22 22:18:00,474,Schär,11276,0,0
2025-08-22 20:36:00,475,Botman,-7134,0,0
2025-08-22 22:18:00,475,Botman,-7134,0,0
2025-08-22 20:36:00,476,Burn,26639,0,0
2025-08-22 22:18:00,476,Burn,26639,0,0
2025-08-22 20:36:00,477,Livramento,34879,0,0
2025-08-22 22:18:00,477,Livramento,34879,0,0
2025-08-22 20:36:00,478,Trippier,7758,0,0
2025-08-22 22:18:00,478,Trippier,7758,0,0
2025-08-22 20:36:00,479,Krafth,-551,0,0
2025-08-22 22:18:00,479,Krafth,-551,0,0
2025-08-22 20:36:00,480,Lascelles,-948,0,0
2025-08-22 22:18:00,480,Lascelles,-948,0,0
2025-08-22 20:36:00,481,A.Murphy,-4584,0,0
2025-08-22 22:18:00,481,A.Murphy,-4584,0,0
2025-08-22 20:36:00,482,Ashby,-1075,0,0
2025-08-22 22:18:00,482,Ashby,-1075,0,0
2025-08-22 20:36:00,483,Pivas,-1064,0,0
2025-08-22 22:18:00,483,Pivas,-1064,0,0
2025-08-22 20:36:00,484,Targett,-3086,0,0
2025-08-22 22:18:00,484,Targett,-3086,0,0
2025-08-22 20:36:00,485,Gordon,5379,0,0
2025-08-22 22:18:00,485,Gordon,5379,0,0
2025-08-22 20:36:00,486,Elanga,-97774,0,0
2025-08-22 22:18:00,486,Elanga,-97774,0,0
2025-08-22 20:36:00,487,Barnes,-5711,0,0
2025-08-22 22:18:00,487,Barnes,-5711,0,0
2025-08-22 20:36:00,488,Bruno G.,-18705,0,0
2025-08-22 22:18:00,488,Bruno G.,-18705,0,0
2025-08-22 20:36:00,489,J.Murphy,-53615,0,0
2025-08-22 22:18:00,489,J.Murphy,-53615,0,0
2025-08-22 20:36:00,490,Joelinton,-5627,0,0
2025-08-22 22:18:00,490,Joelinton,-5627,0,0
2025-08-22 20:36:00,491,Tonali,-18955,0,0
2025-08-22 22:18:00,491,Tonali,-18955,0,0
2025-08-22 20:36:00,492,Antoñito C.,-513,0,0
2025-08-22 22:18:00,492,Antoñito C.,-513,0,0
2025-08-22 20:36:00,493,Longstaff,-2099,0,0
2025-08-22 22:18:00,493,Longstaff,-2099,0,0
2025-08-22 20:36:00,494,Willock,-1122,0,0
2025-08-22 22:18:00,494,Willock,-1122,0,0
2025-08-22 20:36:00,495,Hayden,-596,0,0
2025-08-22 22:18:00,495,Hayden,-596,0,0
2025-08-22 20:36:00,496,Kuol,-537,0,0
2025-08-22 22:18:00,496,Kuol,-537,0,0
2025-08-22 20:36:00,497,L.Miley,-11087,0,0
2025-08-22 22:18:00,497,L.Miley,-11087,0,0
2025-08-22 20:36:00,498,White,-448,0,0
2025-08-22 22:18:00,498,White,-448,0,0
2025-08-22 20:36:00,499,Isak,-346337,0,0
2025-08-22 22:18:00,499,Isak,-346337,0,0
2025-08-22 20:36:00,500,Osula,-2282,0,0
2025-08-22 22:18:00,500,Osula,-2282,0,0
2025-08-22 20:36:00,501,Neave,-1635,0,0
2025-08-22 22:18:00,501,Neave,-1635,0,0
2025-08-22 20:36:00,502,Sels,-63524,0,0
2025-08-22 22:18:00,502,Sels,-63524,0,0
2025-08-22 20:36:00,503,C.Miguel,-1772,0,0
2025-08-22 22:18:00,503,C.Miguel,-1772,0,0
2025-08-22 20:36:00,504,Turner,-4399,0,0
2025-08-22 22:18:00,504,Turner,-4399,0,0
2025-08-22 20:36:00,505,Milenković,-29960,0,0
2025-08-22 22:18:00,505,Milenković,-29960,0,0
2025-08-22 20:36:00,506,Murillo,-18669,0,0
2025-08-22 22:18:00,506,Murillo,-18669,0,0
2025-08-22 20:36:00,507,Aina,14728,0,0
2025-08-22 22:18:00,507,Aina,14728,0,0
2025-08-22 20:36:00,508,N.Williams,-27777,0,0
2025-08-22 22:18:00,508,N.Williams,-27777,0,0
2025-08-22 20:36:00,509,David Carmo,-421,0,0
2025-08-22 22:18:00,509,David Carmo,-421,0,0
2025-08-22 20:36:00,510,Jair Cunha,-769,0,0
2025-08-22 22:18:00,510,Jair Cunha,-769,0,0
2025-08-22 20:36:00,511,Morato,-951,0,0
2025-08-22 22:18:00,511,Morato,-951,0,0
2025-08-22 20:36:00,512,O.Richards,-430,0,0
2025-08-22 22:18:00,512,O.Richards,-430,0,0
2025-08-22 20:36:00,513,Abbott,-1095,0,0
2025-08-22 22:18:00,513,Abbott,-1095,0,0
2025-08-22 20:36:00,514,Boly,-2484,0,0
2025-08-22 22:18:00,514,Boly,-2484,0,0
2025-08-22 20:36:00,515,Gibbs-White,-14669,0,0
2025-08-22 22:18:00,515,Gibbs-White,-14669,0,0
2025-08-22 20:36:00,516,Hudson-Odoi,-10914,0,0
2025-08-22 22:18:00,516,Hudson-Odoi,-10914,0,0
2025-08-22 20:36:00,517,Anderson,-5431,0,0
2025-08-22 22:18:00,517,Anderson,-5431,0,0
2025-08-22 20:36:00,518,Jota,-986,0,0
2025-08-22 22:18:00,518,Jota,-986,0,0
2025-08-22 20:36:00,519,Dominguez,-17,0,0
2025-08-22 22:18:00,519,Dominguez,-17,0,0
2025-08-22 20:36:00,520,O'Brien,-54,0,0
2025-08-22 22:18:00,520,O'Brien,-54,0,0
2025-08-22 20:36:00,521,Sangaré,-245,0,0
2025-08-22 22:18:00,521,Sangaré,-245,0,0
2025-08-22 20:36:00,522,Yates,-1437,0,0
2025-08-22 22:18:00,522,Yates,-1437,0,0
2025-08-22 20:36:00,523,Da Silva Moreira,-1241,0,0
2025-08-22 22:18:00,523,Da Silva Moreira,-1241,0,0
2025-08-22 20:36:00,524,Stamenic,-976,0,0
2025-08-22 22:18:00,524,Stamenic,-976,0,0
2025-08-22 20:36:00,525,Wood,516770,0,0
2025-08-22 22:18:00,525,Wood,516770,0,0
2025-08-22 20:36:00,526,Igor Jesus,-13273,0,0
2025-08-22 22:18:00,526,Igor Jesus,-13273,0,0
2025-08-22 20:36:00,527,Awoniyi,-10343,0,0
2025-08-22 22:18:00,527,Awoniyi,-10343,0,0
2025-08-22 20:36:00,528,Patterson,-3357,0,0
2025-08-22 22:18:00,528,Patterson,-3357,0,0
2025-08-22 20:36:00,529,Moore,-898,0,0
2025-08-22 22:18:00,529,Moore,-898,0,0
2025-08-22 20:36:00,530,Nna Noukeu,-518,0,0
2025-08-22 22:18:00,530,Nna Noukeu,-518,0,0
2025-08-22 20:36:00,531,Ballard,418873,0,0
2025-08-22 22:18:00,531,Ballard,418873,0,0
2025-08-22 20:36:00,532,Hume,7037,0,0
2025-08-22 22:18:00,532,Hume,7037,0,0
2025-08-22 20:36:00,533,Alese,-40,0,0
2025-08-22 22:18:00,533,Alese,-40,0,0
2025-08-22 20:36:00,534,Anderson,-2890,0,0
2025-08-22 22:18:00,534,Anderson,-2890,0,0
2025-08-22 20:36:00,535,Cirkin,-366,0,0
2025-08-22 22:18:00,535,Cirkin,-366,0,0
2025-08-22 20:36:00,536,Hjelde,-39,0,0
2025-08-22 22:18:00,536,Hjelde,-39,0,0
2025-08-22 20:36:00,537,Huggins,-1412,0,0
2025-08-22 22:18:00,537,Huggins,-1412,0,0
2025-08-22 20:36:00,538,Johnson,-1496,0,0
2025-08-22 22:18:00,538,Johnson,-1496,0,0
2025-08-22 20:36:00,539,O'Nien,-163,0,0
2025-08-22 22:18:00,539,O'Nien,-163,0,0
2025-08-22 20:36:00,540,Pembele,-1267,0,0
2025-08-22 22:18:00,540,Pembele,-1267,0,0
2025-08-22 20:36:00,541,Reinildo,120496,0,0
2025-08-22 22:18:00,541,Reinildo,120496,0,0
2025-08-22 20:36:00,542,Seelt,-2206,0,0
2025-08-22 22:18:00,542,Seelt,-2206,0,0
2025-08-22 20:36:00,543,Adingra,26586,0,0
2025-08-22 22:18:00,543,Adingra,26586,0,0
2025-08-22 20:36:00,544,Diarra,792,0,0
2025-08-22 22:18:00,544,Diarra,792,0,0
2025-08-22 20:36:00,545,Roberts,-802,0,0
2025-08-22 22:18:00,545,Roberts,-802,0,0
2025-08-22 20:36:00,546,Aleksić,-501,0,0
2025-08-22 22:18:00,546,Aleksić,-501,0,0
2025-08-22 20:36:00,547,E.Le Fée,-5545,0,0
2025-08-22 22:18:00,547,E.Le Fée,-5545,0,0
2025-08-22 20:36:00,548,Mundle,-267,0,0
2025-08-22 22:18:00,548,Mundle,-267,0,0
2025-08-22 20:36:00,549,Neil,-512,0,0
2025-08-22 22:18:00,549,Neil,-512,0,0
2025-08-22 20:36:00,550,Poveda,-396,0,0
2025-08-22 22:18:00,550,Poveda,-396,0,0
2025-08-22 20:36:00,551,Rigg,-772,0,0
2025-08-22 22:18:00,551,Rigg,-772,0,0
2025-08-22 20:36:00,552,Sadiki,306,0,0
2025-08-22 22:18:00,552,Sadiki,306,0,0
2025-08-22 20:36:00,553,Talbi,15844,0,0
2025-08-22 22:18:00,553,Talbi,15844,0,0
2025-08-22 20:36:00,554,Ba,-1936,0,0
2025-08-22 22:18:00,554,Ba,-1936,0,0
2025-08-22 20:36:00,555,Browne,-592,0,0
2025-08-22 22:18:00,555,Browne,-592,0,0
2025-08-22 20:36:00,556,Ekwah,-641,0,0
2025-08-22 22:18:00,556,Ekwah,-641,0,0
2025-08-22 20:36:00,557,H.Jones,-433,0,0
2025-08-22 22:18:00,557,H.Jones,-433,0,0
2025-08-22 20:36:00,558,Matete,-1628,0,0
2025-08-22 22:18:00,558,Matete,-1628,0,0
2025-08-22 20:36:00,559,Triantis,-577,0,0
2025-08-22 22:18:00,559,Triantis,-577,0,0
2025-08-22 20:36:00,560,Isidor,7887,0,0
2025-08-22 22:18:00,560,Isidor,7887,0,0
2025-08-22 20:36:00,561,Mayenda,121647,0,0
2025-08-22 22:18:00,561,Mayenda,121647,0,0
2025-08-22 20:36:00,562,Abdullahi,-3644,0,0
2025-08-22 22:18:00,562,Abdullahi,-3644,0,0
2025-08-22 20:36:00,563,Luís Hemir,-1254,0,0
2025-08-22 22:18:00,563,Luís Hemir,-1254,0,0
2025-08-22 20:36:00,564,Rusyn,-1364,0,0
2025-08-22 22:18:00,564,Rusyn,-1364,0,0
2025-08-22 20:36:00,565,Vicario,-13060,0,0
2025-08-22 22:18:00,565,Vicario,-13060,0,0
2025-08-22 20:36:00,566,Austin,-1048,0,0
2025-08-22 22:18:00,566,Austin,-1048,0,0
2025-08-22 20:36:00,567,Kinsky,-8505,0,0
2025-08-22 22:18:00,567,Kinsky,-8505,0,0
2025-08-22 20:36:00,568,Pedro Porro,-18425,0,0
2025-08-22 22:18:00,568,Pedro Porro,-18425,0,0
2025-08-22 20:36:00,569,Romero,-6525,0,0
2025-08-22 22:18:00,569,Romero,-6525,0,0
2025-08-22 20:36:00,570,Danso,-3800,0,0
2025-08-22 22:18:00,570,Danso,-3800,0,0
2025-08-22 20:36:00,571,Davies,-1135,0,0
2025-08-22 22:18:00,571,Davies,-1135,0,0
2025-08-22 20:36:00,572,Dragusin,-58,0,0
2025-08-22 22:18:00,572,Dragusin,-58,0,0
2025-08-22 20:36:00,573,Spence,4194,0,0
2025-08-22 22:18:00,573,Spence,4194,0,0
2025-08-22 20:36:00,574,Udogie,-28465,0,0
2025-08-22 22:18:00,574,Udogie,-28465,0,0
2025-08-22 20:36:00,575,Van de Ven,35640,0,0
2025-08-22 22:18:00,575,Van de Ven,35640,0,0
2025-08-22 20:36:00,576,Phillips,-680,0,0
2025-08-22 22:18:00,576,Phillips,-680,0,0
2025-08-22 20:36:00,577,Takai,-2066,0,0
2025-08-22 22:18:00,577,Takai,-2066,0,0
2025-08-22 20:36:00,578,Vuskovic,-8090,0,0
2025-08-22 22:18:00,578,Vuskovic,-8090,0,0
2025-08-22 20:36:00,579,Son,-16141,0,0
2025-08-22 22:18:00,579,Son,-16141,0,0
2025-08-22 20:36:00,580,Johnson,-14716,0,0
2025-08-22 22:18:00,580,Johnson,-14716,0,0
2025-08-22 20:36:00,581,Maddison,-11241,0,0
2025-08-22 22:18:00,581,Maddison,-11241,0,0
2025-08-22 20:36:00,582,Kudus,231146,0,0
2025-08-22 22:18:00,582,Kudus,231146,0,0
2025-08-22 20:36:00,583,Kulusevski,-360,0,0
2025-08-22 22:18:00,583,Kulusevski,-360,0,0
2025-08-22 20:36:00,584,Tel,-2761,0,0
2025-08-22 22:18:00,584,Tel,-2761,0,0
2025-08-22 20:36:00,585,Bentancur,-2748,0,0
2025-08-22 22:18:00,585,Bentancur,-2748,0,0
2025-08-22 20:36:00,586,Bergvall,-1117,0,0
2025-08-22 22:18:00,586,Bergvall,-1117,0,0
2025-08-22 20:36:00,587,Bissouma,-2791,0,0
2025-08-22 22:18:00,587,Bissouma,-2791,0,0
2025-08-22 20:36:00,588,Odobert,-708,0,0
2025-08-22 22:18:00,588,Odobert,-708,0,0
2025-08-22 20:36:00,589,Solomon,-495,0,0
2025-08-22 22:18:00,589,Solomon,-495,0,0
2025-08-22 20:36:00,590,Bryan,-709,0,0
2025-08-22 22:18:00,590,Bryan,-709,0,0
2025-08-22 20:36:00,591,Gray,-987,0,0
2025-08-22 22:18:00,591,Gray,-987,0,0
2025-08-22 20:36:00,592,Moore,-327,0,0
2025-08-22 22:18:00,592,Moore,-327,0,0
2025-08-22 20:36:00,593,P.M.Sarr,3442,0,0
2025-08-22 22:18:00,593,P.M.Sarr,3442,0,0
2025-08-22 20:36:00,594,Min-hyeok,-1096,0,0
2025-08-22 22:18:00,594,Min-hyeok,-1096,0,0
2025-08-22 20:36:00,595,Olusesi,-1785,0,0
2025-08-22 22:18:00,595,Olusesi,-1785,0,0
2025-08-22 20:36:00,596,Solanke,-106185,0,0
2025-08-22 22:18:00,596,Solanke,-106185,0,0
2025-08-22 20:36:00,597,Richarlison,258321,0,0
2025-08-22 22:18:00,597,Richarlison,258321,0,0
2025-08-22 20:36:00,598,Lankshear,-1870,0,0
2025-08-22 22:18:00,598,Lankshear,-1870,0,0
2025-08-22 20:36:00,599,Scarlett,-5318,0,0
2025-08-22 22:18:00,599,Scarlett,-5318,0,0
2025-08-22 20:36:00,600,Areola,-62338,0,0
2025-08-22 22:18:00,600,Areola,-62338,0,0
2025-08-22 20:36:00,601,Foderingham,-1441,0,0
2025-08-22 22:18:00,601,Foderingham,-1441,0,0
2025-08-22 20:36:00,602,Hegyi,-851,0,0
2025-08-22 22:18:00,602,Hegyi,-851,0,0
2025-08-22 20:36:00,603,Diouf,-65350,0,0
2025-08-22 22:18:00,603,Diouf,-65350,0,0
2025-08-22 20:36:00,604,Emerson,-3479,0,0
2025-08-22 22:18:00,604,Emerson,-3479,0,0
2025-08-22 20:36:00,605,Kilman,-5480,0,0
2025-08-22 22:18:00,605,Kilman,-5480,0,0
2025-08-22 20:36:00,606,Mavropanos,-745,0,0
2025-08-22 22:18:00,606,Mavropanos,-745,0,0
2025-08-22 20:36:00,607,N.Aguerd,-1275,0,0
2025-08-22 22:18:00,607,N.Aguerd,-1275,0,0
2025-08-22 20:36:00,608,Scarles,-437,0,0
2025-08-22 22:18:00,608,Scarles,-437,0,0
2025-08-22 20:36:00,609,Todibo,-1582,0,0
2025-08-22 22:18:00,609,Todibo,-1582,0,0
2025-08-22 20:36:00,610,Wan-Bissaka,-229105,0,0
2025-08-22 22:18:00,610,Wan-Bissaka,-229105,0,0
2025-08-22 20:36:00,611,Casey,-3523,0,0
2025-08-22 22:18:00,611,Casey,-3523,0,0
2025-08-22 20:36:00,612,L.Paquetá,-24547,0,0
2025-08-22 22:18:00,612,L.Paquetá,-24547,0,0
2025-08-22 20:36:00,613,Souček,-21055,0,0
2025-08-22 22:18:00,613,Souček,-21055,0,0
2025-08-22 20:36:00,614,Ward-Prowse,-6778,0,0
2025-08-22 22:18:00,614,Ward-Prowse,-6778,0,0
2025-08-22 20:36:00,615,Summerville,-202,0,0
2025-08-22 22:18:00,615,Summerville,-202,0,0
2025-08-22 20:36:00,616,Álvarez,-2796,0,0
2025-08-22 22:18:00,616,Álvarez,-2796,0,0
2025-08-22 20:36:00,617,Cornet,-555,0,0
2025-08-22 22:18:00,617,Cornet,-555,0,0
2025-08-22 20:36:00,618,G.Rodriguez,-467,0,0
2025-08-22 22:18:00,618,G.Rodriguez,-467,0,0
2025-08-22 20:36:00,619,L.Guilherme,-566,0,0
2025-08-22 22:18:00,619,L.Guilherme,-566,0,0
2025-08-22 20:36:00,620,Earthy,-1840,0,0
2025-08-22 22:18:00,620,Earthy,-1840,0,0
2025-08-22 20:36:00,621,Irving,-317,0,0
2025-08-22 22:18:00,621,Irving,-317,0,0
2025-08-22 20:36:00,622,Orford,-1365,0,0
2025-08-22 22:18:00,622,Orford,-1365,0,0
2025-08-22 20:36:00,623,Potts,-5907,0,0
2025-08-22 22:18:00,623,Potts,-5907,0,0
2025-08-22 20:36:00,624,Bowen,-354994,0,0
2025-08-22 22:18:00,624,Bowen,-354994,0,0
2025-08-22 20:36:00,625,Füllkrug,-54584,0,0
2025-08-22 22:18:00,625,Füllkrug,-54584,0,0
2025-08-22 20:36:00,626,Marshall,-3779,0,0
2025-08-22 22:18:00,626,Marshall,-3779,0,0
2025-08-22 20:36:00,627,Johnstone,-625,0,0
2025-08-22 22:18:00,627,Johnstone,-625,0,0
2025-08-22 20:36:00,628,José Sá,-6722,0,0
2025-08-22 22:18:00,628,José Sá,-6722,0,0
2025-08-22 20:36:00,629,Bentley,-1275,0,0
2025-08-22 22:18:00,629,Bentley,-1275,0,0
2025-08-22 20:36:00,630,King,-3896,0,0
2025-08-22 22:18:00,630,King,-3896,0,0
2025-08-22 20:36:00,631,Agbadou,208,0,0
2025-08-22 22:18:00,631,Agbadou,208,0,0
2025-08-22 20:36:00,632,Doherty,-927,0,0
2025-08-22 22:18:00,632,Doherty,-927,0,0
2025-08-22 20:36:00,633,H.Bueno,-13,0,0
2025-08-22 22:18:00,633,H.Bueno,-13,0,0
2025-08-22 20:36:00,634,Mosquera,-534,0,0
2025-08-22 22:18:00,634,Mosquera,-534,0,0
2025-08-22 20:36:00,635,R.Gomes,-117,0,0
2025-08-22 22:18:00,635,R.Gomes,-117,0,0
2025-08-22 20:36:00,636,S.Bueno,-508,0,0
2025-08-22 22:18:00,636,S.Bueno,-508,0,0
2025-08-22 20:36:00,637,Toti,-879,0,0
2025-08-22 22:18:00,637,Toti,-879,0,0
2025-08-22 20:36:00,638,Hoever,1120,0,0
2025-08-22 22:18:00,638,Hoever,1120,0,0
2025-08-22 20:36:00,639,Meupiyou,-210,0,0
2025-08-22 22:18:00,639,Meupiyou,-210,0,0
2025-08-22 20:36:00,640,Pedro Lima,-3921,0,0
2025-08-22 22:18:00,640,Pedro Lima,-3921,0,0
2025-08-22 20:36:00,641,Pond,-5509,0,0
2025-08-22 22:18:00,641,Pond,-5509,0,0
2025-08-22 20:36:00,642,Hee Chan,-2064,0,0
2025-08-22 22:18:00,642,Hee Chan,-2064,0,0
2025-08-22 20:36:00,643,André,584,0,0
2025-08-22 22:18:00,643,André,584,0,0
2025-08-22 20:36:00,644,Bellegarde,-102,0,0
2025-08-22 22:18:00,644,Bellegarde,-102,0,0
2025-08-22 20:36:00,645,Fer López,-580,0,0
2025-08-22 22:18:00,645,Fer López,-580,0,0
2025-08-22 20:36:00,646,Gomes,-659,0,0
2025-08-22 22:18:00,646,Gomes,-659,0,0
2025-08-22 20:36:00,647,Guedes,-416,0,0
2025-08-22 22:18:00,647,Guedes,-416,0,0
2025-08-22 20:36:00,648,Munetsi,872,0,0
2025-08-22 22:18:00,648,Munetsi,872,0,0
2025-08-22 20:36:00,649,B.Traore,-74,0,0
2025-08-22 22:18:00,649,B.Traore,-74,0,0
2025-08-22 20:36:00,650,Chirewa,-2722,0,0
2025-08-22 22:18:00,650,Chirewa,-2722,0,0
2025-08-22 20:36:00,651,Edozie,-3144,0,0
2025-08-22 22:18:00,651,Edozie,-3144,0,0
2025-08-22 20:36:00,652,Gonzalez,-11751,0,0
2025-08-22 22:18:00,652,Gonzalez,-11751,0,0
2025-08-22 20:36:00,653,Hodge,-1602,0,0
2025-08-22 22:18:00,653,Hodge,-1602,0,0
2025-08-22 20:36:00,654,Strand Larsen,-7698,0,0
2025-08-22 22:18:00,654,Strand Larsen,-7698,0,0
2025-08-22 20:36:00,655,Fábio Silva,-5295,0,0
2025-08-22 22:18:00,655,Fábio Silva,-5295,0,0
2025-08-22 20:36:00,656,Kalajdžić,-1177,0,0
2025-08-22 22:18:00,656,Kalajdžić,-1177,0,0
2025-08-22 20:36:00,657,Chiwome,3,0,0
2025-08-22 22:18:00,657,Chiwome,3,0,0
2025-08-22 20:36:00,658,Fraser,-3286,0,0
2025-08-22 22:18:00,658,Fraser,-3286,0,0
2025-08-22 20:36:00,659,Walker-Peters,-4673,0,0
2025-08-22 22:18:00,659,Walker-Peters,-4673,0,0
2025-08-22 20:36:00,660,Stach,10179,0,0
2025-08-22 22:18:00,660,Stach,10179,0,0
2025-08-22 20:36:00,661,Ekitiké,494906,0,0
2025-08-22 22:18:00,661,Ekitiké,494906,0,0
2025-08-22 20:36:00,662,Mosquera,-1696,0,0
2025-08-22 22:18:00,662,Mosquera,-1696,0,0
2025-08-22 20:36:00,663,J.Arias,-10794,0,0
2025-08-22 22:18:00,663,J.Arias,-10794,0,0
2025-08-22 20:36:00,664,Lecomte,-1727,0,0
2025-08-22 22:18:00,664,Lecomte,-1727,0,0
2025-08-22 20:36:00,665,Perri,2093,0,0
2025-08-22 22:18:00,665,Perri,2093,0,0
2025-08-22 20:36:00,666,Gyökeres,-69855,0,0
2025-08-22 22:18:00,666,Gyökeres,-69855,0,0
2025-08-22 20:36:00,667,Aznou,-1328,0,0
2025-08-22 22:18:00,667,Aznou,-1328,0,0
2025-08-22 20:36:00,668,Xhaka,3811,0,0
2025-08-22 22:18:00,668,Xhaka,3811,0,0
2025-08-22 20:36:00,669,Ndoye,27198,0,0
2025-08-22 22:18:00,669,Ndoye,27198,0,0
2025-08-22 20:36:00,670,Roefs,49430,0,0
2025-08-22 22:18:00,670,Roefs,49430,0,0
2025-08-22 20:36:00,671,Wilson,-6924,0,0
2025-08-22 22:18:00,671,Wilson,-6924,0,0
2025-08-22 20:36:00,672,Hato,-4349,0,0
2025-08-22 22:18:00,672,Hato,-4349,0,0
2025-08-22 20:36:00,673,J.Palhinha,-7637,0,0
2025-08-22 22:18:00,673,J.Palhinha,-7637,0,0
2025-08-22 20:36:00,674,Ramsdale,-12263,0,0
2025-08-22 22:18:00,674,Ramsdale,-12263,0,0
2025-08-22 20:36:00,675,Gunn,-8,0,0
2025-08-22 22:18:00,675,Gunn,-8,0,0
2025-08-22 20:36:00,676,Ugochukwu,-315,0,0
2025-08-22 22:18:00,676,Ugochukwu,-315,0,0
2025-08-22 20:36:00,677,Guessand,-1467,0,0
2025-08-22 22:18:00,677,Guessand,-1467,0,0
2025-08-22 20:36:00,678,Masuaku,2403,0,0
2025-08-22 22:18:00,678,Masuaku,2403,0,0
2025-08-22 20:36:00,679,Hermansen,-972,0,0
2025-08-22 22:18:00,679,Hermansen,-972,0,0
2025-08-22 20:36:00,680,Broja,-1573,0,0
2025-08-22 22:18:00,680,Broja,-1573,0,0
2025-08-22 20:36:00,681,Šeško,8977,0,0
2025-08-22 22:18:00,681,Šeško,8977,0,0
2025-08-22 20:36:00,682,Møller Wolfe,252,0,0
2025-08-22 22:18:00,682,Møller Wolfe,252,0,0
2025-08-22 20:36:00,683,Alderete,21286,0,0
2025-08-22 22:18:00,683,Alderete,21286,0,0
2025-08-22 20:36:00,684,Thiaw,-1630,0,0
2025-08-22 22:18:00,684,Thiaw,-1630,0,0
2025-08-22 20:36:00,685,Diakité,4453,0,0
2025-08-22 22:18:00,685,Diakité,4453,0,0
2025-08-22 20:36:00,686,Ngumoha,4278,0,0
2025-08-22 22:18:00,686,Ngumoha,4278,0,0
2025-08-22 20:36:00,687,Rees-Dottin,2903,0,0
2025-08-22 22:18:00,687,Rees-Dottin,2903,0,0
2025-08-22 20:36:00,688,Wright,10012,0,0
2025-08-22 22:18:00,688,Wright,10012,0,0
2025-08-22 20:36:00,689,Seung soo,4853,0,0
2025-08-22 22:18:00,689,Seung soo,4853,0,0
2025-08-22 20:36:00,690,Cardines,6683,0,0
2025-08-22 22:18:00,690,Cardines,6683,0,0
2025-08-22 20:36:00,691,Calvert-Lewin,2631,0,0
2025-08-22 22:18:00,691,Calvert-Lewin,2631,0,0
2025-08-22 20:36:00,692,Leoni,223,0,0
2025-08-22 22:18:00,692,Leoni,223,0,0
2025-08-22 20:36:00,693,Hutchinson,446,0,0
2025-08-22 22:18:00,693,Hutchinson,446,0,0
2025-08-22 20:36:00,694,Mukiele,9717,0,0
2025-08-22 22:18:00,694,Mukiele,9717,0,0
2025-08-22 20:36:00,695,Tchatchoua,159,0,0
2025-08-22 22:18:00,695,Tchatchoua,159,0,0
2025-08-22 20:36:00,696,Kalimuendo,542,0,0
2025-08-22 22:18:00,696,Kalimuendo,542,0,0
2025-08-22 20:36:00,697,Adli,298,0,0
2025-08-22 22:18:00,697,Adli,298,0,0
2025-08-22 20:36:00,698,Okafor,292,0,0
2025-08-22 22:18:00,698,Okafor,292,0,0
