element,web_name,team_name,position,gw,minutes,total_points,goals_scored,assists,clean_sheets,goals_conceded,own_goals,penalties_saved,penalties_missed,yellow_cards,red_cards,saves,bonus,bps,influence,creativity,threat,ict_index,clearances_blocks_interceptions,recoveries,tackles,defensive_contribution,starts,expected_goals,expected_assists,expected_goal_involvements,expected_goals_conceded,in_dreamteam,team,element_type
1,Raya,Arsenal,GK,21,90,6,0,0,1,0,0,0,0,0,0,0,0,19,4.4,0.0,0.0,0.4,1,4,0,0,1,0.00,0.00,0.00,0.36,False,1,1
2,Arrizabalaga,Arsenal,GK,21,0,0,0,0,0,0,0,0,0,0,0,0,0,0,0.0,0.0,0.0,0.0,0,0,0,0,0,0.00,0.00,0.00,0.00,False,1,1
3,Hein,Arsenal,GK,21,0,0,0,0,0,0,0,0,0,0,0,0,0,0,0.0,0.0,0.0,0.0,0,0,0,0,0,0.00,0.00,0.00,0.00,False,1,1
4,Setford,Arsenal,GK,21,0,0,0,0,0,0,0,0,0,0,0,0,0,0,0.0,0.0,0.0,0.0,0,0,0,0,0,0.00,0.00,0.00,0.00,False,1,1
5,Gabriel,Arsenal,DEF,21,90,6,0,0,1,0,0,0,0,0,0,0,0,25,21.8,7.3,12.0,4.1,6,3,0,6,1,0.14,0.05,0.19,0.36,False,1,2
6,Saliba,Arsenal,DEF,21,90,7,0,0,1,0,0,0,0,0,0,0,1,28,13.8,19.3,0.0,3.3,5,4,0,5,1,0.00,0.15,0.15,0.36,False,1,2
7,Calafiori,Arsenal,DEF,21,0,0,0,0,0,0,0,0,0,0,0,0,0,0,0.0,0.0,0.0,0.0,0,0,0,0,0,0.00,0.00,0.00,0.00,False,1,2
8,J.Timber,Arsenal,DEF,21,90,6,0,0,1,0,0,0,0,0,0,0,0,24,11.0,3.7,8.0,2.3,5,3,0,5,1,0.00,0.02,0.02,0.36,False,1,2
9,Kiwior,Arsenal,DEF,21,0,0,0,0,0,0,0,0,0,0,0,0,0,0,0.0,0.0,0.0,0.0,0,0,0,0,0,0.00,0.00,0.00,0.00,False,1,2
10,Lewis-Skelly,Arsenal,DEF,21,33,1,0,0,0,0,0,0,0,0,0,0,0,5,4.2,10.1,0.0,1.4,0,1,1,1,0,0.00,0.00,0.00,0.22,False,1,2
11,White,Arsenal,DEF,21,0,0,0,0,0,0,0,0,0,0,0,0,0,0,0.0,0.0,0.0,0.0,0,0,0,0,0,0.00,0.00,0.00,0.00,False,1,2
12,Zinchenko,Nott'm Forest,DEF,21,0,0,0,0,0,0,0,0,0,0,0,0,0,0,0.0,0.0,0.0,0.0,0,0,0,0,0,0.00,0.00,0.00,0.00,False,16,2
13,Clarke,Arsenal,DEF,21,0,0,0,0,0,0,0,0,0,0,0,0,0,0,0.0,0.0,0.0,0.0,0,0,0,0,0,0.00,0.00,0.00,0.00,False,1,2
14,Kacurri,Arsenal,DEF,21,0,0,0,0,0,0,0,0,0,0,0,0,0,0,0.0,0.0,0.0,0.0,0,0,0,0,0,0.00,0.00,0.00,0.00,False,1,2
15,Nichols,Arsenal,DEF,21,0,0,0,0,0,0,0,0,0,0,0,0,0,0,0.0,0.0,0.0,0.0,0,0,0,0,0,0.00,0.00,0.00,0.00,False,1,2
16,Saka,Arsenal,MID,21,77,3,0,0,1,0,0,0,0,0,0,0,0,6,4.8,3.8,18.0,2.7,0,1,0,1,1,0.13,0.02,0.15,0.30,False,1,3
17,Ødegaard,Arsenal,MID,21,77,3,0,0,1,0,0,0,0,0,0,0,0,12,4.2,14.7,4.0,2.3,1,1,0,2,1,0.00,0.04,0.04,0.30,False,1,3
18,Madueke,Arsenal,MID,21,12,1,0,0,0,0,0,0,0,0,0,0,0,6,2.0,14.5,4.0,2.1,0,0,0,0,0,0.00,0.06,0.06,0.06,False,1,3
19,Martinelli,Arsenal,MID,21,26,0,0,0,0,0,0,0,0,1,0,0,0,3,4.2,0.6,17.0,2.2,0,0,0,0,0,0.02,0.01,0.03,0.15,False,1,3
20,Trossard,Arsenal,MID,21,63,2,0,0,1,0,0,0,0,1,0,0,0,7,2.4,1.7,9.0,1.3,0,3,2,5,1,0.09,0.05,0.14,0.21,False,1,3
21,Rice,Arsenal,MID,21,90,3,0,0,1,0,0,0,0,0,0,0,0,20,18.2,28.8,7.0,5.4,3,4,2,9,1,0.07,0.15,0.22,0.36,False,1,3
22,Merino,Arsenal,MID,21,0,0,0,0,0,0,0,0,0,0,0,0,0,0,0.0,0.0,0.0,0.0,0,0,0,0,0,0.00,0.00,0.00,0.00,False,1,3
23,Fábio Vieira,Arsenal,MID,21,0,0,0,0,0,0,0,0,0,0,0,0,0,0,0.0,0.0,0.0,0.0,0,0,0,0,0,0.00,0.00,0.00,0.00,False,1,3
24,Nørgaard,Arsenal,MID,21,0,0,0,0,0,0,0,0,0,0,0,0,0,0,0.0,0.0,0.0,0.0,0,0,0,0,0,0.00,0.00,0.00,0.00,False,1,3
25,Nwaneri,Arsenal,MID,21,0,0,0,0,0,0,0,0,0,0,0,0,0,0,0.0,0.0,0.0,0.0,0,0,0,0,0,0.00,0.00,0.00,0.00,False,1,3
26,Zubimendi,Arsenal,MID,21,90,5,0,0,1,0,0,0,0,0,0,0,0,16,17.8,3.8,2.0,2.4,2,5,5,12,1,0.00,0.11,0.11,0.36,False,1,3
27,Nelson,Brentford,MID,21,8,1,0,0,0,0,0,0,0,0,0,0,0,0,0.0,0.5,4.0,0.3,0,3,0,3,0,0.44,0.02,0.46,0.10,False,5,3
28,Kabia,Arsenal,MID,21,0,0,0,0,0,0,0,0,0,0,0,0,0,0,0.0,0.0,0.0,0.0,0,0,0,0,0,0.00,0.00,0.00,0.00,False,1,3
29,Sambi,Arsenal,MID,21,0,0,0,0,0,0,0,0,0,0,0,0,0,0,0.0,0.0,0.0,0.0,0,0,0,0,0,0.00,0.00,0.00,0.00,False,1,3
30,Havertz,Arsenal,FWD,21,0,0,0,0,0,0,0,0,0,0,0,0,0,0,0.0,0.0,0.0,0.0,0,0,0,0,0,0.00,0.00,0.00,0.00,False,1,4
31,G.Jesus,Arsenal,FWD,21,26,1,0,0,0,0,0,0,0,0,0,0,0,4,2.0,0.3,21.0,2.3,0,0,0,0,0,0.13,0.00,0.13,0.15,False,1,4
32,Martinez,Aston Villa,GK,21,45,1,0,0,0,0,0,0,0,0,0,1,0,13,12.0,0.0,0.0,1.2,0,3,0,0,1,0.00,0.00,0.00,0.31,False,2,1
33,M.Bizot,Aston Villa,GK,21,45,2,0,0,0,0,0,0,0,0,0,4,0,17,35.2,0.0,0.0,3.5,1,6,0,0,0,0.00,0.00,0.00,1.19,False,2,1
34,Gauci,Aston Villa,GK,21,0,0,0,0,0,0,0,0,0,0,0,0,0,0,0.0,0.0,0.0,0.0,0,0,0,0,0,0.00,0.00,0.00,0.00,False,2,1
35,Marschall,Aston Villa,GK,21,0,0,0,0,0,0,0,0,0,0,0,0,0,0,0.0,0.0,0.0,0.0,0,0,0,0,0,0.00,0.00,0.00,0.00,False,2,1
36,Cash,Aston Villa,DEF,21,90,6,0,0,1,0,0,0,0,0,0,0,0,29,25.0,30.5,4.0,6.0,5,6,3,8,1,0.04,0.19,0.23,1.50,False,2,2
37,Digne,Aston Villa,DEF,21,72,9,0,0,1,0,0,0,0,0,0,0,3,33,21.2,17.8,4.0,4.3,3,3,3,6,1,0.03,0.15,0.18,1.50,True,2,2
38,Konsa,Aston Villa,DEF,21,90,7,0,0,1,0,0,0,0,0,0,0,1,30,18.2,0.6,10.0,2.9,7,5,1,8,1,0.05,0.01,0.06,1.50,False,2,2
39,Maatsen,Aston Villa,DEF,21,17,1,0,0,0,0,0,0,0,0,0,0,0,5,4.4,0.2,4.0,0.9,3,2,1,4,0,0.04,0.00,0.04,0.00,False,2,2
40,Mings,Aston Villa,DEF,21,0,0,0,0,0,0,0,0,0,0,0,0,0,0,0.0,0.0,0.0,0.0,0,0,0,0,0,0.00,0.00,0.00,0.00,False,2,2
41,Pau,Aston Villa,DEF,21,0,0,0,0,0,0,0,0,0,0,0,0,0,0,0.0,0.0,0.0,0.0,0,0,0,0,0,0.00,0.00,0.00,0.00,False,2,2
42,A.García,Aston Villa,DEF,21,0,0,0,0,0,0,0,0,0,0,0,0,0,0,0.0,0.0,0.0,0.0,0,0,0,0,0,0.00,0.00,0.00,0.00,False,2,2
43,Alex Moreno,Aston Villa,DEF,21,0,0,0,0,0,0,0,0,0,0,0,0,0,0,0.0,0.0,0.0,0.0,0,0,0,0,0,0.00,0.00,0.00,0.00,False,2,2
44,Bogarde,Aston Villa,DEF,21,8,1,0,0,0,0,0,0,0,0,0,0,0,3,2.2,0.3,0.0,0.3,1,0,0,1,0,0.00,0.01,0.01,0.00,False,2,2
45,Sousa,Aston Villa,DEF,21,0,0,0,0,0,0,0,0,0,0,0,0,0,0,0.0,0.0,0.0,0.0,0,0,0,0,0,0.00,0.00,0.00,0.00,False,2,2
46,Yasin,Aston Villa,DEF,21,0,0,0,0,0,0,0,0,0,0,0,0,0,0,0.0,0.0,0.0,0.0,0,0,0,0,0,0.00,0.00,0.00,0.00,False,2,2
47,Rogers,Aston Villa,MID,21,90,3,0,0,1,0,0,0,0,0,0,0,0,13,16.0,24.8,40.0,8.1,0,2,2,4,1,0.20,0.09,0.29,1.50,False,2,3
48,Tielemans,Aston Villa,MID,21,90,3,0,0,1,0,0,0,0,0,0,0,0,13,8.2,17.6,9.0,3.5,0,3,2,5,1,0.24,0.25,0.49,1.50,False,2,3
49,Bailey,Aston Villa,MID,21,0,0,0,0,0,0,0,0,0,0,0,0,0,0,0.0,0.0,0.0,0.0,0,0,0,0,0,0.00,0.00,0.00,0.00,False,2,3
50,Buendía,Aston Villa,MID,21,25,1,0,0,0,0,0,0,0,0,0,0,0,2,4.2,0.8,3.0,0.8,2,1,0,3,0,0.10,0.01,0.11,0.59,False,2,3
51,Iling Jr,Aston Villa,MID,21,0,0,0,0,0,0,0,0,0,0,0,0,0,0,0.0,0.0,0.0,0.0,0,0,0,0,0,0.00,0.00,0.00,0.00,False,2,3
52,J.Ramsey,Newcastle,MID,21,14,1,0,0,0,1,0,0,0,0,0,0,0,5,4.6,11.3,0.0,1.6,1,1,0,2,0,0.00,0.01,0.01,0.19,False,15,3
53,Malen,Aston Villa,MID,21,17,1,0,0,0,0,0,0,0,0,0,0,0,3,1.0,0.0,0.0,0.1,0,0,0,0,0,0.00,0.00,0.00,0.00,False,2,3
54,McGinn,Aston Villa,MID,21,72,3,0,0,1,0,0,0,0,0,0,0,0,5,6.0,18.3,14.0,3.8,1,1,0,2,1,0.00,0.13,0.13,1.50,False,2,3
55,Barkley,Aston Villa,MID,21,0,0,0,0,0,0,0,0,0,0,0,0,0,0,0.0,0.0,0.0,0.0,0,0,0,0,0,0.00,0.00,0.00,0.00,False,2,3
56,Barrenechea,Aston Villa,MID,21,0,0,0,0,0,0,0,0,0,0,0,0,0,0,0.0,0.0,0.0,0.0,0,0,0,0,0,0.00,0.00,0.00,0.00,False,2,3
57,Dobbin,Aston Villa,MID,21,0,0,0,0,0,0,0,0,0,0,0,0,0,0,0.0,0.0,0.0,0.0,0,0,0,0,0,0.00,0.00,0.00,0.00,False,2,3
58,Kamara,Aston Villa,MID,21,81,3,0,0,1,0,0,0,0,0,0,0,0,14,12.2,36.1,7.0,5.5,3,4,0,7,1,0.07,0.07,0.14,1.50,False,2,3
59,Onana,Aston Villa,MID,21,0,0,0,0,0,0,0,0,0,0,0,0,0,0,0.0,0.0,0.0,0.0,0,0,0,0,0,0.00,0.00,0.00,0.00,False,2,3
60,Broggio,Aston Villa,MID,21,0,0,0,0,0,0,0,0,0,0,0,0,0,0,0.0,0.0,0.0,0.0,0,0,0,0,0,0.00,0.00,0.00,0.00,False,2,3
61,Dendoncker,Aston Villa,MID,21,0,0,0,0,0,0,0,0,0,0,0,0,0,0,0.0,0.0,0.0,0.0,0,0,0,0,0,0.00,0.00,0.00,0.00,False,2,3
62,Jimoh-Aloba,Aston Villa,MID,21,0,0,0,0,0,0,0,0,0,0,0,0,0,0,0.0,0.0,0.0,0.0,0,0,0,0,0,0.00,0.00,0.00,0.00,False,2,3
63,Young,Aston Villa,MID,21,0,0,0,0,0,0,0,0,0,0,0,0,0,0,0.0,0.0,0.0,0.0,0,0,0,0,0,0.00,0.00,0.00,0.00,False,2,3
64,Watkins,Aston Villa,FWD,21,90,2,0,0,1,0,0,0,0,0,0,0,0,4,6.4,2.3,40.0,4.9,2,2,1,5,1,0.95,0.01,0.96,1.50,False,2,4
65,Redmond,Aston Villa,FWD,21,0,0,0,0,0,0,0,0,0,0,0,0,0,0,0.0,0.0,0.0,0.0,0,0,0,0,0,0.00,0.00,0.00,0.00,False,2,4
66,Neto,Bournemouth,GK,21,0,0,0,0,0,0,0,0,0,0,0,0,0,0,0.0,0.0,0.0,0.0,0,0,0,0,0,0.00,0.00,0.00,0.00,False,4,1
67,Petrović,Bournemouth,GK,21,90,1,0,0,0,2,0,0,0,0,0,2,0,5,14.0,0.0,0.0,1.4,2,5,0,0,1,0.00,0.00,0.00,1.25,False,4,1
68,Dennis,Bournemouth,GK,21,0,0,0,0,0,0,0,0,0,0,0,0,0,0,0.0,0.0,0.0,0.0,0,0,0,0,0,0.00,0.00,0.00,0.00,False,4,1
69,McKenna,Bournemouth,GK,21,0,0,0,0,0,0,0,0,0,0,0,0,0,0,0.0,0.0,0.0,0.0,0,0,0,0,0,0.00,0.00,0.00,0.00,False,4,1
70,Paulsen,Bournemouth,GK,21,0,0,0,0,0,0,0,0,0,0,0,0,0,0,0.0,0.0,0.0,0.0,0,0,0,0,0,0.00,0.00,0.00,0.00,False,4,1
71,Zabarnyi,Bournemouth,DEF,21,0,0,0,0,0,0,0,0,0,0,0,0,0,0,0.0,0.0,0.0,0.0,0,0,0,0,0,0.00,0.00,0.00,0.00,False,4,2
72,Senesi,Bournemouth,DEF,21,90,6,0,1,0,2,0,0,0,0,0,0,0,22,51.2,13.8,2.0,6.7,13,4,3,16,1,0.00,0.53,0.53,1.25,False,4,2
73,Smith,Bournemouth,DEF,21,0,0,0,0,0,0,0,0,0,0,0,0,0,0,0.0,0.0,0.0,0.0,0,0,0,0,0,0.00,0.00,0.00,0.00,False,4,2
74,Truffert,Bournemouth,DEF,21,90,1,0,0,0,2,0,0,0,0,0,0,0,1,19.6,2.5,0.0,2.2,4,7,5,9,1,0.00,0.02,0.02,1.25,False,4,2
75,Akinmboni,Bournemouth,DEF,21,0,0,0,0,0,0,0,0,0,0,0,0,0,0,0.0,0.0,0.0,0.0,0,0,0,0,0,0.00,0.00,0.00,0.00,False,4,2
76,Bevan,Bournemouth,DEF,21,0,0,0,0,0,0,0,0,0,0,0,0,0,0,0.0,0.0,0.0,0.0,0,0,0,0,0,0.00,0.00,0.00,0.00,False,4,2
77,Hill,Bournemouth,DEF,21,90,3,0,0,0,2,0,0,0,0,0,0,0,5,24.8,0.8,2.0,2.8,9,3,2,11,1,0.00,0.01,0.01,1.25,False,4,2
78,J.Araujo,Bournemouth,DEF,21,0,0,0,0,0,0,0,0,0,0,0,0,0,0,0.0,0.0,0.0,0.0,0,0,0,0,0,0.00,0.00,0.00,0.00,False,4,2
79,Mepham,Bournemouth,DEF,21,0,0,0,0,0,0,0,0,0,0,0,0,0,0,0.0,0.0,0.0,0.0,0,0,0,0,0,0.00,0.00,0.00,0.00,False,4,2
80,Soler,Bournemouth,DEF,21,0,0,0,0,0,0,0,0,0,0,0,0,0,0,0.0,0.0,0.0,0.0,0,0,0,0,0,0.00,0.00,0.00,0.00,False,4,2
81,Kluivert,Bournemouth,MID,21,0,0,0,0,0,0,0,0,0,0,0,0,0,0,0.0,0.0,0.0,0.0,0,0,0,0,0,0.00,0.00,0.00,0.00,False,4,3
82,Semenyo,Man City,MID,21,90,6,1,0,0,2,0,0,0,1,0,0,0,23,35.8,4.3,14.0,5.4,3,4,0,7,1,0.16,0.01,0.17,1.21,False,13,3
83,O.Dango,Brentford,MID,21,0,0,0,0,0,0,0,0,0,0,0,0,0,0,0.0,0.0,0.0,0.0,0,0,0,0,0,0.00,0.00,0.00,0.00,False,5,3
84,Tavernier,Bournemouth,MID,21,86,5,0,1,0,2,0,0,0,0,0,0,0,19,22.4,22.9,1.0,4.6,2,7,1,10,1,0.04,0.12,0.16,1.21,False,4,3
85,Adams,Bournemouth,MID,21,0,0,0,0,0,0,0,0,0,0,0,0,0,0,0.0,0.0,0.0,0.0,0,0,0,0,0,0.00,0.00,0.00,0.00,False,4,3
86,Brooks,Bournemouth,MID,21,26,4,0,1,0,1,0,0,0,0,0,0,0,10,15.6,10.6,5.0,3.1,0,2,0,2,0,0.09,0.01,0.10,0.98,False,4,3
87,Christie,Bournemouth,MID,21,0,0,0,0,0,0,0,0,0,0,0,0,0,0,0.0,0.0,0.0,0.0,0,0,0,0,0,0.00,0.00,0.00,0.00,False,4,3
88,Cook,Bournemouth,MID,21,90,3,0,0,0,2,0,0,0,1,0,0,0,9,9.0,1.5,0.0,1.1,6,6,3,15,1,0.00,0.03,0.03,1.25,False,4,3
89,Philip,Bournemouth,MID,21,0,0,0,0,0,0,0,0,0,0,0,0,0,0,0.0,0.0,0.0,0.0,0,0,0,0,0,0.00,0.00,0.00,0.00,False,4,3
90,Scott,Bournemouth,MID,21,90,4,0,0,0,2,0,0,0,0,0,0,0,17,13.8,5.4,4.0,2.3,6,8,0,14,1,0.05,0.22,0.27,1.25,False,4,3
91,Sinisterra,Bournemouth,MID,21,0,0,0,0,0,0,0,0,0,0,0,0,0,0,0.0,0.0,0.0,0.0,0,0,0,0,0,0.00,0.00,0.00,0.00,False,4,3
92,Faivre,Bournemouth,MID,21,0,0,0,0,0,0,0,0,0,0,0,0,0,0,0.0,0.0,0.0,0.0,0,0,0,0,0,0.00,0.00,0.00,0.00,False,4,3
93,H.Traorè,Bournemouth,MID,21,0,0,0,0,0,0,0,0,0,0,0,0,0,0,0.0,0.0,0.0,0.0,0,0,0,0,0,0.00,0.00,0.00,0.00,False,4,3
94,Sadi,Bournemouth,MID,21,0,0,0,0,0,0,0,0,0,0,0,0,0,0,0.0,0.0,0.0,0.0,0,0,0,0,0,0.00,0.00,0.00,0.00,False,4,3
95,Silcott-Duberry,Bournemouth,MID,21,0,0,0,0,0,0,0,0,0,0,0,0,0,0,0.0,0.0,0.0,0.0,0,0,0,0,0,0.00,0.00,0.00,0.00,False,4,3
96,Winterburn,Bournemouth,MID,21,0,0,0,0,0,0,0,0,0,0,0,0,0,0,0.0,0.0,0.0,0.0,0,0,0,0,0,0.00,0.00,0.00,0.00,False,4,3
97,Evanilson,Bournemouth,FWD,21,63,6,1,0,0,1,0,0,0,0,0,0,0,26,35.0,13.0,28.0,7.6,1,1,0,2,1,0.11,0.03,0.14,0.27,False,4,4
98,Enes Ünal,Bournemouth,FWD,21,26,1,0,0,0,1,0,0,0,0,0,0,0,1,0.0,0.0,8.0,0.7,1,0,0,1,0,0.18,0.00,0.18,0.98,False,4,4
99,Adu-Adjei,Bournemouth,FWD,21,0,0,0,0,0,0,0,0,0,0,0,0,0,0,0.0,0.0,0.0,0.0,0,0,0,0,0,0.00,0.00,0.00,0.00,False,4,4
100,Kroupi.Jr,Bournemouth,FWD,21,63,7,1,0,0,1,0,0,0,0,0,0,1,29,34.8,13.8,35.0,8.4,1,1,0,2,1,0.65,0.01,0.66,0.27,False,4,4
101,Kelleher,Brentford,GK,21,90,13,0,0,1,0,0,1,0,0,0,3,1,38,45.4,10.0,0.0,5.5,0,6,0,0,1,0.00,0.00,0.00,1.72,True,5,1
102,Balcombe,Brentford,GK,21,0,0,0,0,0,0,0,0,0,0,0,0,0,0,0.0,0.0,0.0,0.0,0,0,0,0,0,0.00,0.00,0.00,0.00,False,5,1
103,Cox,Brentford,GK,21,0,0,0,0,0,0,0,0,0,0,0,0,0,0,0.0,0.0,0.0,0.0,0,0,0,0,0,0.00,0.00,0.00,0.00,False,5,1
104,Eyestone,Brentford,GK,21,0,0,0,0,0,0,0,0,0,0,0,0,0,0,0.0,0.0,0.0,0.0,0,0,0,0,0,0.00,0.00,0.00,0.00,False,5,1
105,Valdimarsson,Brentford,GK,21,0,0,0,0,0,0,0,0,0,0,0,0,0,0,0.0,0.0,0.0,0.0,0,0,0,0,0,0.00,0.00,0.00,0.00,False,5,1
106,Collins,Brentford,DEF,21,90,13,0,1,1,0,0,0,0,0,0,0,2,40,46.0,21.3,4.0,7.1,10,5,0,10,1,0.00,0.02,0.02,1.72,True,5,2
107,Lewis-Potter,Brentford,DEF,21,60,6,0,0,1,0,0,0,0,0,0,0,0,19,1.4,16.1,5.0,2.3,0,2,0,0,1,0.07,0.13,0.20,1.43,False,5,2
108,Ajer,Brentford,DEF,21,90,6,0,0,1,0,0,0,0,0,0,0,0,19,9.4,0.3,2.0,1.2,6,0,2,8,1,0.00,0.00,0.00,1.72,False,5,2
109,Henry,Brentford,DEF,21,90,6,0,0,1,0,0,0,0,0,0,0,0,25,9.0,1.8,0.0,1.1,3,6,0,3,1,0.00,0.02,0.02,1.72,False,5,2
110,Kayode,Brentford,DEF,21,81,6,0,0,1,0,0,0,0,0,0,0,0,26,13.8,16.0,0.0,3.0,6,4,0,6,1,0.00,0.05,0.05,1.62,False,5,2
111,Pinnock,Brentford,DEF,21,0,0,0,0,0,0,0,0,0,0,0,0,0,0,0.0,0.0,0.0,0.0,0,0,0,0,0,0.00,0.00,0.00,0.00,False,5,2
112,Roerslev,Brentford,DEF,21,0,0,0,0,0,0,0,0,0,0,0,0,0,0,0.0,0.0,0.0,0.0,0,0,0,0,0,0.00,0.00,0.00,0.00,False,5,2
113,Van den Berg,Brentford,DEF,21,0,0,0,0,0,0,0,0,0,0,0,0,0,0,0.0,0.0,0.0,0.0,0,0,0,0,0,0.00,0.00,0.00,0.00,False,5,2
114,Arthur,Brentford,DEF,21,0,0,0,0,0,0,0,0,0,0,0,0,0,0,0.0,0.0,0.0,0.0,0,0,0,0,0,0.00,0.00,0.00,0.00,False,5,2
115,Fredrick,Brentford,DEF,21,0,0,0,0,0,0,0,0,0,0,0,0,0,0,0.0,0.0,0.0,0.0,0,0,0,0,0,0.00,0.00,0.00,0.00,False,5,2
116,Hickey,Brentford,DEF,21,8,1,0,0,0,0,0,0,0,0,0,0,0,2,0.0,0.7,0.0,0.0,0,2,0,0,0,0.00,0.00,0.00,0.10,False,5,2
117,Ji-soo,Brentford,DEF,21,0,0,0,0,0,0,0,0,0,0,0,0,0,0,0.0,0.0,0.0,0.0,0,0,0,0,0,0.00,0.00,0.00,0.00,False,5,2
118,Meghoma,Brentford,DEF,21,0,0,0,0,0,0,0,0,0,0,0,0,0,0,0.0,0.0,0.0,0.0,0,0,0,0,0,0.00,0.00,0.00,0.00,False,5,2
119,Mbeumo,Man Utd,MID,21,0,0,0,0,0,0,0,0,0,0,0,0,0,0,0.0,0.0,0.0,0.0,0,0,0,0,0,0.00,0.00,0.00,0.00,False,14,3
120,Schade,Brentford,MID,21,90,6,0,1,1,0,0,0,0,0,0,0,0,17,27.8,45.3,35.0,10.8,1,3,1,5,1,0.66,0.39,1.05,1.72,False,5,3
121,Damsgaard,Brentford,MID,21,29,1,0,0,0,0,0,0,0,0,0,0,0,7,2.4,14.9,17.0,3.4,0,2,1,3,0,0.12,0.36,0.48,0.30,False,5,3
122,Milambo,Brentford,MID,21,0,0,0,0,0,0,0,0,0,0,0,0,0,0,0.0,0.0,0.0,0.0,0,0,0,0,0,0.00,0.00,0.00,0.00,False,5,3
123,Carvalho,Brentford,MID,21,0,0,0,0,0,0,0,0,0,0,0,0,0,0,0.0,0.0,0.0,0.0,0,0,0,0,0,0.00,0.00,0.00,0.00,False,5,3
124,Henderson,Brentford,MID,21,14,1,0,0,0,0,0,0,0,0,0,0,0,3,1.4,2.3,0.0,0.4,0,1,0,1,0,0.00,0.01,0.01,0.10,False,5,3
125,Janelt,Brentford,MID,21,90,7,0,1,1,0,0,0,0,1,0,0,0,24,30.6,15.8,4.0,5.0,4,6,2,12,1,0.00,0.17,0.17,1.72,False,5,3
126,Jensen,Brentford,MID,21,75,3,0,0,1,0,0,0,0,0,0,0,0,9,5.0,23.6,15.0,4.4,0,2,1,3,1,0.09,0.17,0.26,1.62,False,5,3
127,Nunes,Brentford,MID,21,0,0,0,0,0,0,0,0,0,0,0,0,0,0,0.0,0.0,0.0,0.0,0,0,0,0,0,0.00,0.00,0.00,0.00,False,5,3
128,Onyeka,Brentford,MID,21,0,0,0,0,0,0,0,0,0,0,0,0,0,0,0.0,0.0,0.0,0.0,0,0,0,0,0,0.00,0.00,0.00,0.00,False,5,3
129,Yarmoliuk,Brentford,MID,21,90,8,1,0,1,0,0,0,0,0,0,0,0,30,36.6,5.3,39.0,8.1,2,3,1,6,1,0.38,0.02,0.40,1.72,False,5,3
130,Donovan,Brentford,MID,21,0,0,0,0,0,0,0,0,0,0,0,0,0,0,0.0,0.0,0.0,0.0,0,0,0,0,0,0.00,0.00,0.00,0.00,False,5,3
131,Konak,Brentford,MID,21,0,0,0,0,0,0,0,0,0,0,0,0,0,0,0.0,0.0,0.0,0.0,0,0,0,0,0,0.00,0.00,0.00,0.00,False,5,3
132,Maghoma,Brentford,MID,21,0,0,0,0,0,0,0,0,0,0,0,0,0,0,0.0,0.0,0.0,0.0,0,0,0,0,0,0.00,0.00,0.00,0.00,False,5,3
133,Peart-Harris,Brentford,MID,21,0,0,0,0,0,0,0,0,0,0,0,0,0,0,0.0,0.0,0.0,0.0,0,0,0,0,0,0.00,0.00,0.00,0.00,False,5,3
134,Trevitt,Brentford,MID,21,0,0,0,0,0,0,0,0,0,0,0,0,0,0,0.0,0.0,0.0,0.0,0,0,0,0,0,0.00,0.00,0.00,0.00,False,5,3
135,Wissa,Newcastle,FWD,21,15,1,0,0,0,1,0,0,0,0,0,0,0,-1,0.0,1.2,9.0,0.6,0,2,0,2,0,0.14,0.00,0.14,0.19,False,15,4
136,Thiago,Brentford,FWD,21,81,12,2,0,1,0,0,0,0,1,0,0,3,70,76.0,23.1,109.0,20.8,2,6,0,8,1,1.48,0.15,1.63,1.62,True,5,4
137,Morgan,Brentford,FWD,21,0,0,0,0,0,0,0,0,0,0,0,0,0,0,0.0,0.0,0.0,0.0,0,0,0,0,0,0.00,0.00,0.00,0.00,False,5,4
138,Steele,Brighton,GK,21,0,0,0,0,0,0,0,0,0,0,0,0,0,0,0.0,0.0,0.0,0.0,0,0,0,0,0,0.00,0.00,0.00,0.00,False,6,1
139,Verbruggen,Brighton,GK,21,90,3,0,0,0,1,0,0,0,0,0,3,0,14,27.8,0.0,0.0,2.8,2,4,0,0,1,0.00,0.00,0.00,2.55,False,6,1
140,McGill,Brighton,GK,21,0,0,0,0,0,0,0,0,0,0,0,0,0,0,0.0,0.0,0.0,0.0,0,0,0,0,0,0.00,0.00,0.00,0.00,False,6,1
141,Rushworth,Brighton,GK,21,0,0,0,0,0,0,0,0,0,0,0,0,0,0,0.0,0.0,0.0,0.0,0,0,0,0,0,0.00,0.00,0.00,0.00,False,6,1
142,Scherpen,Brighton,GK,21,0,0,0,0,0,0,0,0,0,0,0,0,0,0,0.0,0.0,0.0,0.0,0,0,0,0,0,0.00,0.00,0.00,0.00,False,6,1
143,Boscagli,Brighton,DEF,21,0,0,0,0,0,0,0,0,0,0,0,0,0,0,0.0,0.0,0.0,0.0,0,0,0,0,0,0.00,0.00,0.00,0.00,False,6,2
144,Coppola,Brighton,DEF,21,0,0,0,0,0,0,0,0,0,0,0,0,0,0,0.0,0.0,0.0,0.0,0,0,0,0,0,0.00,0.00,0.00,0.00,False,6,2
145,De Cuyper,Brighton,DEF,21,90,1,0,0,0,1,0,0,0,1,0,0,0,5,7.8,15.3,2.0,2.5,2,2,3,5,1,0.00,0.01,0.01,2.55,False,6,2
146,Dunk,Brighton,DEF,21,90,3,0,0,0,1,0,0,0,1,0,0,0,8,33.0,0.6,0.0,3.4,9,4,3,12,1,0.00,0.00,0.00,2.55,False,6,2
147,Estupiñan,Brighton,DEF,21,0,0,0,0,0,0,0,0,0,0,0,0,0,0,0.0,0.0,0.0,0.0,0,0,0,0,0,0.00,0.00,0.00,0.00,False,6,2
148,F.Kadıoğlu,Brighton,DEF,21,90,2,0,0,0,1,0,0,0,0,0,0,0,15,18.8,6.8,17.0,4.3,2,5,3,5,1,0.21,0.02,0.23,2.55,False,6,2
149,Igor,West Ham,DEF,21,0,0,0,0,0,0,0,0,0,0,0,0,0,0,0.0,0.0,0.0,0.0,0,0,0,0,0,0.00,0.00,0.00,0.00,False,19,2
150,Lamptey,Brighton,DEF,21,0,0,0,0,0,0,0,0,0,0,0,0,0,0,0.0,0.0,0.0,0.0,0,0,0,0,0,0.00,0.00,0.00,0.00,False,6,2
151,Van Hecke,Brighton,DEF,21,90,3,0,0,0,1,0,0,0,1,0,0,0,9,22.8,0.0,4.0,2.7,14,3,1,15,1,0.01,0.00,0.01,2.55,False,6,2
152,Veltman,Brighton,DEF,21,0,0,0,0,0,0,0,0,0,0,0,0,0,0,0.0,0.0,0.0,0.0,0,0,0,0,0,0.00,0.00,0.00,0.00,False,6,2
153,Webster,Brighton,DEF,21,0,0,0,0,0,0,0,0,0,0,0,0,0,0,0.0,0.0,0.0,0.0,0,0,0,0,0,0.00,0.00,0.00,0.00,False,6,2
154,Cashin,Brighton,DEF,21,0,0,0,0,0,0,0,0,0,0,0,0,0,0,0.0,0.0,0.0,0.0,0,0,0,0,0,0.00,0.00,0.00,0.00,False,6,2
155,Slater,Brighton,DEF,21,0,0,0,0,0,0,0,0,0,0,0,0,0,0,0.0,0.0,0.0,0.0,0,0,0,0,0,0.00,0.00,0.00,0.00,False,6,2
156,Tasker,Brighton,DEF,21,0,0,0,0,0,0,0,0,0,0,0,0,0,0,0.0,0.0,0.0,0.0,0,0,0,0,0,0.00,0.00,0.00,0.00,False,6,2
157,Mitoma,Brighton,MID,21,82,8,1,0,0,1,0,0,0,1,0,0,2,22,37.8,12.0,18.0,6.8,4,5,1,10,1,0.27,0.59,0.86,1.91,False,6,3
158,Georginio,Brighton,MID,21,76,2,0,0,0,1,0,0,0,0,0,0,0,7,9.0,15.1,6.0,3.0,1,2,3,6,1,0.00,0.10,0.10,1.58,False,6,3
159,March,Brighton,MID,21,0,0,0,0,0,0,0,0,0,0,0,0,0,0,0.0,0.0,0.0,0.0,0,0,0,0,0,0.00,0.00,0.00,0.00,False,6,3
160,Minteh,Brighton,MID,21,0,0,0,0,0,0,0,0,0,0,0,0,0,0,0.0,0.0,0.0,0.0,0,0,0,0,0,0.00,0.00,0.00,0.00,False,6,3
161,Enciso,Brighton,MID,21,0,0,0,0,0,0,0,0,0,0,0,0,0,0,0.0,0.0,0.0,0.0,0,0,0,0,0,0.00,0.00,0.00,0.00,False,6,3
162,Gruda,Brighton,MID,21,13,1,0,0,0,0,0,0,0,0,0,0,0,3,1.0,0.3,2.0,0.3,0,0,0,0,0,0.00,0.00,0.00,0.97,False,6,3
163,Hinshelwood,Brighton,MID,21,90,5,0,0,0,1,0,0,0,0,0,0,1,20,23.4,3.6,0.0,2.7,7,4,3,14,1,0.00,0.16,0.16,2.55,False,6,3
164,O'Riley,Brighton,MID,21,0,0,0,0,0,0,0,0,0,0,0,0,0,0,0.0,0.0,0.0,0.0,0,0,0,0,0,0.00,0.00,0.00,0.00,False,6,3
165,Sima,Brighton,MID,21,0,0,0,0,0,0,0,0,0,0,0,0,0,0,0.0,0.0,0.0,0.0,0,0,0,0,0,0.00,0.00,0.00,0.00,False,6,3
166,Ayari,Brighton,MID,21,82,5,0,1,0,1,0,0,0,0,0,0,0,18,23.0,14.0,0.0,3.7,3,4,2,9,1,0.00,0.01,0.01,1.91,False,6,3
167,Baleba,Brighton,MID,21,0,0,0,0,0,0,0,0,0,0,0,0,0,0,0.0,0.0,0.0,0.0,0,0,0,0,0,0.00,0.00,0.00,0.00,False,6,3
168,Buonanotte,Leeds,MID,21,0,0,0,0,0,0,0,0,0,0,0,0,0,0,0.0,0.0,0.0,0.0,0,0,0,0,0,0.00,0.00,0.00,0.00,False,11,3
169,Gomez,Brighton,MID,21,76,2,0,0,0,1,0,0,0,0,0,0,0,5,0.0,27.5,9.0,3.5,3,4,1,8,1,0.58,0.32,0.90,1.58,False,6,3
170,Milner,Brighton,MID,21,7,1,0,0,0,0,0,0,0,0,0,0,0,5,2.4,0.1,0.0,0.3,0,2,1,3,0,0.00,0.00,0.00,0.64,False,6,3
171,Sarmiento,Brighton,MID,21,0,0,0,0,0,0,0,0,0,0,0,0,0,0,0.0,0.0,0.0,0.0,0,0,0,0,0,0.00,0.00,0.00,0.00,False,6,3
172,Watson,Brighton,MID,21,7,0,0,0,0,0,0,0,0,1,0,0,0,-2,0.0,0.0,0.0,0.0,0,2,0,2,0,0.00,0.00,0.00,0.64,False,6,3
173,Wieffer,Brighton,MID,21,0,0,0,0,0,0,0,0,0,0,0,0,0,0,0.0,0.0,0.0,0.0,0,0,0,0,0,0.00,0.00,0.00,0.00,False,6,3
174,Yalcouye,Brighton,MID,21,0,0,0,0,0,0,0,0,0,0,0,0,0,0,0.0,0.0,0.0,0.0,0,0,0,0,0,0.00,0.00,0.00,0.00,False,6,3
175,Knight,Brighton,MID,21,0,0,0,0,0,0,0,0,0,0,0,0,0,0,0.0,0.0,0.0,0.0,0,0,0,0,0,0.00,0.00,0.00,0.00,False,6,3
176,Mazilu,Brighton,MID,21,0,0,0,0,0,0,0,0,0,0,0,0,0,0,0.0,0.0,0.0,0.0,0,0,0,0,0,0.00,0.00,0.00,0.00,False,6,3
177,Moran,Brighton,MID,21,0,0,0,0,0,0,0,0,0,0,0,0,0,0,0.0,0.0,0.0,0.0,0,0,0,0,0,0.00,0.00,0.00,0.00,False,6,3
178,Welbeck,Brighton,FWD,21,13,1,0,0,0,0,0,0,0,0,0,0,0,2,0.0,0.3,2.0,0.1,0,0,0,0,0,0.00,0.01,0.01,0.97,False,6,4
179,Ferguson,Brighton,FWD,21,0,0,0,0,0,0,0,0,0,0,0,0,0,0,0.0,0.0,0.0,0.0,0,0,0,0,0,0.00,0.00,0.00,0.00,False,6,4
180,Tzimas,Brighton,FWD,21,0,0,0,0,0,0,0,0,0,0,0,0,0,0,0.0,0.0,0.0,0.0,0,0,0,0,0,0.00,0.00,0.00,0.00,False,6,4
181,Kostoulas,Brighton,FWD,21,0,0,0,0,0,0,0,0,0,0,0,0,0,0,0.0,0.0,0.0,0.0,0,0,0,0,0,0.00,0.00,0.00,0.00,False,6,4
182,Trafford,Man City,GK,21,0,0,0,0,0,0,0,0,0,0,0,0,0,0,0.0,0.0,0.0,0.0,0,0,0,0,0,0.00,0.00,0.00,0.00,False,13,1
183,Weiss,Burnley,GK,21,0,0,0,0,0,0,0,0,0,0,0,0,0,0,0.0,0.0,0.0,0.0,0,0,0,0,0,0.00,0.00,0.00,0.00,False,3,1
184,Green,Burnley,GK,21,0,0,0,0,0,0,0,0,0,0,0,0,0,0,0.0,0.0,0.0,0.0,0,0,0,0,0,0.00,0.00,0.00,0.00,False,3,1
185,Hladký,Burnley,GK,21,0,0,0,0,0,0,0,0,0,0,0,0,0,0,0.0,0.0,0.0,0.0,0,0,0,0,0,0.00,0.00,0.00,0.00,False,3,1
186,Roberts,Burnley,DEF,21,0,0,0,0,0,0,0,0,0,0,0,0,0,0,0.0,0.0,0.0,0.0,0,0,0,0,0,0.00,0.00,0.00,0.00,False,3,2
187,Walker,Burnley,DEF,21,90,1,0,0,0,2,0,0,0,0,0,0,0,-1,6.0,1.6,0.0,0.8,4,0,0,4,1,0.00,0.01,0.01,2.55,False,3,2
188,Delcroix,Burnley,DEF,21,0,0,0,0,0,0,0,0,0,0,0,0,0,0,0.0,0.0,0.0,0.0,0,0,0,0,0,0.00,0.00,0.00,0.00,False,3,2
189,Dodgson,Burnley,DEF,21,0,0,0,0,0,0,0,0,0,0,0,0,0,0,0.0,0.0,0.0,0.0,0,0,0,0,0,0.00,0.00,0.00,0.00,False,3,2
190,Ekdal,Burnley,DEF,21,0,0,0,0,0,0,0,0,0,0,0,0,0,0,0.0,0.0,0.0,0.0,0,0,0,0,0,0.00,0.00,0.00,0.00,False,3,2
191,Estève,Burnley,DEF,21,90,3,0,0,0,2,0,0,0,0,0,0,0,17,32.4,0.1,0.0,3.3,9,6,3,12,1,0.00,0.00,0.00,2.55,False,3,2
192,Hartman,Burnley,DEF,21,0,0,0,0,0,0,0,0,0,0,0,0,0,0,0.0,0.0,0.0,0.0,0,0,0,0,0,0.00,0.00,0.00,0.00,False,3,2
193,Humphreys,Burnley,DEF,21,90,6,0,1,0,2,0,0,0,0,0,0,0,25,25.0,11.8,4.0,4.1,9,3,1,10,1,0.00,0.01,0.01,2.55,False,3,2
194,Jordan,Burnley,DEF,21,0,0,0,0,0,0,0,0,0,0,0,0,0,0,0.0,0.0,0.0,0.0,0,0,0,0,0,0.00,0.00,0.00,0.00,False,3,2
195,Lucas Pires,Burnley,DEF,21,90,1,0,0,0,2,0,0,0,0,0,0,0,-1,3.8,3.5,6.0,1.3,1,6,1,2,1,0.03,0.01,0.04,2.55,False,3,2
196,Sambo,Burnley,DEF,21,0,0,0,0,0,0,0,0,0,0,0,0,0,0,0.0,0.0,0.0,0.0,0,0,0,0,0,0.00,0.00,0.00,0.00,False,3,2
197,Sonne,Burnley,DEF,21,1,1,0,0,0,0,0,0,0,0,0,0,0,0,0.0,0.1,0.0,0.0,0,0,0,0,0,0.00,0.00,0.00,0.02,False,3,2
198,Tuanzebe,Burnley,DEF,21,0,0,0,0,0,0,0,0,0,0,0,0,0,0,0.0,0.0,0.0,0.0,0,0,0,0,0,0.00,0.00,0.00,0.00,False,3,2
199,Worrall,Burnley,DEF,21,0,0,0,0,0,0,0,0,0,0,0,0,0,0,0.0,0.0,0.0,0.0,0,0,0,0,0,0.00,0.00,0.00,0.00,False,3,2
200,Anthony,Burnley,MID,21,32,6,1,0,0,1,0,0,0,0,0,0,0,28,38.6,13.8,22.0,7.4,0,3,1,4,0,0.07,0.01,0.08,0.84,False,3,3
201,Benson,Burnley,MID,21,0,0,0,0,0,0,0,0,0,0,0,0,0,0,0.0,0.0,0.0,0.0,0,0,0,0,0,0.00,0.00,0.00,0.00,False,3,3
202,Bruun Larsen,Burnley,MID,21,0,0,0,0,0,0,0,0,0,0,0,0,0,0,0.0,0.0,0.0,0.0,0,0,0,0,0,0.00,0.00,0.00,0.00,False,3,3
203,Boateng,Burnley,MID,21,0,0,0,0,0,0,0,0,0,0,0,0,0,0,0.0,0.0,0.0,0.0,0,0,0,0,0,0.00,0.00,0.00,0.00,False,3,3
204,Churlinov,Burnley,MID,21,0,0,0,0,0,0,0,0,0,0,0,0,0,0,0.0,0.0,0.0,0.0,0,0,0,0,0,0.00,0.00,0.00,0.00,False,3,3
205,Cullen,Burnley,MID,21,0,0,0,0,0,0,0,0,0,0,0,0,0,0,0.0,0.0,0.0,0.0,0,0,0,0,0,0.00,0.00,0.00,0.00,False,3,3
206,Edwards,Burnley,MID,21,90,5,0,1,0,2,0,0,0,0,0,0,0,26,28.4,34.9,7.0,7.0,1,3,1,5,1,0.09,0.03,0.12,2.53,False,3,3
207,Hannibal,Burnley,MID,21,57,0,0,0,0,1,0,0,0,1,0,0,0,-2,2.2,12.9,5.0,2.0,1,1,0,2,1,0.03,0.02,0.05,1.70,False,3,3
208,Koleosho,Burnley,MID,21,0,0,0,0,0,0,0,0,0,0,0,0,0,0,0.0,0.0,0.0,0.0,0,0,0,0,0,0.00,0.00,0.00,0.00,False,3,3
209,Laurent,Burnley,MID,21,90,4,0,0,0,2,0,0,0,0,0,0,0,17,23.8,1.4,0.0,2.5,3,6,5,14,1,0.00,0.01,0.01,2.55,False,3,3
210,Tchaouna,Burnley,MID,21,0,0,0,0,0,0,0,0,0,0,0,0,0,0,0.0,0.0,0.0,0.0,0,0,0,0,0,0.00,0.00,0.00,0.00,False,3,3
211,A.Ramsey,Burnley,MID,21,0,0,0,0,0,0,0,0,0,0,0,0,0,0,0.0,0.0,0.0,0.0,0,0,0,0,0,0.00,0.00,0.00,0.00,False,3,3
212,Adewumi,Burnley,MID,21,0,0,0,0,0,0,0,0,0,0,0,0,0,0,0.0,0.0,0.0,0.0,0,0,0,0,0,0.00,0.00,0.00,0.00,False,3,3
213,Banel,Burnley,MID,21,0,0,0,0,0,0,0,0,0,0,0,0,0,0,0.0,0.0,0.0,0.0,0,0,0,0,0,0.00,0.00,0.00,0.00,False,3,3
214,Trésor,Burnley,MID,21,0,0,0,0,0,0,0,0,0,0,0,0,0,0,0.0,0.0,0.0,0.0,0,0,0,0,0,0.00,0.00,0.00,0.00,False,3,3
215,Flemming,Burnley,FWD,21,0,0,0,0,0,0,0,0,0,0,0,0,0,0,0.0,0.0,0.0,0.0,0,0,0,0,0,0.00,0.00,0.00,0.00,False,3,4
216,Amdouni,Burnley,FWD,21,0,0,0,0,0,0,0,0,0,0,0,0,0,0,0.0,0.0,0.0,0.0,0,0,0,0,0,0.00,0.00,0.00,0.00,False,3,4
217,Foster,Burnley,FWD,21,14,0,0,0,0,0,0,0,0,1,0,0,0,1,3.0,0.3,0.0,0.3,0,0,2,2,0,0.00,0.00,0.00,0.55,False,3,4
218,Barnes,Burnley,FWD,21,0,0,0,0,0,0,0,0,0,0,0,0,0,0,0.0,0.0,0.0,0.0,0,0,0,0,0,0.00,0.00,0.00,0.00,False,3,4
219,Obafemi,Burnley,FWD,21,0,0,0,0,0,0,0,0,0,0,0,0,0,0,0.0,0.0,0.0,0.0,0,0,0,0,0,0.00,0.00,0.00,0.00,False,3,4
220,Sánchez,Chelsea,GK,21,90,2,0,0,0,2,0,0,0,0,0,3,0,9,20.4,0.0,0.0,2.0,2,10,0,0,1,0.00,0.00,0.00,1.20,False,7,1
221,Jörgensen,Chelsea,GK,21,0,0,0,0,0,0,0,0,0,0,0,0,0,0,0.0,0.0,0.0,0.0,0,0,0,0,0,0.00,0.00,0.00,0.00,False,7,1
222,Penders,Chelsea,GK,21,0,0,0,0,0,0,0,0,0,0,0,0,0,0,0.0,0.0,0.0,0.0,0,0,0,0,0,0.00,0.00,0.00,0.00,False,7,1
223,Slonina,Chelsea,GK,21,0,0,0,0,0,0,0,0,0,0,0,0,0,0,0.0,0.0,0.0,0.0,0,0,0,0,0,0.00,0.00,0.00,0.00,False,7,1
224,Cucurella,Chelsea,DEF,21,21,-3,0,0,0,2,0,0,0,0,1,0,0,-14,0.0,0.5,0.0,0.0,0,1,0,0,1,0.00,0.00,0.00,0.21,False,7,2
225,James,Chelsea,DEF,21,25,1,0,0,0,1,0,0,0,0,0,0,0,2,18.4,14.3,2.0,3.5,5,2,0,5,0,0.00,0.01,0.01,0.57,False,7,2
226,Chalobah,Chelsea,DEF,21,90,3,0,0,0,2,0,0,0,0,0,0,0,11,30.4,0.9,0.0,3.1,11,4,1,12,1,0.00,0.00,0.00,1.20,False,7,2
227,Colwill,Chelsea,DEF,21,0,0,0,0,0,0,0,0,0,0,0,0,0,0,0.0,0.0,0.0,0.0,0,0,0,0,0,0.00,0.00,0.00,0.00,False,7,2
228,Gusto,Chelsea,DEF,21,75,2,0,0,0,1,0,0,0,0,0,0,0,11,7.8,12.5,4.0,2.4,1,6,1,2,1,0.00,0.06,0.06,0.62,False,7,2
229,B.Badiashile,Chelsea,DEF,21,0,0,0,0,0,0,0,0,0,0,0,0,0,0,0.0,0.0,0.0,0.0,0,0,0,0,0,0.00,0.00,0.00,0.00,False,7,2
230,Fofana,Chelsea,DEF,21,0,0,0,0,0,0,0,0,0,0,0,0,0,0,0.0,0.0,0.0,0.0,0,0,0,0,0,0.00,0.00,0.00,0.00,False,7,2
231,M.Sarr,Chelsea,DEF,21,0,0,0,0,0,0,0,0,0,0,0,0,0,0,0.0,0.0,0.0,0.0,0,0,0,0,0,0.00,0.00,0.00,0.00,False,7,2
232,Tosin,Chelsea,DEF,21,90,0,0,0,0,2,0,0,0,1,0,0,0,9,23.0,14.2,0.0,3.7,8,0,0,8,1,0.00,0.18,0.18,1.20,False,7,2
233,Acheampong,Chelsea,DEF,21,14,1,0,0,0,1,0,0,0,0,0,0,0,0,4.6,15.1,0.0,2.0,0,1,0,0,0,0.00,0.04,0.04,0.57,False,7,2
234,Anselmino,Chelsea,DEF,21,0,0,0,0,0,0,0,0,0,0,0,0,0,0,0.0,0.0,0.0,0.0,0,0,0,0,0,0.00,0.00,0.00,0.00,False,7,2
235,Palmer,Chelsea,MID,21,74,1,0,0,0,1,0,0,0,1,0,0,0,7,11.0,2.9,28.0,4.2,1,4,2,7,1,0.08,0.02,0.10,0.62,False,7,3
236,Neto,Chelsea,MID,21,90,5,0,1,0,2,0,0,0,0,0,0,0,25,10.2,20.3,19.0,5.0,2,1,1,4,1,0.14,0.13,0.27,1.20,False,7,3
237,Enzo,Chelsea,MID,21,64,1,0,0,0,1,0,0,0,1,0,0,0,13,9.2,44.1,4.0,5.7,3,2,0,5,1,0.05,0.29,0.34,0.62,False,7,3
238,Estêvão,Chelsea,MID,21,0,0,0,0,0,0,0,0,0,0,0,0,0,0,0.0,0.0,0.0,0.0,0,0,0,0,0,0.00,0.00,0.00,0.00,False,7,3
239,Gittens,Chelsea,MID,21,0,0,0,0,0,0,0,0,0,0,0,0,0,0,0.0,0.0,0.0,0.0,0,0,0,0,0,0.00,0.00,0.00,0.00,False,7,3
240,Nkunku,Chelsea,MID,21,0,0,0,0,0,0,0,0,0,0,0,0,0,0,0.0,0.0,0.0,0.0,0,0,0,0,0,0.00,0.00,0.00,0.00,False,7,3
241,Caicedo,Chelsea,MID,21,90,4,0,0,0,2,0,0,0,0,0,0,0,22,26.2,6.7,23.0,5.6,4,6,4,14,1,0.21,0.03,0.24,1.20,False,7,3
242,Dewsbury-Hall,Everton,MID,21,0,0,0,0,0,0,0,0,0,0,0,0,0,0,0.0,0.0,0.0,0.0,0,0,0,0,0,0.00,0.00,0.00,0.00,False,9,3
243,George,Chelsea,MID,21,0,0,0,0,0,0,0,0,0,0,0,0,0,0,0.0,0.0,0.0,0.0,0,0,0,0,0,0.00,0.00,0.00,0.00,False,7,3
244,Lavia,Chelsea,MID,21,0,0,0,0,0,0,0,0,0,0,0,0,0,0,0.0,0.0,0.0,0.0,0,0,0,0,0,0.00,0.00,0.00,0.00,False,7,3
245,Mudryk,Chelsea,MID,21,0,0,0,0,0,0,0,0,0,0,0,0,0,0,0.0,0.0,0.0,0.0,0,0,0,0,0,0.00,0.00,0.00,0.00,False,7,3
246,Andrey Santos,Chelsea,MID,21,27,1,0,0,0,0,0,0,0,0,0,0,0,0,4.0,3.9,7.0,1.5,2,3,0,5,1,0.83,0.05,0.88,0.41,False,7,3
247,D.Essugo,Chelsea,MID,21,0,0,0,0,0,0,0,0,0,0,0,0,0,0,0.0,0.0,0.0,0.0,0,0,0,0,0,0.00,0.00,0.00,0.00,False,7,3
248,Paez,Chelsea,MID,21,0,0,0,0,0,0,0,0,0,0,0,0,0,0,0.0,0.0,0.0,0.0,0,0,0,0,0,0.00,0.00,0.00,0.00,False,7,3
249,João Pedro,Chelsea,FWD,21,15,1,0,0,0,1,0,0,0,0,0,0,0,3,0.2,1.6,0.0,0.2,0,0,0,0,0,0.00,0.00,0.00,0.57,False,7,4
250,Delap,Chelsea,FWD,21,90,7,1,0,0,2,0,0,0,0,0,0,1,33,38.6,23.3,60.0,12.2,1,4,0,5,1,0.99,0.04,1.03,1.20,False,7,4
251,N.Jackson,Chelsea,FWD,21,0,0,0,0,0,0,0,0,0,0,0,0,0,0,0.0,0.0,0.0,0.0,0,0,0,0,0,0.00,0.00,0.00,0.00,False,7,4
252,Marc Guiu,Chelsea,FWD,21,0,0,0,0,0,0,0,0,0,0,0,0,0,0,0.0,0.0,0.0,0.0,0,0,0,0,0,0.00,0.00,0.00,0.00,False,7,4
253,Henderson,Crystal Palace,GK,21,90,7,0,0,1,0,0,0,0,0,0,4,0,29,25.8,0.0,0.0,2.6,2,8,0,0,1,0.00,0.00,0.00,1.74,False,8,1
254,Benitez,Crystal Palace,GK,21,0,0,0,0,0,0,0,0,0,0,0,0,0,0,0.0,0.0,0.0,0.0,0,0,0,0,0,0.00,0.00,0.00,0.00,False,8,1
255,Matthews,Crystal Palace,GK,21,0,0,0,0,0,0,0,0,0,0,0,0,0,0,0.0,0.0,0.0,0.0,0,0,0,0,0,0.00,0.00,0.00,0.00,False,8,1
256,Muñoz,Crystal Palace,DEF,21,0,0,0,0,0,0,0,0,0,0,0,0,0,0,0.0,0.0,0.0,0.0,0,0,0,0,0,0.00,0.00,0.00,0.00,False,8,2
257,Lacroix,Crystal Palace,DEF,21,90,8,0,0,1,0,0,0,0,0,0,0,0,28,20.4,0.4,0.0,2.1,10,2,1,11,1,0.00,0.00,0.00,1.74,False,8,2
258,Mitchell,Crystal Palace,DEF,21,90,5,0,0,1,0,0,0,0,1,0,0,0,20,16.4,16.8,37.0,7.0,3,6,1,4,1,0.26,0.09,0.35,1.74,False,8,2
259,Sosa,Crystal Palace,DEF,21,1,1,0,0,0,0,0,0,0,0,0,0,0,3,0.0,0.3,0.0,0.0,0,0,0,0,0,0.00,0.00,0.00,0.10,False,8,2
260,Guéhi,Crystal Palace,DEF,21,90,6,0,0,1,0,0,0,0,0,0,0,0,27,23.6,3.2,0.0,2.7,5,3,1,6,1,0.00,0.03,0.03,1.74,False,8,2
261,Richards,Crystal Palace,DEF,21,0,0,0,0,0,0,0,0,0,0,0,0,0,0,0.0,0.0,0.0,0.0,0,0,0,0,0,0.00,0.00,0.00,0.00,False,8,2
262,Chadi Riad,Crystal Palace,DEF,21,0,0,0,0,0,0,0,0,0,0,0,0,0,0,0.0,0.0,0.0,0.0,0,0,0,0,0,0.00,0.00,0.00,0.00,False,8,2
263,Clyne,Crystal Palace,DEF,21,0,0,0,0,0,0,0,0,0,0,0,0,0,0,0.0,0.0,0.0,0.0,0,0,0,0,0,0.00,0.00,0.00,0.00,False,8,2
264,Holding,Crystal Palace,DEF,21,0,0,0,0,0,0,0,0,0,0,0,0,0,0,0.0,0.0,0.0,0.0,0,0,0,0,0,0.00,0.00,0.00,0.00,False,8,2
265,Kporha,Crystal Palace,DEF,21,0,0,0,0,0,0,0,0,0,0,0,0,0,0,0.0,0.0,0.0,0.0,0,0,0,0,0,0.00,0.00,0.00,0.00,False,8,2
266,Eze,Arsenal,MID,21,12,1,0,0,0,0,0,0,0,0,0,0,0,4,0.2,0.3,0.0,0.1,0,1,0,1,0,0.00,0.00,0.00,0.06,False,1,3
267,Sarr,Crystal Palace,MID,21,0,0,0,0,0,0,0,0,0,0,0,0,0,0,0.0,0.0,0.0,0.0,0,0,0,0,0,0.00,0.00,0.00,0.00,False,8,3
268,Doucouré,Crystal Palace,MID,21,0,0,0,0,0,0,0,0,0,0,0,0,0,0,0.0,0.0,0.0,0.0,0,0,0,0,0,0.00,0.00,0.00,0.00,False,8,3
269,Esse,Crystal Palace,MID,21,0,0,0,0,0,0,0,0,0,0,0,0,0,0,0.0,0.0,0.0,0.0,0,0,0,0,0,0.00,0.00,0.00,0.00,False,8,3
270,Hughes,Crystal Palace,MID,21,90,3,0,0,1,0,0,0,0,0,0,0,0,16,14.2,24.3,5.0,4.4,3,4,2,9,1,0.06,0.10,0.16,1.74,False,8,3
271,Kamada,Crystal Palace,MID,21,0,0,0,0,0,0,0,0,0,0,0,0,0,0,0.0,0.0,0.0,0.0,0,0,0,0,0,0.00,0.00,0.00,0.00,False,8,3
272,Lerma,Crystal Palace,MID,21,0,0,0,0,0,0,0,0,0,0,0,0,0,0,0.0,0.0,0.0,0.0,0,0,0,0,0,0.00,0.00,0.00,0.00,False,8,3
273,Wharton,Crystal Palace,MID,21,90,3,0,0,1,0,0,0,0,0,0,0,0,20,23.6,39.1,7.0,7.0,2,3,5,10,1,0.10,0.54,0.64,1.74,False,8,3
274,Agbinone,Crystal Palace,MID,21,0,0,0,0,0,0,0,0,0,0,0,0,0,0,0.0,0.0,0.0,0.0,0,0,0,0,0,0.00,0.00,0.00,0.00,False,8,3
275,Ahamada,Crystal Palace,MID,21,0,0,0,0,0,0,0,0,0,0,0,0,0,0,0.0,0.0,0.0,0.0,0,0,0,0,0,0.00,0.00,0.00,0.00,False,8,3
276,Devenny,Crystal Palace,MID,21,89,3,0,0,1,0,0,0,0,0,0,0,0,3,12.2,13.9,14.0,4.0,4,1,2,7,1,0.23,0.03,0.26,1.64,False,8,3
277,Ebiowei,Crystal Palace,MID,21,0,0,0,0,0,0,0,0,0,0,0,0,0,0,0.0,0.0,0.0,0.0,0,0,0,0,0,0.00,0.00,0.00,0.00,False,8,3
278,J.Rak-Sakyi,Crystal Palace,MID,21,0,0,0,0,0,0,0,0,0,0,0,0,0,0,0.0,0.0,0.0,0.0,0,0,0,0,0,0.00,0.00,0.00,0.00,False,8,3
279,M.França,Crystal Palace,MID,21,0,0,0,0,0,0,0,0,0,0,0,0,0,0,0.0,0.0,0.0,0.0,0,0,0,0,0,0.00,0.00,0.00,0.00,False,8,3
280,Ozoh,Crystal Palace,MID,21,0,0,0,0,0,0,0,0,0,0,0,0,0,0,0.0,0.0,0.0,0.0,0,0,0,0,0,0.00,0.00,0.00,0.00,False,8,3
281,Rodney,Crystal Palace,MID,21,0,0,0,0,0,0,0,0,0,0,0,0,0,0,0.0,0.0,0.0,0.0,0,0,0,0,0,0.00,0.00,0.00,0.00,False,8,3
282,Umeh,Crystal Palace,MID,21,0,0,0,0,0,0,0,0,0,0,0,0,0,0,0.0,0.0,0.0,0.0,0,0,0,0,0,0.00,0.00,0.00,0.00,False,8,3
283,Mateta,Crystal Palace,FWD,21,90,2,0,0,1,0,0,0,0,0,0,0,0,4,8.4,0.3,4.0,1.3,3,3,1,7,1,0.00,0.00,0.00,1.74,False,8,4
284,Nketiah,Crystal Palace,FWD,21,0,0,0,0,0,0,0,0,0,0,0,0,0,0,0.0,0.0,0.0,0.0,0,0,0,0,0,0.00,0.00,0.00,0.00,False,8,4
285,Édouard,Crystal Palace,FWD,21,0,0,0,0,0,0,0,0,0,0,0,0,0,0,0.0,0.0,0.0,0.0,0,0,0,0,0,0.00,0.00,0.00,0.00,False,8,4
286,Marsh,Crystal Palace,FWD,21,0,0,0,0,0,0,0,0,0,0,0,0,0,0,0.0,0.0,0.0,0.0,0,0,0,0,0,0.00,0.00,0.00,0.00,False,8,4
287,Pickford,Everton,GK,21,90,3,0,0,0,1,0,0,0,0,0,3,0,12,23.8,0.0,0.0,2.4,0,7,0,0,1,0.00,0.01,0.01,0.73,False,9,1
288,Travers,Everton,GK,21,0,0,0,0,0,0,0,0,0,0,0,0,0,0,0.0,0.0,0.0,0.0,0,0,0,0,0,0.00,0.00,0.00,0.00,False,9,1
289,Tyrer,Everton,GK,21,0,0,0,0,0,0,0,0,0,0,0,0,0,0,0.0,0.0,0.0,0.0,0,0,0,0,0,0.00,0.00,0.00,0.00,False,9,1
290,Branthwaite,Everton,DEF,21,0,0,0,0,0,0,0,0,0,0,0,0,0,0,0.0,0.0,0.0,0.0,0,0,0,0,0,0.00,0.00,0.00,0.00,False,9,2
291,Tarkowski,Everton,DEF,21,90,4,0,0,0,1,0,0,0,0,0,0,0,14,34.0,10.8,12.0,5.7,13,1,1,14,1,0.00,0.01,0.01,0.73,False,9,2
292,Mykolenko,Everton,DEF,21,90,2,0,0,0,1,0,0,0,0,0,0,0,7,17.2,2.9,9.0,2.9,7,3,2,9,1,0.13,0.01,0.14,0.73,False,9,2
293,O'Brien,Everton,DEF,21,90,2,0,0,0,1,0,0,0,0,0,0,0,6,14.2,25.4,0.0,4.0,5,0,0,5,1,0.00,0.10,0.10,0.73,False,9,2
294,Coleman,Everton,DEF,21,0,0,0,0,0,0,0,0,0,0,0,0,0,0,0.0,0.0,0.0,0.0,0,0,0,0,0,0.00,0.00,0.00,0.00,False,9,2
295,Keane,Everton,DEF,21,82,5,1,0,0,1,0,0,0,0,1,0,0,11,39.0,0.4,30.0,6.9,5,4,1,6,1,0.43,0.00,0.43,0.47,False,9,2
296,Patterson,Everton,DEF,21,3,1,0,0,0,0,0,0,0,0,0,0,0,3,2.0,0.0,0.0,0.2,1,0,0,1,0,0.00,0.00,0.00,0.16,False,9,2
297,Dixon,Everton,DEF,21,0,0,0,0,0,0,0,0,0,0,0,0,0,0,0.0,0.0,0.0,0.0,0,0,0,0,0,0.00,0.00,0.00,0.00,False,9,2
298,Welch,Everton,DEF,21,0,0,0,0,0,0,0,0,0,0,0,0,0,0,0.0,0.0,0.0,0.0,0,0,0,0,0,0.00,0.00,0.00,0.00,False,9,2
299,Ndiaye,Everton,MID,21,0,0,0,0,0,0,0,0,0,0,0,0,0,0,0.0,0.0,0.0,0.0,0,0,0,0,0,0.00,0.00,0.00,0.00,False,9,3
300,McNeil,Everton,MID,21,90,2,0,0,0,1,0,0,0,0,0,0,0,11,6.2,9.6,2.0,1.8,2,1,1,4,1,0.02,0.10,0.12,0.57,False,9,3
301,Alcaraz,Everton,MID,21,0,0,0,0,0,0,0,0,0,0,0,0,0,0,0.0,0.0,0.0,0.0,0,0,0,0,0,0.00,0.00,0.00,0.00,False,9,3
302,Gana,Everton,MID,21,0,0,0,0,0,0,0,0,0,0,0,0,0,0,0.0,0.0,0.0,0.0,0,0,0,0,0,0.00,0.00,0.00,0.00,False,9,3
303,Garner,Everton,MID,21,90,6,0,0,0,1,0,0,0,0,0,0,2,27,24.4,31.8,17.0,7.3,5,9,2,16,1,0.08,0.36,0.44,0.73,False,9,3
304,Iroegbunam,Everton,MID,21,90,7,0,1,0,1,0,0,0,1,0,0,1,25,26.0,33.1,20.0,7.9,1,7,4,12,1,0.12,0.02,0.14,0.73,False,9,3
305,Armstrong,Everton,MID,21,86,4,0,0,0,1,0,0,0,0,0,0,0,12,15.0,6.3,2.0,2.3,6,4,2,12,1,0.00,0.02,0.02,0.57,False,9,3
306,Bates,Everton,MID,21,0,0,0,0,0,0,0,0,0,0,0,0,0,0,0.0,0.0,0.0,0.0,0,0,0,0,0,0.00,0.00,0.00,0.00,False,9,3
307,Ebere,Everton,MID,21,0,0,0,0,0,0,0,0,0,0,0,0,0,0,0.0,0.0,0.0,0.0,0,0,0,0,0,0.00,0.00,0.00,0.00,False,9,3
308,Heath,Everton,MID,21,0,0,0,0,0,0,0,0,0,0,0,0,0,0,0.0,0.0,0.0,0.0,0,0,0,0,0,0.00,0.00,0.00,0.00,False,9,3
309,Metcalfe,Everton,MID,21,0,0,0,0,0,0,0,0,0,0,0,0,0,0,0.0,0.0,0.0,0.0,0,0,0,0,0,0.00,0.00,0.00,0.00,False,9,3
310,Barry,Everton,FWD,21,86,2,0,0,0,1,0,0,0,0,0,0,0,8,7.6,3.9,4.0,1.6,5,0,1,6,1,0.04,0.00,0.04,0.57,False,9,4
311,Beto,Everton,FWD,21,3,1,0,0,0,0,0,0,0,0,0,0,0,2,0.0,0.0,0.0,0.0,0,0,0,0,0,0.00,0.00,0.00,0.16,False,9,4
312,Y.Chermiti,Everton,FWD,21,0,0,0,0,0,0,0,0,0,0,0,0,0,0,0.0,0.0,0.0,0.0,0,0,0,0,0,0.00,0.00,0.00,0.00,False,9,4
313,Sherif,Everton,FWD,21,0,0,0,0,0,0,0,0,0,0,0,0,0,0,0.0,0.0,0.0,0.0,0,0,0,0,0,0.00,0.00,0.00,0.00,False,9,4
314,Leno,Fulham,GK,21,90,3,0,0,0,1,0,0,0,0,0,4,0,19,34.2,0.0,0.0,3.4,2,4,0,0,1,0.00,0.00,0.00,2.39,False,10,1
315,Benda,Fulham,GK,21,0,0,0,0,0,0,0,0,0,0,0,0,0,0,0.0,0.0,0.0,0.0,0,0,0,0,0,0.00,0.00,0.00,0.00,False,10,1
316,Robinson,Fulham,DEF,21,72,2,0,0,0,1,0,0,0,0,0,0,0,10,12.2,13.8,4.0,3.0,5,5,1,6,1,0.00,0.04,0.04,2.33,False,10,2
317,Andersen,Fulham,DEF,21,90,2,0,0,0,1,0,0,0,0,0,0,0,12,27.4,3.3,0.0,3.1,7,4,1,8,1,0.00,0.03,0.03,2.39,False,10,2
318,Bassey,Fulham,DEF,21,0,0,0,0,0,0,0,0,0,0,0,0,0,0,0.0,0.0,0.0,0.0,0,0,0,0,0,0.00,0.00,0.00,0.00,False,10,2
319,Castagne,Fulham,DEF,21,90,1,0,0,0,1,0,0,0,1,0,0,0,5,12.0,14.9,4.0,3.1,4,3,0,4,1,0.00,0.03,0.03,2.39,False,10,2
320,Diop,Fulham,DEF,21,90,2,0,0,0,1,0,0,0,0,0,0,0,11,15.2,1.7,4.0,2.1,5,1,0,5,1,0.02,0.01,0.03,2.39,False,10,2
321,J.Cuenca,Fulham,DEF,21,45,0,0,0,0,0,0,0,0,1,0,0,0,9,4.8,0.9,0.0,0.6,0,3,2,2,1,0.00,0.04,0.04,0.93,False,10,2
322,Tete,Fulham,DEF,21,0,0,0,0,0,0,0,0,0,0,0,0,0,0,0.0,0.0,0.0,0.0,0,0,0,0,0,0.00,0.00,0.00,0.00,False,10,2
323,Amissah,Fulham,DEF,21,0,0,0,0,0,0,0,0,0,0,0,0,0,0,0.0,0.0,0.0,0.0,0,0,0,0,0,0.00,0.00,0.00,0.00,False,10,2
324,Iwobi,Fulham,MID,21,0,0,0,0,0,0,0,0,0,0,0,0,0,0,0.0,0.0,0.0,0.0,0,0,0,0,0,0.00,0.00,0.00,0.00,False,10,3
325,Smith Rowe,Fulham,MID,21,82,5,0,1,0,1,0,0,0,0,0,0,0,23,11.6,18.0,9.0,3.9,3,5,2,10,1,0.05,0.05,0.10,2.33,False,10,3
326,Adama,Fulham,MID,21,1,1,0,0,0,0,0,0,0,0,0,0,0,2,0.0,0.0,0.0,0.0,0,0,0,0,0,0.00,0.00,0.00,0.00,False,10,3
327,Andreas,Fulham,MID,21,0,0,0,0,0,0,0,0,0,0,0,0,0,0,0.0,0.0,0.0,0.0,0,0,0,0,0,0.00,0.00,0.00,0.00,False,10,3
328,Sessegnon,Fulham,MID,21,17,1,0,0,0,0,0,0,0,0,0,0,0,5,6.8,15.8,6.0,2.9,1,0,0,1,0,0.00,0.44,0.44,0.06,False,10,3
329,Wilson,Fulham,MID,21,90,9,1,0,0,1,0,0,0,0,0,0,2,37,47.6,17.8,67.0,13.2,1,2,1,4,1,0.63,0.10,0.73,2.39,False,10,3
330,Berge,Fulham,MID,21,90,10,0,1,0,1,0,0,0,0,0,0,3,44,50.2,22.7,0.0,7.3,7,3,4,14,1,0.00,0.10,0.10,2.39,True,10,3
331,Cairney,Fulham,MID,21,72,2,0,0,0,1,0,0,0,0,0,0,0,18,11.4,22.0,2.0,3.5,1,5,1,7,1,0.03,0.06,0.09,2.33,False,10,3
332,Lukić,Fulham,MID,21,17,1,0,0,0,0,0,0,0,0,0,0,0,3,2.2,11.8,2.0,1.6,1,1,0,2,0,0.00,0.11,0.11,0.06,False,10,3
333,Godo,Fulham,MID,21,0,0,0,0,0,0,0,0,0,0,0,0,0,0,0.0,0.0,0.0,0.0,0,0,0,0,0,0.00,0.00,0.00,0.00,False,10,3
334,Harris,Fulham,MID,21,0,0,0,0,0,0,0,0,0,0,0,0,0,0,0.0,0.0,0.0,0.0,0,0,0,0,0,0.00,0.00,0.00,0.00,False,10,3
335,King,Fulham,MID,21,0,0,0,0,0,0,0,0,0,0,0,0,0,0,0.0,0.0,0.0,0.0,0,0,0,0,0,0.00,0.00,0.00,0.00,False,10,3
336,Reed,Fulham,MID,21,7,1,0,0,0,0,0,0,0,0,0,0,0,3,0.2,0.0,0.0,0.0,0,0,0,0,0,0.00,0.00,0.00,0.06,False,10,3
337,Raúl,Fulham,FWD,21,90,5,1,0,0,1,0,0,0,1,0,0,0,29,43.2,33.4,40.0,11.7,2,3,2,7,1,0.35,0.20,0.55,2.39,False,10,4
338,Muniz,Fulham,FWD,21,0,0,0,0,0,0,0,0,0,0,0,0,0,0,0.0,0.0,0.0,0.0,0,0,0,0,0,0.00,0.00,0.00,0.00,False,10,4
339,Meslier,Leeds,GK,21,0,0,0,0,0,0,0,0,0,0,0,0,0,0,0.0,0.0,0.0,0.0,0,0,0,0,0,0.00,0.00,0.00,0.00,False,11,1
340,Cairns,Leeds,GK,21,0,0,0,0,0,0,0,0,0,0,0,0,0,0,0.0,0.0,0.0,0.0,0,0,0,0,0,0.00,0.00,0.00,0.00,False,11,1
341,Darlow,Leeds,GK,21,0,0,0,0,0,0,0,0,0,0,0,0,0,0,0.0,0.0,0.0,0.0,0,0,0,0,0,0.00,0.00,0.00,0.00,False,11,1
342,Bogle,Leeds,DEF,21,0,0,0,0,0,0,0,0,0,0,0,0,0,0,0.0,0.0,0.0,0.0,0,0,0,0,0,0.00,0.00,0.00,0.00,False,11,2
343,Struijk,Leeds,DEF,21,90,2,0,0,0,4,0,0,0,0,0,0,0,-5,25.6,2.7,8.0,3.6,13,2,0,13,1,0.38,0.02,0.40,2.44,False,11,2
344,Bijol,Leeds,DEF,21,90,3,0,1,0,4,0,0,0,0,0,0,0,3,16.2,1.1,11.0,2.8,9,2,0,9,1,0.04,0.02,0.06,2.44,False,11,2
345,Bornauw,Leeds,DEF,21,1,1,0,0,0,1,0,0,0,0,0,0,0,-1,1.0,0.0,0.0,0.1,1,0,0,1,0,0.00,0.00,0.00,0.15,False,11,2
346,Byram,Leeds,DEF,21,0,0,0,0,0,0,0,0,0,0,0,0,0,0,0.0,0.0,0.0,0.0,0,0,0,0,0,0.00,0.00,0.00,0.00,False,11,2
347,Gudmundsson,Leeds,DEF,21,90,0,0,0,0,4,0,0,0,0,0,0,0,-4,14.2,15.6,4.0,3.4,4,5,1,5,1,0.00,0.12,0.12,2.44,False,11,2
348,Rodon,Leeds,DEF,21,90,1,0,0,0,3,0,0,0,0,0,0,0,-4,8.4,1.4,0.0,1.0,3,0,0,3,1,0.00,0.01,0.01,2.28,False,11,2
349,Schmidt,Leeds,DEF,21,0,0,0,0,0,0,0,0,0,0,0,0,0,0,0.0,0.0,0.0,0.0,0,0,0,0,0,0.00,0.00,0.00,0.00,False,11,2
350,Aaronson,Leeds,MID,21,90,14,2,0,0,3,0,0,0,0,0,0,2,50,76.2,17.5,47.0,14.1,0,7,4,11,1,0.22,0.07,0.29,2.28,True,11,3
351,Gnonto,Leeds,MID,21,1,1,0,0,0,1,0,0,0,0,0,0,0,5,3.0,0.0,0.0,0.3,1,0,1,2,0,0.00,0.00,0.00,0.15,False,11,3
352,Harrison,Leeds,MID,21,0,0,0,0,0,0,0,0,0,0,0,0,0,0,0.0,0.0,0.0,0.0,0,0,0,0,0,0.00,0.00,0.00,0.00,False,11,3
353,James,Leeds,MID,21,0,0,0,0,0,0,0,0,0,0,0,0,0,0,0.0,0.0,0.0,0.0,0,0,0,0,0,0.00,0.00,0.00,0.00,False,11,3
354,Ampadu,Leeds,MID,21,90,3,0,0,0,4,0,0,0,1,0,0,0,12,16.4,9.3,0.0,2.6,5,6,4,15,1,0.00,0.08,0.08,2.44,False,11,3
355,Greenwood,Leeds,MID,21,0,0,0,0,0,0,0,0,0,0,0,0,0,0,0.0,0.0,0.0,0.0,0,0,0,0,0,0.00,0.00,0.00,0.00,False,11,3
356,Gruev,Leeds,MID,21,90,7,0,1,0,3,0,0,0,0,0,0,0,32,30.0,23.4,0.0,5.3,4,7,2,13,1,0.00,0.04,0.04,2.28,False,11,3
357,Ramazani,Leeds,MID,21,0,0,0,0,0,0,0,0,0,0,0,0,0,0,0.0,0.0,0.0,0.0,0,0,0,0,0,0.00,0.00,0.00,0.00,False,11,3
358,Tanaka,Leeds,MID,21,1,1,0,0,0,1,0,0,0,0,0,0,0,3,0.0,0.0,0.0,0.0,0,1,0,1,0,0.00,0.00,0.00,0.15,False,11,3
359,Crew,Leeds,MID,21,0,0,0,0,0,0,0,0,0,0,0,0,0,0,0.0,0.0,0.0,0.0,0,0,0,0,0,0.00,0.00,0.00,0.00,False,11,3
360,Gelhardt,Leeds,MID,21,0,0,0,0,0,0,0,0,0,0,0,0,0,0,0.0,0.0,0.0,0.0,0,0,0,0,0,0.00,0.00,0.00,0.00,False,11,3
361,Gyabi,Leeds,MID,21,0,0,0,0,0,0,0,0,0,0,0,0,0,0,0.0,0.0,0.0,0.0,0,0,0,0,0,0.00,0.00,0.00,0.00,False,11,3
362,Piroe,Leeds,FWD,21,0,0,0,0,0,0,0,0,0,0,0,0,0,0,0.0,0.0,0.0,0.0,0,0,0,0,0,0.00,0.00,0.00,0.00,False,11,4
363,Bamford,Leeds,FWD,21,0,0,0,0,0,0,0,0,0,0,0,0,0,0,0.0,0.0,0.0,0.0,0,0,0,0,0,0.00,0.00,0.00,0.00,False,11,4
364,Mateo Joseph,Leeds,FWD,21,0,0,0,0,0,0,0,0,0,0,0,0,0,0,0.0,0.0,0.0,0.0,0,0,0,0,0,0.00,0.00,0.00,0.00,False,11,4
365,Nmecha,Leeds,FWD,21,3,1,0,0,0,2,0,0,0,0,0,0,0,4,2.4,0.1,21.0,2.4,1,2,0,3,0,0.10,0.00,0.10,0.94,False,11,4
366,A.Becker,Liverpool,GK,21,90,10,0,0,1,0,0,0,0,0,0,4,3,31,27.4,0.0,0.0,2.7,1,10,0,0,1,0.00,0.00,0.00,0.57,False,12,1
367,Mamardashvili,Liverpool,GK,21,0,0,0,0,0,0,0,0,0,0,0,0,0,0,0.0,0.0,0.0,0.0,0,0,0,0,0,0.00,0.00,0.00,0.00,False,12,1
368,Pécsi,Liverpool,GK,21,0,0,0,0,0,0,0,0,0,0,0,0,0,0,0.0,0.0,0.0,0.0,0,0,0,0,0,0.00,0.00,0.00,0.00,False,12,1
369,Woodman,Liverpool,GK,21,0,0,0,0,0,0,0,0,0,0,0,0,0,0,0.0,0.0,0.0,0.0,0,0,0,0,0,0.00,0.00,0.00,0.00,False,12,1
370,Frimpong,Liverpool,DEF,21,90,6,0,0,1,0,0,0,0,0,0,0,0,19,2.4,4.3,12.0,1.9,0,3,0,0,1,0.00,0.01,0.01,0.57,False,12,2
371,Kerkez,Liverpool,DEF,21,90,9,0,0,1,0,0,0,0,0,0,0,3,31,16.2,2.3,0.0,1.9,3,2,4,7,1,0.00,0.01,0.01,0.57,False,12,2
372,Robertson,Liverpool,DEF,21,0,0,0,0,0,0,0,0,0,0,0,0,0,0,0.0,0.0,0.0,0.0,0,0,0,0,0,0.00,0.00,0.00,0.00,False,12,2
373,Virgil,Liverpool,DEF,21,90,6,0,0,1,0,0,0,0,0,0,0,0,25,12.0,2.8,0.0,1.5,3,2,0,3,1,0.00,0.02,0.02,0.57,False,12,2
374,Konaté,Liverpool,DEF,21,90,7,0,0,1,0,0,0,0,1,0,0,0,27,27.0,1.8,0.0,2.9,10,1,0,10,1,0.00,0.01,0.01,0.57,False,12,2
375,Bradley,Liverpool,DEF,21,90,6,0,0,1,0,0,0,0,0,0,0,0,24,15.6,3.5,1.0,2.0,7,3,1,8,1,0.03,0.01,0.04,0.45,False,12,2
376,Gomez,Liverpool,DEF,21,1,1,0,0,0,0,0,0,0,0,0,0,0,3,0.0,0.0,0.0,0.0,0,0,0,0,0,0.00,0.00,0.00,0.12,False,12,2
377,Tsimikas,Liverpool,DEF,21,0,0,0,0,0,0,0,0,0,0,0,0,0,0,0.0,0.0,0.0,0.0,0,0,0,0,0,0.00,0.00,0.00,0.00,False,12,2
378,Nallo,Liverpool,DEF,21,0,0,0,0,0,0,0,0,0,0,0,0,0,0,0.0,0.0,0.0,0.0,0,0,0,0,0,0.00,0.00,0.00,0.00,False,12,2
379,R.Williams,Liverpool,DEF,21,0,0,0,0,0,0,0,0,0,0,0,0,0,0,0.0,0.0,0.0,0.0,0,0,0,0,0,0.00,0.00,0.00,0.00,False,12,2
380,Ramsay,Liverpool,DEF,21,0,0,0,0,0,0,0,0,0,0,0,0,0,0,0.0,0.0,0.0,0.0,0,0,0,0,0,0.00,0.00,0.00,0.00,False,12,2
381,M.Salah,Liverpool,MID,21,0,0,0,0,0,0,0,0,0,0,0,0,0,0,0.0,0.0,0.0,0.0,0,0,0,0,0,0.00,0.00,0.00,0.00,False,12,3
382,Wirtz,Liverpool,MID,21,90,3,0,0,1,0,0,0,0,0,0,0,0,17,7.2,20.6,4.0,3.2,0,4,1,5,1,0.00,0.03,0.03,0.57,False,12,3
383,Luis Díaz,Liverpool,MID,21,0,0,0,0,0,0,0,0,0,0,0,0,0,0,0.0,0.0,0.0,0.0,0,0,0,0,0,0.00,0.00,0.00,0.00,False,12,3
384,Gakpo,Liverpool,MID,21,90,3,0,0,1,0,0,0,0,0,0,0,0,9,3.8,4.9,7.0,1.6,3,3,0,6,1,0.09,0.01,0.10,0.57,False,12,3
385,Chiesa,Liverpool,MID,21,0,0,0,0,0,0,0,0,0,0,0,0,0,0,0.0,0.0,0.0,0.0,0,0,0,0,0,0.00,0.00,0.00,0.00,False,12,3
386,Mac Allister,Liverpool,MID,21,90,2,0,0,1,0,0,0,0,1,0,0,0,11,12.4,26.8,0.0,3.9,3,5,1,9,1,0.00,0.02,0.02,0.57,False,12,3
387,Szoboszlai,Liverpool,MID,21,90,3,0,0,1,0,0,0,0,0,0,0,0,10,0.0,5.8,10.0,1.4,2,1,0,3,1,0.22,0.02,0.24,0.57,False,12,3
388,C.Jones,Liverpool,MID,21,0,0,0,0,0,0,0,0,0,0,0,0,0,0,0.0,0.0,0.0,0.0,0,0,0,0,0,0.00,0.00,0.00,0.00,False,12,3
389,Elliott,Aston Villa,MID,21,0,0,0,0,0,0,0,0,0,0,0,0,0,0,0.0,0.0,0.0,0.0,0,0,0,0,0,0.00,0.00,0.00,0.00,False,2,3
390,Gravenberch,Liverpool,MID,21,90,3,0,0,1,0,0,0,0,0,0,0,0,16,17.8,6.5,1.0,2.5,3,3,3,9,1,0.02,0.21,0.23,0.57,False,12,3
391,Gannon-Doak,Bournemouth,MID,21,0,0,0,0,0,0,0,0,0,0,0,0,0,0,0.0,0.0,0.0,0.0,0,0,0,0,0,0.00,0.00,0.00,0.00,False,4,3
392,Endo,Liverpool,MID,21,0,0,0,0,0,0,0,0,0,0,0,0,0,0,0.0,0.0,0.0,0.0,0,0,0,0,0,0.00,0.00,0.00,0.00,False,12,3
393,Bajcetic,Liverpool,MID,21,0,0,0,0,0,0,0,0,0,0,0,0,0,0,0.0,0.0,0.0,0.0,0,0,0,0,0,0.00,0.00,0.00,0.00,False,12,3
394,McConnell,Liverpool,MID,21,0,0,0,0,0,0,0,0,0,0,0,0,0,0,0.0,0.0,0.0,0.0,0,0,0,0,0,0.00,0.00,0.00,0.00,False,12,3
395,Morton,Liverpool,MID,21,0,0,0,0,0,0,0,0,0,0,0,0,0,0,0.0,0.0,0.0,0.0,0,0,0,0,0,0.00,0.00,0.00,0.00,False,12,3
396,Nyoni,Liverpool,MID,21,0,0,0,0,0,0,0,0,0,0,0,0,0,0,0.0,0.0,0.0,0.0,0,0,0,0,0,0.00,0.00,0.00,0.00,False,12,3
397,Darwin,Liverpool,FWD,21,0,0,0,0,0,0,0,0,0,0,0,0,0,0,0.0,0.0,0.0,0.0,0,0,0,0,0,0.00,0.00,0.00,0.00,False,12,4
398,Danns,Liverpool,FWD,21,0,0,0,0,0,0,0,0,0,0,0,0,0,0,0.0,0.0,0.0,0.0,0,0,0,0,0,0.00,0.00,0.00,0.00,False,12,4
399,Ederson M.,Man City,GK,21,0,0,0,0,0,0,0,0,0,0,0,0,0,0,0.0,0.0,0.0,0.0,0,0,0,0,0,0.00,0.00,0.00,0.00,False,13,1
400,Ortega Moreno,Man City,GK,21,0,0,0,0,0,0,0,0,0,0,0,0,0,0,0.0,0.0,0.0,0.0,0,0,0,0,0,0.00,0.00,0.00,0.00,False,13,1
401,Bettinelli,Man City,GK,21,0,0,0,0,0,0,0,0,0,0,0,0,0,0,0.0,0.0,0.0,0.0,0,0,0,0,0,0.00,0.00,0.00,0.00,False,13,1
402,Aït-Nouri,Man City,DEF,21,0,0,0,0,0,0,0,0,0,0,0,0,0,0,0.0,0.0,0.0,0.0,0,0,0,0,0,0.00,0.00,0.00,0.00,False,13,2
403,Gvardiol,Man City,DEF,21,0,0,0,0,0,0,0,0,0,0,0,0,0,0,0.0,0.0,0.0,0.0,0,0,0,0,0,0.00,0.00,0.00,0.00,False,13,2
404,Akanji,Man City,DEF,21,0,0,0,0,0,0,0,0,0,0,0,0,0,0,0.0,0.0,0.0,0.0,0,0,0,0,0,0.00,0.00,0.00,0.00,False,13,2
405,Aké,Man City,DEF,21,72,2,0,0,0,1,0,0,0,0,0,0,0,15,12.4,29.3,6.0,4.8,2,1,0,2,1,0.00,0.13,0.13,1.16,False,13,2
406,Khusanov,Man City,DEF,21,90,2,0,0,0,1,0,0,0,0,0,0,0,16,15.8,2.9,0.0,1.9,3,7,2,5,1,0.00,0.01,0.01,1.16,False,13,2
407,Matheus N.,Man City,DEF,21,72,2,0,0,0,1,0,0,0,0,0,0,0,9,8.2,3.5,2.0,1.4,3,3,1,4,1,0.00,0.02,0.02,1.16,False,13,2
408,Rúben,Man City,DEF,21,0,0,0,0,0,0,0,0,0,0,0,0,0,0,0.0,0.0,0.0,0.0,0,0,0,0,0,0.00,0.00,0.00,0.00,False,13,2
409,Stones,Man City,DEF,21,0,0,0,0,0,0,0,0,0,0,0,0,0,0,0.0,0.0,0.0,0.0,0,0,0,0,0,0.00,0.00,0.00,0.00,False,13,2
410,Lewis,Man City,DEF,21,17,1,0,0,0,0,0,0,0,0,0,0,0,4,3.8,11.3,8.0,2.3,0,1,0,0,0,0.00,0.03,0.03,0.00,False,13,2
411,O'Reilly,Man City,DEF,21,17,1,0,0,0,0,0,0,0,0,0,0,0,6,3.6,11.4,0.0,1.5,0,3,0,0,0,0.00,0.01,0.01,0.00,False,13,2
412,Vitor Reis,Man City,DEF,21,0,0,0,0,0,0,0,0,0,0,0,0,0,0,0.0,0.0,0.0,0.0,0,0,0,0,0,0.00,0.00,0.00,0.00,False,13,2
413,Marmoush,Man City,MID,21,0,0,0,0,0,0,0,0,0,0,0,0,0,0,0.0,0.0,0.0,0.0,0,0,0,0,0,0.00,0.00,0.00,0.00,False,13,3
414,Foden,Man City,MID,21,72,2,0,0,0,1,0,0,0,0,0,0,0,14,6.2,23.1,0.0,2.9,0,4,1,5,1,0.00,0.28,0.28,1.16,False,13,3
415,Savinho,Man City,MID,21,0,0,0,0,0,0,0,0,0,0,0,0,0,0,0.0,0.0,0.0,0.0,0,0,0,0,0,0.00,0.00,0.00,0.00,False,13,3
416,Bernardo,Man City,MID,21,90,2,0,0,0,1,0,0,0,0,0,0,0,9,3.4,13.2,25.0,4.2,0,4,0,4,1,0.26,0.07,0.33,1.16,False,13,3
417,Cherki,Man City,MID,21,17,1,0,0,0,0,0,0,0,0,0,0,0,11,9.8,49.9,36.0,9.6,1,2,0,3,0,0.37,0.60,0.97,0.00,False,13,3
418,Doku,Man City,MID,21,90,8,0,1,0,1,0,0,0,0,0,0,3,29,13.8,41.3,26.0,8.1,1,6,2,9,1,0.06,0.31,0.37,1.16,False,13,3
419,Grealish,Everton,MID,21,89,-1,0,0,0,1,0,0,0,0,1,0,0,3,7.8,26.6,18.0,5.2,1,4,2,7,1,0.07,0.07,0.14,0.57,False,9,3
420,Gündoğan,Man City,MID,21,0,0,0,0,0,0,0,0,0,0,0,0,0,0,0.0,0.0,0.0,0.0,0,0,0,0,0,0.00,0.00,0.00,0.00,False,13,3
421,Rodrigo,Man City,MID,21,26,1,0,0,0,0,0,0,0,0,0,0,0,4,4.0,0.8,0.0,0.5,1,0,0,1,0,0.00,0.01,0.01,0.76,False,13,3
422,Kovačić,Man City,MID,21,0,0,0,0,0,0,0,0,0,0,0,0,0,0,0.0,0.0,0.0,0.0,0,0,0,0,0,0.00,0.00,0.00,0.00,False,13,3
423,N.Gonzalez,Man City,MID,21,63,4,0,0,0,1,0,0,0,0,0,0,0,17,12.4,4.0,3.0,1.9,4,5,4,13,1,0.05,0.03,0.08,0.39,False,13,3
424,Bobb,Man City,MID,21,0,0,0,0,0,0,0,0,0,0,0,0,0,0,0.0,0.0,0.0,0.0,0,0,0,0,0,0.00,0.00,0.00,0.00,False,13,3
425,Echeverri,Man City,MID,21,0,0,0,0,0,0,0,0,0,0,0,0,0,0,0.0,0.0,0.0,0.0,0,0,0,0,0,0.00,0.00,0.00,0.00,False,13,3
426,McAtee,Nott'm Forest,MID,21,0,0,0,0,0,0,0,0,0,0,0,0,0,0,0.0,0.0,0.0,0.0,0,0,0,0,0,0.00,0.00,0.00,0.00,False,16,3
427,Reijnders,Man City,MID,21,90,2,0,0,0,1,0,0,0,0,0,0,0,9,7.4,10.4,20.0,3.8,3,1,0,4,1,0.13,0.09,0.22,1.16,False,13,3
428,Nypan,Man City,MID,21,0,0,0,0,0,0,0,0,0,0,0,0,0,0,0.0,0.0,0.0,0.0,0,0,0,0,0,0.00,0.00,0.00,0.00,False,13,3
429,Phillips,Man City,MID,21,0,0,0,0,0,0,0,0,0,0,0,0,0,0,0.0,0.0,0.0,0.0,0,0,0,0,0,0.00,0.00,0.00,0.00,False,13,3
430,Haaland,Man City,FWD,21,90,6,1,0,0,1,0,0,0,0,0,0,0,18,42.6,12.0,65.0,12.0,1,1,1,3,1,1.53,0.02,1.55,1.16,False,13,4
431,Bayindir,Man Utd,GK,21,0,0,0,0,0,0,0,0,0,0,0,0,0,0,0.0,0.0,0.0,0.0,0,0,0,0,0,0.00,0.00,0.00,0.00,False,14,1
432,Onana,Man Utd,GK,21,0,0,0,0,0,0,0,0,0,0,0,0,0,0,0.0,0.0,0.0,0.0,0,0,0,0,0,0.00,0.00,0.00,0.00,False,14,1
433,Harrison,Man Utd,GK,21,0,0,0,0,0,0,0,0,0,0,0,0,0,0,0.0,0.0,0.0,0.0,0,0,0,0,0,0.00,0.00,0.00,0.00,False,14,1
434,Heaton,Man Utd,GK,21,0,0,0,0,0,0,0,0,0,0,0,0,0,0,0.0,0.0,0.0,0.0,0,0,0,0,0,0.00,0.00,0.00,0.00,False,14,1
435,Mee,Man Utd,GK,21,0,0,0,0,0,0,0,0,0,0,0,0,0,0,0.0,0.0,0.0,0.0,0,0,0,0,0,0.00,0.00,0.00,0.00,False,14,1
436,De Ligt,Man Utd,DEF,21,0,0,0,0,0,0,0,0,0,0,0,0,0,0,0.0,0.0,0.0,0.0,0,0,0,0,0,0.00,0.00,0.00,0.00,False,14,2
437,Martinez,Man Utd,DEF,21,90,1,0,0,0,2,0,0,0,0,0,0,0,7,21.2,2.3,1.0,2.5,3,6,0,3,1,0.01,0.03,0.04,0.24,False,14,2
438,Mazraoui,Man Utd,DEF,21,0,0,0,0,0,0,0,0,0,0,0,0,0,0,0.0,0.0,0.0,0.0,0,0,0,0,0,0.00,0.00,0.00,0.00,False,14,2
439,D.Leon,Man Utd,DEF,21,0,0,0,0,0,0,0,0,0,0,0,0,0,0,0.0,0.0,0.0,0.0,0,0,0,0,0,0.00,0.00,0.00,0.00,False,14,2
440,Dalot,Man Utd,DEF,21,90,1,0,0,0,2,0,0,0,0,0,0,0,14,25.8,28.3,2.0,5.6,6,6,1,7,1,0.03,0.07,0.10,0.24,False,14,2
441,Dorgu,Man Utd,DEF,21,90,5,0,1,0,2,0,0,0,0,0,0,1,33,47.6,67.2,23.0,13.8,2,10,4,6,1,0.19,0.21,0.40,0.24,False,14,2
442,Maguire,Man Utd,DEF,21,0,0,0,0,0,0,0,0,0,0,0,0,0,0,0.0,0.0,0.0,0.0,0,0,0,0,0,0.00,0.00,0.00,0.00,False,14,2
443,Shaw,Man Utd,DEF,21,90,1,0,0,0,2,0,0,0,0,0,0,0,13,20.0,24.3,4.0,4.8,3,2,3,6,1,0.00,0.14,0.14,0.24,False,14,2
444,Yoro,Man Utd,DEF,21,29,1,0,0,0,1,0,0,0,0,0,0,0,1,4.6,1.5,4.0,1.0,2,0,1,3,0,0.08,0.01,0.09,0.16,False,14,2
445,Amass,Man Utd,DEF,21,0,0,0,0,0,0,0,0,0,0,0,0,0,0,0.0,0.0,0.0,0.0,0,0,0,0,0,0.00,0.00,0.00,0.00,False,14,2
446,Fredricson,Man Utd,DEF,21,0,0,0,0,0,0,0,0,0,0,0,0,0,0,0.0,0.0,0.0,0.0,0,0,0,0,0,0.00,0.00,0.00,0.00,False,14,2
447,Heaven,Man Utd,DEF,21,60,0,0,0,0,1,1,0,0,0,0,0,0,4,1.8,1.3,7.0,1.0,0,7,2,2,1,0.27,0.01,0.28,0.07,False,14,2
448,Malacia,Man Utd,DEF,21,0,0,0,0,0,0,0,0,0,0,0,0,0,0,0.0,0.0,0.0,0.0,0,0,0,0,0,0.00,0.00,0.00,0.00,False,14,2
449,B.Fernandes,Man Utd,MID,21,60,7,0,1,0,1,0,0,0,0,0,0,2,34,33.0,84.1,4.0,12.1,0,1,1,2,1,0.06,0.96,1.02,0.07,False,14,3
450,Cunha,Man Utd,MID,21,73,2,0,0,0,2,0,0,0,0,0,0,0,15,8.8,15.8,33.0,5.8,1,3,0,4,1,0.28,0.07,0.35,0.21,False,14,3
451,Rashford,Man Utd,MID,21,0,0,0,0,0,0,0,0,0,0,0,0,0,0,0.0,0.0,0.0,0.0,0,0,0,0,0,0.00,0.00,0.00,0.00,False,14,3
452,Amad,Man Utd,MID,21,0,0,0,0,0,0,0,0,0,0,0,0,0,0,0.0,0.0,0.0,0.0,0,0,0,0,0,0.00,0.00,0.00,0.00,False,14,3
453,Garnacho,Chelsea,MID,21,0,0,0,0,0,0,0,0,0,0,0,0,0,0,0.0,0.0,0.0,0.0,0,0,0,0,0,0.00,0.00,0.00,0.00,False,7,3
454,Antony,Man Utd,MID,21,0,0,0,0,0,0,0,0,0,0,0,0,0,0,0.0,0.0,0.0,0.0,0,0,0,0,0,0.00,0.00,0.00,0.00,False,14,3
455,Mount,Man Utd,MID,21,29,1,0,0,0,1,0,0,0,0,0,0,0,4,6.4,12.0,0.0,1.8,2,1,0,3,0,0.00,0.05,0.05,0.16,False,14,3
456,Sancho,Aston Villa,MID,21,64,3,0,0,1,0,0,0,0,0,0,0,0,6,4.2,4.2,4.0,1.2,2,0,1,3,1,0.00,0.02,0.02,0.91,False,2,3
457,Casemiro,Man Utd,MID,21,73,4,0,0,0,2,0,0,0,0,0,0,0,17,23.8,48.4,18.0,9.0,3,7,2,12,1,0.22,0.31,0.53,0.21,False,14,3
458,Mainoo,Man Utd,MID,21,16,1,0,0,0,0,0,0,0,0,0,0,0,5,0.8,2.9,1.0,0.5,0,3,0,3,0,0.02,0.01,0.03,0.02,False,14,3
459,Ugarte,Man Utd,MID,21,83,2,0,0,0,2,0,0,0,0,0,0,0,16,9.2,7.8,12.0,2.9,2,4,4,10,1,0.11,0.04,0.15,0.21,False,14,3
460,Collyer,Man Utd,MID,21,0,0,0,0,0,0,0,0,0,0,0,0,0,0,0.0,0.0,0.0,0.0,0,0,0,0,0,0.00,0.00,0.00,0.00,False,14,3
461,Fitzgerald,Man Utd,MID,21,0,0,0,0,0,0,0,0,0,0,0,0,0,0,0.0,0.0,0.0,0.0,0,0,0,0,0,0.00,0.00,0.00,0.00,False,14,3
462,J.Fletcher,Man Utd,MID,21,0,0,0,0,0,0,0,0,0,0,0,0,0,0,0.0,0.0,0.0,0.0,0,0,0,0,0,0.00,0.00,0.00,0.00,False,14,3
463,Kone,Man Utd,MID,21,0,0,0,0,0,0,0,0,0,0,0,0,0,0,0.0,0.0,0.0,0.0,0,0,0,0,0,0.00,0.00,0.00,0.00,False,14,3
464,Moorhouse,Man Utd,MID,21,0,0,0,0,0,0,0,0,0,0,0,0,0,0,0.0,0.0,0.0,0.0,0,0,0,0,0,0.00,0.00,0.00,0.00,False,14,3
465,Højlund,Man Utd,FWD,21,0,0,0,0,0,0,0,0,0,0,0,0,0,0,0.0,0.0,0.0,0.0,0,0,0,0,0,0.00,0.00,0.00,0.00,False,14,4
466,Zirkzee,Man Utd,FWD,21,16,1,0,0,0,0,0,0,0,0,0,0,0,2,0.0,12.5,15.0,2.7,0,2,0,2,0,0.08,0.00,0.08,0.02,False,14,4
467,Obi,Man Utd,FWD,21,0,0,0,0,0,0,0,0,0,0,0,0,0,0,0.0,0.0,0.0,0.0,0,0,0,0,0,0.00,0.00,0.00,0.00,False,14,4
468,Wheatley,Man Utd,FWD,21,0,0,0,0,0,0,0,0,0,0,0,0,0,0,0.0,0.0,0.0,0.0,0,0,0,0,0,0.00,0.00,0.00,0.00,False,14,4
469,Pope,Newcastle,GK,21,90,2,0,0,0,3,0,0,0,0,0,3,0,3,21.0,0.0,0.0,2.1,1,6,0,0,1,0.00,0.00,0.00,1.89,False,15,1
470,Dúbravka,Burnley,GK,21,90,3,0,0,0,2,0,0,0,0,0,6,0,19,51.2,0.0,0.0,5.1,1,11,0,0,1,0.00,0.00,0.00,2.55,False,3,1
471,Gillespie,Newcastle,GK,21,0,0,0,0,0,0,0,0,0,0,0,0,0,0,0.0,0.0,0.0,0.0,0,0,0,0,0,0.00,0.00,0.00,0.00,False,15,1
472,Odysseas,Newcastle,GK,21,0,0,0,0,0,0,0,0,0,0,0,0,0,0,0.0,0.0,0.0,0.0,0,0,0,0,0,0.00,0.00,0.00,0.00,False,15,1
473,Hall,Newcastle,DEF,21,90,4,0,1,0,3,0,0,0,0,0,0,0,13,15.6,38.9,0.0,5.5,3,3,0,3,1,0.00,0.16,0.16,1.89,False,15,2
474,Schär,Newcastle,DEF,21,75,3,0,0,0,2,0,0,0,0,0,0,0,4,22.2,1.2,4.0,2.7,9,1,1,10,1,0.12,0.02,0.14,1.70,False,15,2
475,Botman,Newcastle,DEF,21,45,4,0,1,0,1,0,0,0,0,0,0,0,18,28.2,10.2,9.0,4.7,4,3,0,4,0,0.14,0.00,0.14,0.47,False,15,2
476,Burn,Newcastle,DEF,21,0,0,0,0,0,0,0,0,0,0,0,0,0,0,0.0,0.0,0.0,0.0,0,0,0,0,0,0.00,0.00,0.00,0.00,False,15,2
477,Livramento,Newcastle,DEF,21,45,1,0,0,0,1,0,0,0,0,0,0,0,11,13.0,20.3,0.0,3.3,3,5,0,3,0,0.00,0.03,0.03,0.47,False,15,2
478,Trippier,Newcastle,DEF,21,0,0,0,0,0,0,0,0,0,0,0,0,0,0,0.0,0.0,0.0,0.0,0,0,0,0,0,0.00,0.00,0.00,0.00,False,15,2
479,Krafth,Newcastle,DEF,21,0,0,0,0,0,0,0,0,0,0,0,0,0,0,0.0,0.0,0.0,0.0,0,0,0,0,0,0.00,0.00,0.00,0.00,False,15,2
480,Lascelles,Newcastle,DEF,21,0,0,0,0,0,0,0,0,0,0,0,0,0,0,0.0,0.0,0.0,0.0,0,0,0,0,0,0.00,0.00,0.00,0.00,False,15,2
481,A.Murphy,Newcastle,DEF,21,0,0,0,0,0,0,0,0,0,0,0,0,0,0,0.0,0.0,0.0,0.0,0,0,0,0,0,0.00,0.00,0.00,0.00,False,15,2
482,Ashby,Newcastle,DEF,21,0,0,0,0,0,0,0,0,0,0,0,0,0,0,0.0,0.0,0.0,0.0,0,0,0,0,0,0.00,0.00,0.00,0.00,False,15,2
483,Pivas,Newcastle,DEF,21,0,0,0,0,0,0,0,0,0,0,0,0,0,0,0.0,0.0,0.0,0.0,0,0,0,0,0,0.00,0.00,0.00,0.00,False,15,2
484,Targett,Newcastle,DEF,21,0,0,0,0,0,0,0,0,0,0,0,0,0,0,0.0,0.0,0.0,0.0,0,0,0,0,0,0.00,0.00,0.00,0.00,False,15,2
485,Gordon,Newcastle,MID,21,80,1,0,0,0,3,0,0,0,1,0,0,0,4,3.0,20.3,20.0,4.3,0,2,0,2,1,0.07,0.47,0.54,1.79,False,15,3
486,Elanga,Newcastle,MID,21,0,0,0,0,0,0,0,0,0,0,0,0,0,0,0.0,0.0,0.0,0.0,0,0,0,0,0,0.00,0.00,0.00,0.00,False,15,3
487,Barnes,Newcastle,MID,21,90,15,2,0,0,3,0,0,0,0,0,0,3,56,73.4,7.4,62.0,14.3,3,3,1,7,1,0.28,0.02,0.30,1.89,True,15,3
488,Bruno G.,Newcastle,MID,21,90,11,1,1,0,3,0,0,0,0,0,0,1,41,74.6,60.8,19.0,15.4,1,2,3,6,1,0.79,0.36,1.15,1.89,True,15,3
489,J.Murphy,Newcastle,MID,21,9,1,0,0,0,0,0,0,0,0,0,0,0,3,0.0,1.3,2.0,0.2,0,0,0,0,0,0.00,0.03,0.03,0.10,False,15,3
490,Joelinton,Newcastle,MID,21,90,8,1,0,0,3,0,0,0,1,0,0,0,34,49.2,5.1,40.0,9.4,3,10,3,16,1,0.25,0.01,0.26,1.89,False,15,3
491,Tonali,Newcastle,MID,21,45,1,0,0,0,2,0,0,0,0,0,0,0,10,2.0,2.8,4.0,0.9,1,2,0,3,1,0.02,0.01,0.03,1.42,False,15,3
492,Antoñito C.,Newcastle,MID,21,0,0,0,0,0,0,0,0,0,0,0,0,0,0,0.0,0.0,0.0,0.0,0,0,0,0,0,0.00,0.00,0.00,0.00,False,15,3
493,Longstaff,Leeds,MID,21,0,0,0,0,0,0,0,0,0,0,0,0,0,0,0.0,0.0,0.0,0.0,0,0,0,0,0,0.00,0.00,0.00,0.00,False,11,3
494,Willock,Newcastle,MID,21,0,0,0,0,0,0,0,0,0,0,0,0,0,0,0.0,0.0,0.0,0.0,0,0,0,0,0,0.00,0.00,0.00,0.00,False,15,3
495,Hayden,Newcastle,MID,21,0,0,0,0,0,0,0,0,0,0,0,0,0,0,0.0,0.0,0.0,0.0,0,0,0,0,0,0.00,0.00,0.00,0.00,False,15,3
496,Kuol,Newcastle,MID,21,0,0,0,0,0,0,0,0,0,0,0,0,0,0,0.0,0.0,0.0,0.0,0,0,0,0,0,0.00,0.00,0.00,0.00,False,15,3
497,L.Miley,Newcastle,MID,21,90,4,0,0,0,3,0,0,0,0,0,0,0,23,29.6,16.8,18.0,6.4,10,3,5,18,1,0.48,0.25,0.73,1.89,False,15,3
498,White,Newcastle,MID,21,0,0,0,0,0,0,0,0,0,0,0,0,0,0,0.0,0.0,0.0,0.0,0,0,0,0,0,0.00,0.00,0.00,0.00,False,15,3
499,Isak,Liverpool,FWD,21,0,0,0,0,0,0,0,0,0,0,0,0,0,0,0.0,0.0,0.0,0.0,0,0,0,0,0,0.00,0.00,0.00,0.00,False,12,4
500,Osula,Newcastle,FWD,21,0,0,0,0,0,0,0,0,0,0,0,0,0,0,0.0,0.0,0.0,0.0,0,0,0,0,0,0.00,0.00,0.00,0.00,False,15,4
501,Neave,Newcastle,FWD,21,0,0,0,0,0,0,0,0,0,0,0,0,0,0,0.0,0.0,0.0,0.0,0,0,0,0,0,0.00,0.00,0.00,0.00,False,15,4
502,Sels,Nott'm Forest,GK,21,90,3,0,0,0,1,0,0,0,0,0,3,0,14,25.0,0.0,0.0,2.5,2,9,0,0,1,0.00,0.00,0.00,0.95,False,16,1
503,C.Miguel,Nott'm Forest,GK,21,0,0,0,0,0,0,0,0,0,0,0,0,0,0,0.0,0.0,0.0,0.0,0,0,0,0,0,0.00,0.00,0.00,0.00,False,16,1
504,Turner,Nott'm Forest,GK,21,0,0,0,0,0,0,0,0,0,0,0,0,0,0,0.0,0.0,0.0,0.0,0,0,0,0,0,0.00,0.00,0.00,0.00,False,16,1
505,Milenković,Nott'm Forest,DEF,21,90,2,0,0,0,1,0,0,0,0,0,0,0,6,13.0,0.5,6.0,2.0,6,1,1,7,1,0.00,0.00,0.00,0.95,False,16,2
506,Murillo,Nott'm Forest,DEF,21,90,2,0,0,0,1,1,0,0,0,0,0,0,9,31.8,11.5,17.0,6.0,9,2,2,11,1,0.13,0.06,0.19,0.95,False,16,2
507,Aina,Nott'm Forest,DEF,21,90,2,0,0,0,1,0,0,0,0,0,0,0,15,14.4,17.5,7.0,3.9,5,5,2,7,1,0.02,0.07,0.09,0.95,False,16,2
508,N.Williams,Nott'm Forest,DEF,21,90,4,0,0,0,1,0,0,0,0,0,0,0,19,30.0,17.7,17.0,6.5,10,6,1,11,1,0.05,0.05,0.10,0.95,False,16,2
509,David Carmo,Nott'm Forest,DEF,21,0,0,0,0,0,0,0,0,0,0,0,0,0,0,0.0,0.0,0.0,0.0,0,0,0,0,0,0.00,0.00,0.00,0.00,False,16,2
510,Jair Cunha,Nott'm Forest,DEF,21,0,0,0,0,0,0,0,0,0,0,0,0,0,0,0.0,0.0,0.0,0.0,0,0,0,0,0,0.00,0.00,0.00,0.00,False,16,2
511,Morato,Nott'm Forest,DEF,21,1,1,0,0,0,0,0,0,0,0,0,0,0,2,0.0,0.3,0.0,0.0,0,0,0,0,0,0.00,0.00,0.00,0.00,False,16,2
512,O.Richards,Nott'm Forest,DEF,21,0,0,0,0,0,0,0,0,0,0,0,0,0,0,0.0,0.0,0.0,0.0,0,0,0,0,0,0.00,0.00,0.00,0.00,False,16,2
513,Abbott,Nott'm Forest,DEF,21,0,0,0,0,0,0,0,0,0,0,0,0,0,0,0.0,0.0,0.0,0.0,0,0,0,0,0,0.00,0.00,0.00,0.00,False,16,2
514,Boly,Nott'm Forest,DEF,21,0,0,0,0,0,0,0,0,0,0,0,0,0,0,0.0,0.0,0.0,0.0,0,0,0,0,0,0.00,0.00,0.00,0.00,False,16,2
515,Gibbs-White,Nott'm Forest,MID,21,90,9,1,0,0,1,0,0,0,0,0,0,2,32,40.0,5.6,23.0,6.9,2,5,0,7,1,0.79,0.04,0.83,0.95,False,16,3
516,Hudson-Odoi,Nott'm Forest,MID,21,90,2,0,0,0,1,0,0,0,0,0,0,0,8,3.0,36.8,4.0,4.4,0,3,0,3,1,0.06,0.09,0.15,0.95,False,16,3
517,Anderson,Nott'm Forest,MID,21,90,7,0,1,0,1,0,0,0,0,0,0,0,18,39.4,17.6,0.0,5.7,7,11,4,22,1,0.00,0.07,0.07,0.95,False,16,3
518,Jota,Nott'm Forest,MID,21,0,0,0,0,0,0,0,0,0,0,0,0,0,0,0.0,0.0,0.0,0.0,0,0,0,0,0,0.00,0.00,0.00,0.00,False,16,3
519,Dominguez,Nott'm Forest,MID,21,90,10,1,0,0,1,0,0,0,0,0,0,3,39,51.8,20.1,50.0,12.2,0,5,4,9,1,0.31,0.07,0.38,0.95,False,16,3
520,O'Brien,Nott'm Forest,MID,21,0,0,0,0,0,0,0,0,0,0,0,0,0,0,0.0,0.0,0.0,0.0,0,0,0,0,0,0.00,0.00,0.00,0.00,False,16,3
521,Sangaré,Nott'm Forest,MID,21,0,0,0,0,0,0,0,0,0,0,0,0,0,0,0.0,0.0,0.0,0.0,0,0,0,0,0,0.00,0.00,0.00,0.00,False,16,3
522,Yates,Nott'm Forest,MID,21,0,0,0,0,0,0,0,0,0,0,0,0,0,0,0.0,0.0,0.0,0.0,0,0,0,0,0,0.00,0.00,0.00,0.00,False,16,3
523,Da Silva Moreira,Nott'm Forest,MID,21,0,0,0,0,0,0,0,0,0,0,0,0,0,0,0.0,0.0,0.0,0.0,0,0,0,0,0,0.00,0.00,0.00,0.00,False,16,3
524,Stamenic,Nott'm Forest,MID,21,0,0,0,0,0,0,0,0,0,0,0,0,0,0,0.0,0.0,0.0,0.0,0,0,0,0,0,0.00,0.00,0.00,0.00,False,16,3
525,Wood,Nott'm Forest,FWD,21,0,0,0,0,0,0,0,0,0,0,0,0,0,0,0.0,0.0,0.0,0.0,0,0,0,0,0,0.00,0.00,0.00,0.00,False,16,4
526,Igor Jesus,Nott'm Forest,FWD,21,90,2,0,0,0,1,0,0,0,0,0,0,0,0,1.4,7.0,13.0,2.1,1,1,0,2,1,0.02,0.01,0.03,0.95,False,16,4
527,Awoniyi,Nott'm Forest,FWD,21,0,0,0,0,0,0,0,0,0,0,0,0,0,0,0.0,0.0,0.0,0.0,0,0,0,0,0,0.00,0.00,0.00,0.00,False,16,4
528,Patterson,Sunderland,GK,21,0,0,0,0,0,0,0,0,0,0,0,0,0,0,0.0,0.0,0.0,0.0,0,0,0,0,0,0.00,0.00,0.00,0.00,False,17,1
529,Moore,Sunderland,GK,21,0,0,0,0,0,0,0,0,0,0,0,0,0,0,0.0,0.0,0.0,0.0,0,0,0,0,0,0.00,0.00,0.00,0.00,False,17,1
530,Nna Noukeu,Sunderland,GK,21,0,0,0,0,0,0,0,0,0,0,0,0,0,0,0.0,0.0,0.0,0.0,0,0,0,0,0,0.00,0.00,0.00,0.00,False,17,1
531,Ballard,Sunderland,DEF,21,78,1,0,0,0,3,0,0,0,0,0,0,0,3,14.4,0.7,7.0,2.2,8,1,1,9,1,0.03,0.00,0.03,2.80,False,17,2
532,Hume,Sunderland,DEF,21,90,0,0,0,0,3,0,0,0,1,0,0,0,-6,10.4,10.8,0.0,2.1,4,5,1,5,1,0.00,0.01,0.01,3.24,False,17,2
533,Alese,Sunderland,DEF,21,0,0,0,0,0,0,0,0,0,0,0,0,0,0,0.0,0.0,0.0,0.0,0,0,0,0,0,0.00,0.00,0.00,0.00,False,17,2
534,Anderson,Sunderland,DEF,21,0,0,0,0,0,0,0,0,0,0,0,0,0,0,0.0,0.0,0.0,0.0,0,0,0,0,0,0.00,0.00,0.00,0.00,False,17,2
535,Cirkin,Sunderland,DEF,21,11,1,0,0,0,0,0,0,0,0,0,0,0,2,0.6,0.3,0.0,0.1,0,0,0,0,0,0.00,0.00,0.00,0.44,False,17,2
536,Hjelde,Sunderland,DEF,21,0,0,0,0,0,0,0,0,0,0,0,0,0,0,0.0,0.0,0.0,0.0,0,0,0,0,0,0.00,0.00,0.00,0.00,False,17,2
537,Huggins,Sunderland,DEF,21,0,0,0,0,0,0,0,0,0,0,0,0,0,0,0.0,0.0,0.0,0.0,0,0,0,0,0,0.00,0.00,0.00,0.00,False,17,2
538,Johnson,Sunderland,DEF,21,0,0,0,0,0,0,0,0,0,0,0,0,0,0,0.0,0.0,0.0,0.0,0,0,0,0,0,0.00,0.00,0.00,0.00,False,17,2
539,O'Nien,Sunderland,DEF,21,7,1,0,0,0,0,0,0,0,0,0,0,0,3,1.0,0.1,0.0,0.1,0,1,0,0,0,0.00,0.00,0.00,0.44,False,17,2
540,Pembele,Sunderland,DEF,21,0,0,0,0,0,0,0,0,0,0,0,0,0,0,0.0,0.0,0.0,0.0,0,0,0,0,0,0.00,0.00,0.00,0.00,False,17,2
541,Reinildo,Sunderland,DEF,21,0,0,0,0,0,0,0,0,0,0,0,0,0,0,0.0,0.0,0.0,0.0,0,0,0,0,0,0.00,0.00,0.00,0.00,False,17,2
542,Seelt,Sunderland,DEF,21,0,0,0,0,0,0,0,0,0,0,0,0,0,0,0.0,0.0,0.0,0.0,0,0,0,0,0,0.00,0.00,0.00,0.00,False,17,2
543,Adingra,Sunderland,MID,21,51,1,0,0,0,1,0,0,0,0,0,0,0,2,3.6,10.8,2.0,1.6,2,2,1,5,1,0.00,0.02,0.02,1.27,False,17,3
544,Diarra,Sunderland,MID,21,0,0,0,0,0,0,0,0,0,0,0,0,0,0,0.0,0.0,0.0,0.0,0,0,0,0,0,0.00,0.00,0.00,0.00,False,17,3
545,Roberts,Sunderland,MID,21,0,0,0,0,0,0,0,0,0,0,0,0,0,0,0.0,0.0,0.0,0.0,0,0,0,0,0,0.00,0.00,0.00,0.00,False,17,3
546,Aleksić,Sunderland,MID,21,0,0,0,0,0,0,0,0,0,0,0,0,0,0,0.0,0.0,0.0,0.0,0,0,0,0,0,0.00,0.00,0.00,0.00,False,17,3
547,E.Le Fée,Sunderland,MID,21,90,0,0,0,0,3,0,0,1,0,0,0,0,13,12.2,31.4,20.0,6.4,2,5,1,8,1,0.86,0.20,1.06,3.24,False,17,3
548,Mundle,Sunderland,MID,21,38,1,0,0,0,2,0,0,0,0,0,0,0,9,6.0,11.9,23.0,4.1,1,2,0,3,0,0.33,0.01,0.34,1.98,False,17,3
549,Neil,Sunderland,MID,21,11,1,0,0,0,0,0,0,0,0,0,0,0,3,1.0,1.4,0.0,0.2,0,0,0,0,0,0.00,0.00,0.00,0.44,False,17,3
550,Poveda,Sunderland,MID,21,0,0,0,0,0,0,0,0,0,0,0,0,0,0,0.0,0.0,0.0,0.0,0,0,0,0,0,0.00,0.00,0.00,0.00,False,17,3
551,Rigg,Sunderland,MID,21,51,1,0,0,0,1,0,0,0,0,0,0,0,0,0.0,1.9,4.0,0.5,1,2,0,3,1,0.00,0.06,0.06,1.27,False,17,3
552,Sadiki,Sunderland,MID,21,0,0,0,0,0,0,0,0,0,0,0,0,0,0,0.0,0.0,0.0,0.0,0,0,0,0,0,0.00,0.00,0.00,0.00,False,17,3
553,Talbi,Sunderland,MID,21,0,0,0,0,0,0,0,0,0,0,0,0,0,0,0.0,0.0,0.0,0.0,0,0,0,0,0,0.00,0.00,0.00,0.00,False,17,3
554,Ba,Sunderland,MID,21,0,0,0,0,0,0,0,0,0,0,0,0,0,0,0.0,0.0,0.0,0.0,0,0,0,0,0,0.00,0.00,0.00,0.00,False,17,3
555,Browne,Sunderland,MID,21,0,0,0,0,0,0,0,0,0,0,0,0,0,0,0.0,0.0,0.0,0.0,0,0,0,0,0,0.00,0.00,0.00,0.00,False,17,3
556,Ekwah,Sunderland,MID,21,0,0,0,0,0,0,0,0,0,0,0,0,0,0,0.0,0.0,0.0,0.0,0,0,0,0,0,0.00,0.00,0.00,0.00,False,17,3
557,H.Jones,Sunderland,MID,21,0,0,0,0,0,0,0,0,0,0,0,0,0,0,0.0,0.0,0.0,0.0,0,0,0,0,0,0.00,0.00,0.00,0.00,False,17,3
558,Matete,Sunderland,MID,21,0,0,0,0,0,0,0,0,0,0,0,0,0,0,0.0,0.0,0.0,0.0,0,0,0,0,0,0.00,0.00,0.00,0.00,False,17,3
559,Triantis,Sunderland,MID,21,0,0,0,0,0,0,0,0,0,0,0,0,0,0,0.0,0.0,0.0,0.0,0,0,0,0,0,0.00,0.00,0.00,0.00,False,17,3
560,Isidor,Sunderland,FWD,21,0,0,0,0,0,0,0,0,0,0,0,0,0,0,0.0,0.0,0.0,0.0,0,0,0,0,0,0.00,0.00,0.00,0.00,False,17,4
561,Mayenda,Sunderland,FWD,21,38,1,0,0,0,2,0,0,0,0,0,0,0,0,0.0,1.4,0.0,0.0,0,0,0,0,0,0.00,0.01,0.01,1.98,False,17,4
562,Abdullahi,Sunderland,FWD,21,0,0,0,0,0,0,0,0,0,0,0,0,0,0,0.0,0.0,0.0,0.0,0,0,0,0,0,0.00,0.00,0.00,0.00,False,17,4
563,Luís Hemir,Sunderland,FWD,21,0,0,0,0,0,0,0,0,0,0,0,0,0,0,0.0,0.0,0.0,0.0,0,0,0,0,0,0.00,0.00,0.00,0.00,False,17,4
564,Rusyn,Sunderland,FWD,21,0,0,0,0,0,0,0,0,0,0,0,0,0,0,0.0,0.0,0.0,0.0,0,0,0,0,0,0.00,0.00,0.00,0.00,False,17,4
565,Vicario,Spurs,GK,21,90,1,0,0,0,3,0,0,0,0,0,0,0,-1,6.0,0.0,0.0,0.6,0,9,0,0,1,0.00,0.00,0.00,1.27,False,18,1
566,Austin,Spurs,GK,21,0,0,0,0,0,0,0,0,0,0,0,0,0,0,0.0,0.0,0.0,0.0,0,0,0,0,0,0.00,0.00,0.00,0.00,False,18,1
567,Kinsky,Spurs,GK,21,0,0,0,0,0,0,0,0,0,0,0,0,0,0,0.0,0.0,0.0,0.0,0,0,0,0,0,0.00,0.00,0.00,0.00,False,18,1
568,Pedro Porro,Spurs,DEF,21,90,0,0,0,0,3,0,0,0,1,0,0,0,0,8.8,16.2,6.0,3.1,3,3,2,5,1,0.06,0.10,0.16,1.27,False,18,2
569,Romero,Spurs,DEF,21,90,3,0,0,0,3,0,0,0,0,0,0,0,19,42.6,31.2,22.0,9.6,11,6,7,18,1,0.18,0.44,0.62,1.27,False,18,2
570,Danso,Spurs,DEF,21,0,0,0,0,0,0,0,0,0,0,0,0,0,0,0.0,0.0,0.0,0.0,0,0,0,0,0,0.00,0.00,0.00,0.00,False,18,2
571,Davies,Spurs,DEF,21,0,0,0,0,0,0,0,0,0,0,0,0,0,0,0.0,0.0,0.0,0.0,0,0,0,0,0,0.00,0.00,0.00,0.00,False,18,2
572,Dragusin,Spurs,DEF,21,0,0,0,0,0,0,0,0,0,0,0,0,0,0,0.0,0.0,0.0,0.0,0,0,0,0,0,0.00,0.00,0.00,0.00,False,18,2
573,Spence,Spurs,DEF,21,90,1,0,0,0,3,0,0,0,0,0,0,0,6,10.8,12.1,2.0,2.5,5,5,1,6,1,0.00,0.04,0.04,1.27,False,18,2
574,Udogie,Spurs,DEF,21,0,0,0,0,0,0,0,0,0,0,0,0,0,0,0.0,0.0,0.0,0.0,0,0,0,0,0,0.00,0.00,0.00,0.00,False,18,2
575,Van de Ven,Spurs,DEF,21,90,0,0,0,0,3,0,0,0,1,0,0,0,-2,18.2,0.8,35.0,5.4,2,2,1,3,1,0.28,0.00,0.28,1.27,False,18,2
576,Phillips,Spurs,DEF,21,0,0,0,0,0,0,0,0,0,0,0,0,0,0,0.0,0.0,0.0,0.0,0,0,0,0,0,0.00,0.00,0.00,0.00,False,18,2
577,Takai,Spurs,DEF,21,0,0,0,0,0,0,0,0,0,0,0,0,0,0,0.0,0.0,0.0,0.0,0,0,0,0,0,0.00,0.00,0.00,0.00,False,18,2
578,Vuskovic,Spurs,DEF,21,0,0,0,0,0,0,0,0,0,0,0,0,0,0,0.0,0.0,0.0,0.0,0,0,0,0,0,0.00,0.00,0.00,0.00,False,18,2
579,Son,Spurs,MID,21,0,0,0,0,0,0,0,0,0,0,0,0,0,0,0.0,0.0,0.0,0.0,0,0,0,0,0,0.00,0.00,0.00,0.00,False,18,3
580,Johnson,Crystal Palace,MID,21,90,2,0,0,1,0,0,0,0,1,0,0,0,-2,1.6,2.5,42.0,4.6,0,3,1,4,1,0.44,0.02,0.46,1.74,False,8,3
581,Maddison,Spurs,MID,21,0,0,0,0,0,0,0,0,0,0,0,0,0,0,0.0,0.0,0.0,0.0,0,0,0,0,0,0.00,0.00,0.00,0.00,False,18,3
582,Kudus,Spurs,MID,21,0,0,0,0,0,0,0,0,0,0,0,0,0,0,0.0,0.0,0.0,0.0,0,0,0,0,0,0.00,0.00,0.00,0.00,False,18,3
583,Kulusevski,Spurs,MID,21,0,0,0,0,0,0,0,0,0,0,0,0,0,0,0.0,0.0,0.0,0.0,0,0,0,0,0,0.00,0.00,0.00,0.00,False,18,3
584,Tel,Spurs,MID,21,90,10,1,0,0,3,0,0,0,0,0,0,3,42,49.6,48.2,27.0,12.5,0,6,2,8,1,0.06,0.14,0.20,1.27,True,18,3
585,Bentancur,Spurs,MID,21,85,2,0,0,0,2,0,0,0,0,0,0,0,21,13.0,3.1,0.0,1.6,0,5,5,10,1,0.00,0.00,0.00,1.07,False,18,3
586,Bergvall,Spurs,MID,21,56,1,0,0,0,2,0,0,0,0,0,0,0,-2,0.0,0.8,12.0,1.2,0,2,1,3,1,0.04,0.01,0.05,0.79,False,18,3
587,Bissouma,Spurs,MID,21,0,0,0,0,0,0,0,0,0,0,0,0,0,0,0.0,0.0,0.0,0.0,0,0,0,0,0,0.00,0.00,0.00,0.00,False,18,3
588,Odobert,Spurs,MID,21,33,1,0,0,0,1,0,0,0,0,0,0,0,5,2.0,11.0,7.0,2.0,0,2,1,3,0,0.03,0.05,0.08,0.47,False,18,3
589,Solomon,Spurs,MID,21,0,0,0,0,0,0,0,0,0,0,0,0,0,0,0.0,0.0,0.0,0.0,0,0,0,0,0,0.00,0.00,0.00,0.00,False,18,3
590,Bryan,Spurs,MID,21,0,0,0,0,0,0,0,0,0,0,0,0,0,0,0.0,0.0,0.0,0.0,0,0,0,0,0,0.00,0.00,0.00,0.00,False,18,3
591,Gray,Spurs,MID,21,4,1,0,0,0,1,0,0,0,0,0,0,0,3,0.2,0.0,0.0,0.0,0,1,0,1,0,0.00,0.00,0.00,0.19,False,18,3
592,Moore,Spurs,MID,21,0,0,0,0,0,0,0,0,0,0,0,0,0,0,0.0,0.0,0.0,0.0,0,0,0,0,0,0.00,0.00,0.00,0.00,False,18,3
593,P.M.Sarr,Spurs,MID,21,0,0,0,0,0,0,0,0,0,0,0,0,0,0,0.0,0.0,0.0,0.0,0,0,0,0,0,0.00,0.00,0.00,0.00,False,18,3
594,Min-hyeok,Spurs,MID,21,0,0,0,0,0,0,0,0,0,0,0,0,0,0,0.0,0.0,0.0,0.0,0,0,0,0,0,0.00,0.00,0.00,0.00,False,18,3
595,Olusesi,Spurs,MID,21,0,0,0,0,0,0,0,0,0,0,0,0,0,0,0.0,0.0,0.0,0.0,0,0,0,0,0,0.00,0.00,0.00,0.00,False,18,3
596,Solanke,Spurs,FWD,21,0,0,0,0,0,0,0,0,0,0,0,0,0,0,0.0,0.0,0.0,0.0,0,0,0,0,0,0.00,0.00,0.00,0.00,False,18,4
597,Richarlison,Spurs,FWD,21,23,1,0,0,0,1,0,0,0,0,0,0,0,-2,0.0,0.0,14.0,1.2,0,0,0,0,0,0.38,0.00,0.38,0.41,False,18,4
598,Lankshear,Spurs,FWD,21,0,0,0,0,0,0,0,0,0,0,0,0,0,0,0.0,0.0,0.0,0.0,0,0,0,0,0,0.00,0.00,0.00,0.00,False,18,4
599,Scarlett,Spurs,FWD,21,0,0,0,0,0,0,0,0,0,0,0,0,0,0,0.0,0.0,0.0,0.0,0,0,0,0,0,0.00,0.00,0.00,0.00,False,18,4
600,Areola,West Ham,GK,21,90,2,0,0,0,2,0,0,0,0,0,3,0,3,12.2,0.0,0.0,1.2,1,8,0,0,1,0.00,0.00,0.00,1.38,False,19,1
601,Foderingham,West Ham,GK,21,0,0,0,0,0,0,0,0,0,0,0,0,0,0,0.0,0.0,0.0,0.0,0,0,0,0,0,0.00,0.00,0.00,0.00,False,19,1
602,Hegyi,West Ham,GK,21,0,0,0,0,0,0,0,0,0,0,0,0,0,0,0.0,0.0,0.0,0.0,0,0,0,0,0,0.00,0.00,0.00,0.00,False,19,1
603,Diouf,West Ham,DEF,21,0,0,0,0,0,0,0,0,0,0,0,0,0,0,0.0,0.0,0.0,0.0,0,0,0,0,0,0.00,0.00,0.00,0.00,False,19,2
604,Emerson,West Ham,DEF,21,0,0,0,0,0,0,0,0,0,0,0,0,0,0,0.0,0.0,0.0,0.0,0,0,0,0,0,0.00,0.00,0.00,0.00,False,19,2
605,Kilman,West Ham,DEF,21,0,0,0,0,0,0,0,0,0,0,0,0,0,0,0.0,0.0,0.0,0.0,0,0,0,0,0,0.00,0.00,0.00,0.00,False,19,2
606,Mavropanos,West Ham,DEF,21,90,2,0,0,0,2,0,0,0,1,0,0,0,5,23.0,0.8,0.0,2.4,8,3,4,12,1,0.00,0.01,0.01,1.38,False,19,2
607,N.Aguerd,West Ham,DEF,21,0,0,0,0,0,0,0,0,0,0,0,0,0,0,0.0,0.0,0.0,0.0,0,0,0,0,0,0.00,0.00,0.00,0.00,False,19,2
608,Scarles,West Ham,DEF,21,62,4,0,0,0,1,0,0,0,0,0,0,0,10,27.6,1.1,0.0,2.9,10,2,4,14,1,0.00,0.00,0.00,0.47,False,19,2
609,Todibo,West Ham,DEF,21,90,2,0,0,0,2,0,0,0,1,0,0,0,5,22.6,0.3,0.0,2.3,8,5,2,10,1,0.00,0.01,0.01,1.38,False,19,2
610,Wan-Bissaka,West Ham,DEF,21,0,0,0,0,0,0,0,0,0,0,0,0,0,0,0.0,0.0,0.0,0.0,0,0,0,0,0,0.00,0.00,0.00,0.00,False,19,2
611,Casey,West Ham,DEF,21,0,0,0,0,0,0,0,0,0,0,0,0,0,0,0.0,0.0,0.0,0.0,0,0,0,0,0,0.00,0.00,0.00,0.00,False,19,2
612,L.Paquetá,West Ham,MID,21,62,2,0,0,0,1,0,0,0,0,0,0,0,5,2.8,8.1,0.0,1.1,1,2,1,4,1,0.00,0.00,0.00,0.47,False,19,3
613,Souček,West Ham,MID,21,90,6,0,1,0,2,0,0,0,0,0,0,1,21,16.4,23.7,16.0,5.6,4,2,3,9,1,0.22,0.06,0.28,1.38,False,19,3
614,Ward-Prowse,West Ham,MID,21,0,0,0,0,0,0,0,0,0,0,0,0,0,0,0.0,0.0,0.0,0.0,0,0,0,0,0,0.00,0.00,0.00,0.00,False,19,3
615,Summerville,West Ham,MID,21,90,4,0,0,0,2,0,0,0,0,0,0,0,14,16.4,30.1,7.0,5.4,1,8,4,13,1,0.03,0.05,0.08,1.38,False,19,3
616,Álvarez,West Ham,MID,21,0,0,0,0,0,0,0,0,0,0,0,0,0,0,0.0,0.0,0.0,0.0,0,0,0,0,0,0.00,0.00,0.00,0.00,False,19,3
617,Cornet,West Ham,MID,21,0,0,0,0,0,0,0,0,0,0,0,0,0,0,0.0,0.0,0.0,0.0,0,0,0,0,0,0.00,0.00,0.00,0.00,False,19,3
618,G.Rodriguez,West Ham,MID,21,0,0,0,0,0,0,0,0,0,0,0,0,0,0,0.0,0.0,0.0,0.0,0,0,0,0,0,0.00,0.00,0.00,0.00,False,19,3
619,L.Guilherme,West Ham,MID,21,0,0,0,0,0,0,0,0,0,0,0,0,0,0,0.0,0.0,0.0,0.0,0,0,0,0,0,0.00,0.00,0.00,0.00,False,19,3
620,Earthy,West Ham,MID,21,0,0,0,0,0,0,0,0,0,0,0,0,0,0,0.0,0.0,0.0,0.0,0,0,0,0,0,0.00,0.00,0.00,0.00,False,19,3
621,Irving,West Ham,MID,21,0,0,0,0,0,0,0,0,0,0,0,0,0,0,0.0,0.0,0.0,0.0,0,0,0,0,0,0.00,0.00,0.00,0.00,False,19,3
622,Orford,West Ham,MID,21,0,0,0,0,0,0,0,0,0,0,0,0,0,0,0.0,0.0,0.0,0.0,0,0,0,0,0,0.00,0.00,0.00,0.00,False,19,3
623,Potts,West Ham,MID,21,10,1,0,0,0,1,0,0,0,0,0,0,0,3,2.4,1.1,0.0,0.4,1,1,0,2,0,0.00,0.01,0.01,0.79,False,19,3
624,Bowen,West Ham,FWD,21,90,2,0,0,0,2,0,0,0,0,0,0,0,10,7.4,18.2,22.0,4.8,4,3,2,9,1,0.19,0.16,0.35,1.38,False,19,4
625,Füllkrug,West Ham,FWD,21,0,0,0,0,0,0,0,0,0,0,0,0,0,0,0.0,0.0,0.0,0.0,0,0,0,0,0,0.00,0.00,0.00,0.00,False,19,4
626,Marshall,West Ham,FWD,21,0,0,0,0,0,0,0,0,0,0,0,0,0,0,0.0,0.0,0.0,0.0,0,0,0,0,0,0.00,0.00,0.00,0.00,False,19,4
627,Johnstone,Wolves,GK,21,0,0,0,0,0,0,0,0,0,0,0,0,0,0,0.0,0.0,0.0,0.0,0,0,0,0,0,0.00,0.00,0.00,0.00,False,20,1
628,José Sá,Wolves,GK,21,90,1,0,0,0,1,0,0,0,1,0,1,0,4,10.2,0.0,0.0,1.0,1,7,0,0,1,0.00,0.00,0.00,0.89,False,20,1
629,Bentley,Wolves,GK,21,0,0,0,0,0,0,0,0,0,0,0,0,0,0,0.0,0.0,0.0,0.0,0,0,0,0,0,0.00,0.00,0.00,0.00,False,20,1
630,King,Everton,GK,21,0,0,0,0,0,0,0,0,0,0,0,0,0,0,0.0,0.0,0.0,0.0,0,0,0,0,0,0.00,0.00,0.00,0.00,False,9,1
631,Agbadou,Wolves,DEF,21,0,0,0,0,0,0,0,0,0,0,0,0,0,0,0.0,0.0,0.0,0.0,0,0,0,0,0,0.00,0.00,0.00,0.00,False,20,2
632,Doherty,Wolves,DEF,21,0,0,0,0,0,0,0,0,0,0,0,0,0,0,0.0,0.0,0.0,0.0,0,0,0,0,0,0.00,0.00,0.00,0.00,False,20,2
633,H.Bueno,Wolves,DEF,21,90,2,0,0,0,1,0,0,0,0,0,0,0,19,23.4,52.3,11.0,8.7,1,4,3,4,1,0.05,0.27,0.32,0.89,False,20,2
634,Mosquera,Wolves,DEF,21,90,3,0,0,0,1,0,0,0,1,0,0,0,16,29.0,14.7,4.0,4.8,12,4,1,13,1,0.00,0.03,0.03,0.89,False,20,2
635,R.Gomes,Wolves,DEF,21,0,0,0,0,0,0,0,0,0,0,0,0,0,0,0.0,0.0,0.0,0.0,0,0,0,0,0,0.00,0.00,0.00,0.00,False,20,2
636,S.Bueno,Wolves,DEF,21,90,2,0,0,0,1,0,0,0,0,0,0,0,13,19.2,10.8,2.0,3.2,5,3,2,7,1,0.00,0.01,0.01,0.89,False,20,2
637,Toti,Wolves,DEF,21,0,0,0,0,0,0,0,0,0,0,0,0,0,0,0.0,0.0,0.0,0.0,0,0,0,0,0,0.00,0.00,0.00,0.00,False,20,2
638,Hoever,Wolves,DEF,21,0,0,0,0,0,0,0,0,0,0,0,0,0,0,0.0,0.0,0.0,0.0,0,0,0,0,0,0.00,0.00,0.00,0.00,False,20,2
639,Meupiyou,Wolves,DEF,21,0,0,0,0,0,0,0,0,0,0,0,0,0,0,0.0,0.0,0.0,0.0,0,0,0,0,0,0.00,0.00,0.00,0.00,False,20,2
640,Pedro Lima,Wolves,DEF,21,1,1,0,0,0,0,0,0,0,0,0,0,0,3,0.2,0.1,0.0,0.0,0,0,0,0,0,0.00,0.00,0.00,0.00,False,20,2
641,Pond,Wolves,DEF,21,0,0,0,0,0,0,0,0,0,0,0,0,0,0,0.0,0.0,0.0,0.0,0,0,0,0,0,0.00,0.00,0.00,0.00,False,20,2
642,Hee Chan,Wolves,MID,21,90,1,0,0,0,1,0,0,0,1,0,0,0,4,0.8,13.4,8.0,2.2,0,5,1,6,1,0.04,0.02,0.06,0.89,False,20,3
643,André,Wolves,MID,21,45,1,0,0,0,0,0,0,0,0,0,0,0,5,5.8,13.4,0.0,1.9,0,4,1,5,0,0.00,0.05,0.05,0.16,False,20,3
644,Bellegarde,Wolves,MID,21,0,0,0,0,0,0,0,0,0,0,0,0,0,0,0.0,0.0,0.0,0.0,0,0,0,0,0,0.00,0.00,0.00,0.00,False,20,3
645,Fer López,Wolves,MID,21,0,0,0,0,0,0,0,0,0,0,0,0,0,0,0.0,0.0,0.0,0.0,0,0,0,0,0,0.00,0.00,0.00,0.00,False,20,3
646,Gomes,Wolves,MID,21,90,4,0,0,0,1,0,0,0,0,0,0,0,23,26.0,7.5,34.0,6.8,4,8,5,17,1,0.09,0.04,0.13,0.89,False,20,3
647,Guedes,Wolves,MID,21,0,0,0,0,0,0,0,0,0,0,0,0,0,0,0.0,0.0,0.0,0.0,0,0,0,0,0,0.00,0.00,0.00,0.00,False,20,3
648,Munetsi,Wolves,MID,21,0,0,0,0,0,0,0,0,0,0,0,0,0,0,0.0,0.0,0.0,0.0,0,0,0,0,0,0.00,0.00,0.00,0.00,False,20,3
649,B.Traore,Wolves,MID,21,0,0,0,0,0,0,0,0,0,0,0,0,0,0,0.0,0.0,0.0,0.0,0,0,0,0,0,0.00,0.00,0.00,0.00,False,20,3
650,Chirewa,Wolves,MID,21,0,0,0,0,0,0,0,0,0,0,0,0,0,0,0.0,0.0,0.0,0.0,0,0,0,0,0,0.00,0.00,0.00,0.00,False,20,3
651,Edozie,Wolves,MID,21,0,0,0,0,0,0,0,0,0,0,0,0,0,0,0.0,0.0,0.0,0.0,0,0,0,0,0,0.00,0.00,0.00,0.00,False,20,3
652,Gonzalez,Wolves,MID,21,0,0,0,0,0,0,0,0,0,0,0,0,0,0,0.0,0.0,0.0,0.0,0,0,0,0,0,0.00,0.00,0.00,0.00,False,20,3
653,Hodge,Wolves,MID,21,0,0,0,0,0,0,0,0,0,0,0,0,0,0,0.0,0.0,0.0,0.0,0,0,0,0,0,0.00,0.00,0.00,0.00,False,20,3
654,Strand Larsen,Wolves,FWD,21,23,4,0,1,0,0,0,0,0,0,0,0,0,13,18.4,10.3,0.0,2.9,0,1,1,2,0,0.00,0.01,0.01,0.09,False,20,4
655,Fábio Silva,Wolves,FWD,21,0,0,0,0,0,0,0,0,0,0,0,0,0,0,0.0,0.0,0.0,0.0,0,0,0,0,0,0.00,0.00,0.00,0.00,False,20,4
656,Kalajdžić,Wolves,FWD,21,0,0,0,0,0,0,0,0,0,0,0,0,0,0,0.0,0.0,0.0,0.0,0,0,0,0,0,0.00,0.00,0.00,0.00,False,20,4
657,Chiwome,Wolves,FWD,21,0,0,0,0,0,0,0,0,0,0,0,0,0,0,0.0,0.0,0.0,0.0,0,0,0,0,0,0.00,0.00,0.00,0.00,False,20,4
658,Fraser,Wolves,FWD,21,0,0,0,0,0,0,0,0,0,0,0,0,0,0,0.0,0.0,0.0,0.0,0,0,0,0,0,0.00,0.00,0.00,0.00,False,20,4
659,Walker-Peters,West Ham,DEF,21,90,0,0,0,0,2,0,0,0,1,0,0,0,5,14.6,13.1,21.0,4.9,1,3,4,5,1,0.03,0.05,0.08,1.38,False,19,2
660,Stach,Leeds,MID,21,79,2,0,0,0,2,0,0,0,0,0,0,0,18,17.4,53.3,13.0,8.4,0,4,3,7,1,0.10,0.31,0.41,1.17,False,11,3
661,Ekitiké,Liverpool,FWD,21,0,0,0,0,0,0,0,0,0,0,0,0,0,0,0.0,0.0,0.0,0.0,0,0,0,0,0,0.00,0.00,0.00,0.00,False,12,4
662,Mosquera,Arsenal,DEF,21,0,0,0,0,0,0,0,0,0,0,0,0,0,0,0.0,0.0,0.0,0.0,0,0,0,0,0,0.00,0.00,0.00,0.00,False,1,2
663,J.Arias,Wolves,MID,21,45,1,0,0,0,1,0,0,0,0,0,0,0,1,0.4,12.9,6.0,1.9,0,2,1,3,1,0.00,0.01,0.01,0.73,False,20,3
664,Lecomte,Fulham,GK,21,0,0,0,0,0,0,0,0,0,0,0,0,0,0,0.0,0.0,0.0,0.0,0,0,0,0,0,0.00,0.00,0.00,0.00,False,10,1
665,Perri,Leeds,GK,21,90,1,0,0,0,4,0,0,0,0,0,3,0,3,24.4,0.0,0.0,2.4,4,6,0,0,1,0.00,0.00,0.00,2.44,False,11,1
666,Gyökeres,Arsenal,FWD,21,63,2,0,0,1,0,0,0,0,0,0,0,0,6,1.4,13.2,2.0,1.7,0,1,0,1,1,0.00,0.02,0.02,0.21,False,1,4
667,Aznou,Everton,DEF,21,0,0,0,0,0,0,0,0,0,0,0,0,0,0,0.0,0.0,0.0,0.0,0,0,0,0,0,0.00,0.00,0.00,0.00,False,9,2
668,Xhaka,Sunderland,MID,21,90,2,0,0,0,3,0,0,0,0,0,0,0,20,12.8,6.4,9.0,2.8,1,6,1,8,1,0.06,0.17,0.23,3.24,False,17,3
669,Ndoye,Nott'm Forest,MID,21,0,0,0,0,0,0,0,0,0,0,0,0,0,0,0.0,0.0,0.0,0.0,0,0,0,0,0,0.00,0.00,0.00,0.00,False,16,3
670,Roefs,Sunderland,GK,21,90,2,0,0,0,3,0,0,0,0,0,3,0,7,32.4,0.0,0.0,3.2,3,10,0,0,1,0.00,0.00,0.00,3.24,False,17,1
671,Wilson,West Ham,FWD,21,0,0,0,0,0,0,0,0,0,0,0,0,0,0,0.0,0.0,0.0,0.0,0,0,0,0,0,0.00,0.00,0.00,0.00,False,19,4
672,Hato,Chelsea,DEF,21,62,1,0,0,0,2,0,0,0,0,0,0,0,4,14.0,0.6,11.0,2.6,5,2,4,9,0,0.22,0.00,0.22,0.78,False,7,2
673,J.Palhinha,Spurs,MID,21,90,9,1,0,0,3,0,0,0,0,0,0,2,37,52.2,2.1,21.0,7.5,2,4,3,9,1,0.13,0.01,0.14,1.27,False,18,3
674,Ramsdale,Newcastle,GK,21,0,0,0,0,0,0,0,0,0,0,0,0,0,0,0.0,0.0,0.0,0.0,0,0,0,0,0,0.00,0.00,0.00,0.00,False,15,1
675,Gunn,Nott'm Forest,GK,21,0,0,0,0,0,0,0,0,0,0,0,0,0,0,0.0,0.0,0.0,0.0,0,0,0,0,0,0.00,0.00,0.00,0.00,False,16,1
676,Ugochukwu,Burnley,MID,21,90,4,0,0,0,2,0,0,0,0,0,0,0,9,21.6,1.3,0.0,2.3,6,10,1,17,1,0.00,0.01,0.01,2.55,False,3,3
677,Guessand,Aston Villa,MID,21,0,0,0,0,0,0,0,0,0,0,0,0,0,0,0.0,0.0,0.0,0.0,0,0,0,0,0,0.00,0.00,0.00,0.00,False,2,3
678,Masuaku,Sunderland,DEF,21,0,0,0,0,0,0,0,0,0,0,0,0,0,0,0.0,0.0,0.0,0.0,0,0,0,0,0,0.00,0.00,0.00,0.00,False,17,2
679,Hermansen,West Ham,GK,21,0,0,0,0,0,0,0,0,0,0,0,0,0,0,0.0,0.0,0.0,0.0,0,0,0,0,0,0.00,0.00,0.00,0.00,False,19,1
680,Broja,Burnley,FWD,21,75,2,0,0,0,2,0,0,0,0,0,0,0,9,4.4,0.8,5.0,1.0,1,3,1,5,1,0.02,0.01,0.03,2.00,False,3,4
681,Šeško,Man Utd,FWD,21,90,13,2,0,0,2,0,0,0,0,0,0,3,64,82.0,5.3,134.0,22.1,0,1,0,1,1,1.14,0.01,1.15,0.24,True,14,4
682,Møller Wolfe,Wolves,DEF,21,0,0,0,0,0,0,0,0,0,0,0,0,0,0,0.0,0.0,0.0,0.0,0,0,0,0,0,0.00,0.00,0.00,0.00,False,20,2
683,Alderete,Sunderland,DEF,21,82,1,0,0,0,3,0,0,0,0,0,0,0,-6,9.6,1.0,6.0,1.7,5,2,1,6,1,0.15,0.10,0.25,2.80,False,17,2
684,Thiaw,Newcastle,DEF,21,45,-1,0,0,0,2,0,0,0,1,0,0,0,-12,0.0,0.8,2.0,0.0,1,3,0,1,1,0.00,0.00,0.00,1.42,False,15,2
685,Diakité,Bournemouth,DEF,21,3,1,0,0,0,0,0,0,0,0,0,0,0,3,0.0,0.0,0.0,0.0,0,0,0,0,0,0.00,0.00,0.00,0.04,False,4,2
686,Ngumoha,Liverpool,MID,21,0,0,0,0,0,0,0,0,0,0,0,0,0,0,0.0,0.0,0.0,0.0,0,0,0,0,0,0.00,0.00,0.00,0.00,False,12,3
687,Rees-Dottin,Bournemouth,MID,21,0,0,0,0,0,0,0,0,0,0,0,0,0,0,0.0,0.0,0.0,0.0,0,0,0,0,0,0.00,0.00,0.00,0.00,False,4,3
688,Wright,Aston Villa,GK,21,0,0,0,0,0,0,0,0,0,0,0,0,0,0,0.0,0.0,0.0,0.0,0,0,0,0,0,0.00,0.00,0.00,0.00,False,2,1
689,Seung soo,Newcastle,MID,21,0,0,0,0,0,0,0,0,0,0,0,0,0,0,0.0,0.0,0.0,0.0,0,0,0,0,0,0.00,0.00,0.00,0.00,False,15,3
690,Cardines,Crystal Palace,MID,21,0,0,0,0,0,0,0,0,0,0,0,0,0,0,0.0,0.0,0.0,0.0,0,0,0,0,0,0.00,0.00,0.00,0.00,False,8,3
691,Calvert-Lewin,Leeds,FWD,21,86,8,1,1,0,2,0,0,0,1,0,0,0,30,50.0,15.8,31.0,9.7,1,2,0,3,1,0.94,0.02,0.96,1.50,False,11,4
692,Leoni,Liverpool,DEF,21,0,0,0,0,0,0,0,0,0,0,0,0,0,0,0.0,0.0,0.0,0.0,0,0,0,0,0,0.00,0.00,0.00,0.00,False,12,2
693,Hutchinson,Nott'm Forest,MID,21,45,1,0,0,0,1,0,0,0,0,0,0,0,3,2.8,1.9,4.0,0.9,1,5,1,7,1,0.00,0.01,0.01,0.45,False,16,3
694,Mukiele,Sunderland,DEF,21,90,3,0,0,0,3,0,0,0,0,0,0,0,7,25.6,2.3,4.0,3.2,9,9,1,10,1,0.00,0.01,0.01,3.24,False,17,2
695,Tchatchoua,Wolves,DEF,21,90,2,0,0,0,1,0,0,0,0,0,0,0,8,0.8,3.3,2.0,0.6,0,2,0,0,1,0.00,0.01,0.01,0.89,False,20,2
696,Kalimuendo,Nott'm Forest,FWD,21,0,0,0,0,0,0,0,0,0,0,0,0,0,0,0.0,0.0,0.0,0.0,0,0,0,0,0,0.00,0.00,0.00,0.00,False,16,4
697,Adli,Bournemouth,MID,21,3,1,0,0,0,0,0,0,0,0,0,0,0,5,1.2,0.0,0.0,0.1,0,1,1,2,0,0.00,0.00,0.00,0.04,False,4,3
698,Okafor,Leeds,MID,21,10,1,0,0,0,2,0,0,0,0,0,0,0,3,5.2,0.3,4.0,1.0,3,1,0,4,0,0.00,0.02,0.02,1.27,False,11,3
699,Douglas Luiz,Nott'm Forest,MID,21,0,0,0,0,0,0,0,0,0,0,0,0,0,0,0.0,0.0,0.0,0.0,0,0,0,0,0,0.00,0.00,0.00,0.00,False,16,3
700,Dowman,Arsenal,MID,21,0,0,0,0,0,0,0,0,0,0,0,0,0,0,0.0,0.0,0.0,0.0,0,0,0,0,0,0.00,0.00,0.00,0.00,False,1,3
701,Rowe,Aston Villa,DEF,21,0,0,0,0,0,0,0,0,0,0,0,0,0,0,0.0,0.0,0.0,0.0,0,0,0,0,0,0.00,0.00,0.00,0.00,False,2,2
702,Burrowes,Aston Villa,MID,21,0,0,0,0,0,0,0,0,0,0,0,0,0,0,0.0,0.0,0.0,0.0,0,0,0,0,0,0.00,0.00,0.00,0.00,False,2,3
703,Proctor,Aston Villa,GK,21,0,0,0,0,0,0,0,0,0,0,0,0,0,0,0.0,0.0,0.0,0.0,0,0,0,0,0,0.00,0.00,0.00,0.00,False,2,1
704,Onyango,Everton,MID,21,0,0,0,0,0,0,0,0,0,0,0,0,0,0,0.0,0.0,0.0,0.0,0,0,0,0,0,0.00,0.00,0.00,0.00,False,9,3
705,Campbell,Everton,DEF,21,0,0,0,0,0,0,0,0,0,0,0,0,0,0,0.0,0.0,0.0,0.0,0,0,0,0,0,0.00,0.00,0.00,0.00,False,9,2
706,Justin,Leeds,DEF,21,90,0,0,0,0,4,0,0,0,0,0,0,0,-9,11.0,1.9,9.0,2.2,5,5,2,7,1,0.11,0.00,0.11,2.44,False,11,2
707,Dibling,Everton,MID,21,0,0,0,0,0,0,0,0,0,0,0,0,0,0,0.0,0.0,0.0,0.0,0,0,0,0,0,0.00,0.00,0.00,0.00,False,9,3
708,M.Fernandes,West Ham,MID,21,79,2,0,0,0,1,0,0,0,0,0,0,0,17,8.8,6.4,1.0,1.6,2,6,3,11,1,0.04,0.01,0.05,0.59,False,19,3
709,Krejčí,Wolves,DEF,21,67,2,0,0,0,1,0,0,0,0,0,0,0,7,16.0,5.5,8.0,3.0,4,3,0,4,1,0.00,0.08,0.08,0.80,False,20,2
710,Patterson,Aston Villa,DEF,21,0,0,0,0,0,0,0,0,0,0,0,0,0,0,0.0,0.0,0.0,0.0,0,0,0,0,0,0.00,0.00,0.00,0.00,False,2,2
711,Harriman-Annous,Arsenal,MID,21,0,0,0,0,0,0,0,0,0,0,0,0,0,0,0.0,0.0,0.0,0.0,0,0,0,0,0,0.00,0.00,0.00,0.00,False,1,3
712,Yeremy,Crystal Palace,MID,21,90,3,0,0,1,0,0,0,0,0,0,0,0,9,12.2,13.5,41.0,6.7,1,2,1,4,1,0.42,0.11,0.53,1.74,False,8,3
713,A.Jimenez,Bournemouth,DEF,21,86,0,0,0,0,2,0,0,0,1,0,0,0,-3,6.4,2.3,0.0,0.9,2,5,2,4,1,0.00,0.01,0.01,1.21,False,4,2
714,Woltemade,Newcastle,FWD,21,74,5,0,1,0,2,0,0,0,0,0,0,0,23,32.0,26.0,21.0,7.9,4,1,1,6,1,0.17,0.28,0.45,1.70,False,15,4
715,John,Nott'm Forest,GK,21,0,0,0,0,0,0,0,0,0,0,0,0,0,0,0.0,0.0,0.0,0.0,0,0,0,0,0,0.00,0.00,0.00,0.00,False,16,1
716,Savona,Nott'm Forest,DEF,21,0,0,0,0,0,0,0,0,0,0,0,0,0,0,0.0,0.0,0.0,0.0,0,0,0,0,0,0.00,0.00,0.00,0.00,False,16,2
717,Xavi,Spurs,MID,21,90,5,0,1,0,3,0,0,0,0,0,0,0,16,18.8,21.0,5.0,4.5,0,2,0,2,1,0.08,0.20,0.28,1.27,False,18,3
718,S.Magassa,West Ham,MID,21,0,0,0,0,0,0,0,0,0,0,0,0,0,0,0.0,0.0,0.0,0.0,0,0,0,0,0,0.00,0.00,0.00,0.00,False,19,3
719,Lindelöf,Aston Villa,DEF,21,90,6,0,0,1,0,0,0,0,0,0,0,0,29,18.8,10.6,4.0,3.3,4,2,0,4,1,0.03,0.00,0.03,1.50,False,2,2
720,Tolu,Wolves,FWD,21,90,2,0,0,0,1,0,0,0,0,0,0,0,7,5.6,23.8,23.0,5.2,4,2,0,6,1,0.19,0.05,0.24,0.89,False,20,4
721,Milosavljević,Bournemouth,DEF,21,1,1,0,0,0,0,0,0,0,0,0,0,0,3,0.0,0.0,0.0,0.0,0,0,0,0,0,0.00,0.00,0.00,0.04,False,4,2
722,Florentino,Burnley,MID,21,90,2,0,0,0,2,0,0,0,0,0,0,0,7,3.0,2.6,0.0,0.6,5,3,0,8,1,0.00,0.01,0.01,2.55,False,3,3
723,Canvot,Crystal Palace,DEF,21,90,10,0,0,1,0,0,0,0,0,0,0,2,32,29.2,1.7,0.0,3.1,7,5,5,12,1,0.00,0.01,0.01,1.74,True,8,2
724,Geertruida,Sunderland,DEF,21,78,1,0,0,0,3,0,0,0,0,0,0,0,-1,1.2,1.9,4.0,0.7,3,1,0,3,1,0.04,0.00,0.04,2.80,False,17,2
725,Hincapie,Arsenal,DEF,21,56,1,0,0,0,0,0,0,0,0,0,0,0,5,3.2,1.8,2.0,0.7,2,2,1,3,1,0.00,0.01,0.01,0.14,False,1,2
726,Kolo Muani,Spurs,FWD,21,66,1,0,0,0,2,0,0,0,1,0,0,0,0,4.2,11.9,6.0,2.2,2,1,1,4,1,0.00,0.03,0.03,0.86,False,18,4
727,Chukwueze,Fulham,MID,21,0,0,0,0,0,0,0,0,0,0,0,0,0,0,0.0,0.0,0.0,0.0,0,0,0,0,0,0.00,0.00,0.00,0.00,False,10,3
728,Röhl,Everton,MID,21,1,1,0,0,0,0,0,0,0,0,0,0,0,2,1.0,0.0,0.0,0.1,0,0,1,1,0,0.00,0.00,0.00,0.16,False,9,3
729,Cuiabano,Nott'm Forest,DEF,21,0,0,0,0,0,0,0,0,0,0,0,0,0,0,0.0,0.0,0.0,0.0,0,0,0,0,0,0.00,0.00,0.00,0.00,False,16,2
730,Brobbey,Sunderland,FWD,21,90,2,0,0,0,3,0,0,0,0,0,0,0,4,0.0,2.8,19.0,1.9,0,2,0,2,1,0.25,0.00,0.25,3.24,False,17,4
731,Kevin,Fulham,MID,21,45,1,0,0,0,1,0,0,0,0,0,0,0,7,13.2,7.1,20.0,4.0,2,1,2,5,0,0.11,0.11,0.22,1.46,False,10,3
732,Uche,Crystal Palace,FWD,21,0,0,0,0,0,0,0,0,0,0,0,0,0,0,0.0,0.0,0.0,0.0,0,0,0,0,0,0.00,0.00,0.00,0.00,False,8,4
733,Lammens,Man Utd,GK,21,90,1,0,0,0,2,0,0,0,0,0,0,0,-1,3.4,0.0,0.0,0.3,0,4,0,0,1,0.00,0.00,0.00,0.24,False,14,1
734,Bakwa,Nott'm Forest,MID,21,46,1,0,0,0,0,0,0,0,0,0,0,0,4,3.4,16.1,2.0,2.2,0,2,0,2,0,0.00,0.16,0.16,0.50,False,16,3
735,Traoré,Sunderland,MID,21,0,0,0,0,0,0,0,0,0,0,0,0,0,0,0.0,0.0,0.0,0.0,0,0,0,0,0,0.00,0.00,0.00,0.00,False,17,3
736,Donnarumma,Man City,GK,21,90,1,0,0,0,1,0,0,0,1,0,2,0,11,20.4,0.0,0.0,2.0,0,6,0,0,1,0.00,0.00,0.00,1.16,False,13,1
737,Kusi-Asare,Fulham,FWD,21,0,0,0,0,0,0,0,0,0,0,0,0,0,0,0.0,0.0,0.0,0.0,0,0,0,0,0,0.00,0.00,0.00,0.00,False,10,4
738,Fabianski,West Ham,GK,21,0,0,0,0,0,0,0,0,0,0,0,0,0,0,0.0,0.0,0.0,0.0,0,0,0,0,0,0.00,0.00,0.00,0.00,False,19,1
739,Mukasa,Man City,MID,21,0,0,0,0,0,0,0,0,0,0,0,0,0,0,0.0,0.0,0.0,0.0,0,0,0,0,0,0.00,0.00,0.00,0.00,False,13,3
740,Mfuni,Man City,DEF,21,0,0,0,0,0,0,0,0,0,0,0,0,0,0,0.0,0.0,0.0,0.0,0,0,0,0,0,0.00,0.00,0.00,0.00,False,13,2
741,Gray,Leeds,FWD,21,0,0,0,0,0,0,0,0,0,0,0,0,0,0,0.0,0.0,0.0,0.0,0,0,0,0,0,0.00,0.00,0.00,0.00,False,11,4
742,McAidoo,Man City,MID,21,0,0,0,0,0,0,0,0,0,0,0,0,0,0,0.0,0.0,0.0,0.0,0,0,0,0,0,0.00,0.00,0.00,0.00,False,13,3
743,Emenalo,Chelsea,MID,21,0,0,0,0,0,0,0,0,0,0,0,0,0,0,0.0,0.0,0.0,0.0,0,0,0,0,0,0.00,0.00,0.00,0.00,False,7,3
744,Oriola,Brighton,MID,21,0,0,0,0,0,0,0,0,0,0,0,0,0,0,0.0,0.0,0.0,0.0,0,0,0,0,0,0.00,0.00,0.00,0.00,False,6,3
745,Byfield,Spurs,DEF,21,0,0,0,0,0,0,0,0,0,0,0,0,0,0,0.0,0.0,0.0,0.0,0,0,0,0,0,0.00,0.00,0.00,0.00,False,18,2
746,Morrison,Liverpool,MID,21,0,0,0,0,0,0,0,0,0,0,0,0,0,0,0.0,0.0,0.0,0.0,0,0,0,0,0,0.00,0.00,0.00,0.00,False,12,3
747,Mayers,West Ham,DEF,21,27,1,0,0,0,1,0,0,0,0,0,0,0,1,6.8,11.5,0.0,1.8,1,1,0,1,0,0.00,0.01,0.01,0.91,False,19,2
748,Dasilva,Brentford,MID,21,0,0,0,0,0,0,0,0,0,0,0,0,0,0,0.0,0.0,0.0,0.0,0,0,0,0,0,0.00,0.00,0.00,0.00,False,5,3
749,Mané,Wolves,FWD,21,90,9,1,0,0,1,0,0,0,0,0,0,3,32,34.8,14.4,21.0,7.0,1,3,1,5,1,0.35,0.04,0.39,0.89,False,20,4
750,Rowswell,Spurs,DEF,21,0,0,0,0,0,0,0,0,0,0,0,0,0,0,0.0,0.0,0.0,0.0,0,0,0,0,0,0.00,0.00,0.00,0.00,False,18,2
751,Akhamrich,Spurs,MID,21,0,0,0,0,0,0,0,0,0,0,0,0,0,0,0.0,0.0,0.0,0.0,0,0,0,0,0,0.00,0.00,0.00,0.00,False,18,3
752,Golambeckis,West Ham,DEF,21,0,0,0,0,0,0,0,0,0,0,0,0,0,0,0.0,0.0,0.0,0.0,0,0,0,0,0,0.00,0.00,0.00,0.00,False,19,2
753,Ruddy,Newcastle,GK,21,0,0,0,0,0,0,0,0,0,0,0,0,0,0,0.0,0.0,0.0,0.0,0,0,0,0,0,0.00,0.00,0.00,0.00,False,15,1
754,George Hemmings,Aston Villa,MID,21,0,0,0,0,0,0,0,0,0,0,0,0,0,0,0.0,0.0,0.0,0.0,0,0,0,0,0,0.00,0.00,0.00,0.00,False,2,3
755,Lacey,Man Utd,MID,21,6,1,0,0,0,0,0,0,0,0,0,0,0,3,0.0,1.5,2.0,0.2,0,0,1,1,0,0.05,0.00,0.05,0.02,False,14,3
756,DaCosta,Bournemouth,MID,21,0,0,0,0,0,0,0,0,0,0,0,0,0,0,0.0,0.0,0.0,0.0,0,0,0,0,0,0.00,0.00,0.00,0.00,False,4,3
757,Hollingshead,Aston Villa,GK,21,0,0,0,0,0,0,0,0,0,0,0,0,0,0,0.0,0.0,0.0,0.0,0,0,0,0,0,0.00,0.00,0.00,0.00,False,2,1
758,Mohamadou Kanté,West Ham,MID,21,0,0,0,0,0,0,0,0,0,0,0,0,0,0,0.0,0.0,0.0,0.0,0,0,0,0,0,0.00,0.00,0.00,0.00,False,19,3
759,Salmon,Arsenal,DEF,21,0,0,0,0,0,0,0,0,0,0,0,0,0,0,0.0,0.0,0.0,0.0,0,0,0,0,0,0.00,0.00,0.00,0.00,False,1,2
760,Lucky,Liverpool,DEF,21,0,0,0,0,0,0,0,0,0,0,0,0,0,0,0.0,0.0,0.0,0.0,0,0,0,0,0,0.00,0.00,0.00,0.00,False,12,2
761,Simmonds,Brighton,DEF,21,0,0,0,0,0,0,0,0,0,0,0,0,0,0,0.0,0.0,0.0,0.0,0,0,0,0,0,0.00,0.00,0.00,0.00,False,6,2
762,Drakes-Thomas,Crystal Palace,MID,21,0,0,0,0,0,0,0,0,0,0,0,0,0,0,0.0,0.0,0.0,0.0,0,0,0,0,0,0.00,0.00,0.00,0.00,False,8,3
763,Gray,Man City,MID,21,0,0,0,0,0,0,0,0,0,0,0,0,0,0,0.0,0.0,0.0,0.0,0,0,0,0,0,0.00,0.00,0.00,0.00,False,13,3
764,Heskey,Man City,MID,21,0,0,0,0,0,0,0,0,0,0,0,0,0,0,0.0,0.0,0.0,0.0,0,0,0,0,0,0.00,0.00,0.00,0.00,False,13,3
765,Shahar,Newcastle,DEF,21,0,0,0,0,0,0,0,0,0,0,0,0,0,0,0.0,0.0,0.0,0.0,0,0,0,0,0,0.00,0.00,0.00,0.00,False,15,2
766,Olagunju,Wolves,DEF,21,0,0,0,0,0,0,0,0,0,0,0,0,0,0,0.0,0.0,0.0,0.0,0,0,0,0,0,0.00,0.00,0.00,0.00,False,20,2
767,Rawlings,Wolves,MID,21,0,0,0,0,0,0,0,0,0,0,0,0,0,0,0.0,0.0,0.0,0.0,0,0,0,0,0,0.00,0.00,0.00,0.00,False,20,3
768,Leon Routh,Aston Villa,DEF,21,0,0,0,0,0,0,0,0,0,0,0,0,0,0,0.0,0.0,0.0,0.0,0,0,0,0,0,0.00,0.00,0.00,0.00,False,2,2
769,Bendito Mantato,Man Utd,MID,21,0,0,0,0,0,0,0,0,0,0,0,0,0,0,0.0,0.0,0.0,0.0,0,0,0,0,0,0.00,0.00,0.00,0.00,False,14,3
770,Ridgeon,Fulham,MID,21,0,0,0,0,0,0,0,0,0,0,0,0,0,0,0.0,0.0,0.0,0.0,0,0,0,0,0,0.00,0.00,0.00,0.00,False,10,3
771,Fletcher,Man Utd,MID,21,0,0,0,0,0,0,0,0,0,0,0,0,0,0,0.0,0.0,0.0,0.0,0,0,0,0,0,0.00,0.00,0.00,0.00,False,14,3
772,Alabi,Newcastle,MID,21,0,0,0,0,0,0,0,0,0,0,0,0,0,0,0.0,0.0,0.0,0.0,0,0,0,0,0,0.00,0.00,0.00,0.00,False,15,3
773,Benamar,Crystal Palace,DEF,21,0,0,0,0,0,0,0,0,0,0,0,0,0,0,0.0,0.0,0.0,0.0,0,0,0,0,0,0.00,0.00,0.00,0.00,False,8,2
774,Jenson Jones,Sunderland,DEF,21,0,0,0,0,0,0,0,0,0,0,0,0,0,0,0.0,0.0,0.0,0.0,0,0,0,0,0,0.00,0.00,0.00,0.00,False,17,2
775,Tutierov,Sunderland,MID,21,0,0,0,0,0,0,0,0,0,0,0,0,0,0,0.0,0.0,0.0,0.0,0,0,0,0,0,0.00,0.00,0.00,0.00,False,17,3
776,Pimlott,Burnley,MID,21,0,0,0,0,0,0,0,0,0,0,0,0,0,0,0.0,0.0,0.0,0.0,0,0,0,0,0,0.00,0.00,0.00,0.00,False,3,3
777,Ojinnaka,Wolves,MID,21,0,0,0,0,0,0,0,0,0,0,0,0,0,0,0.0,0.0,0.0,0.0,0,0,0,0,0,0.00,0.00,0.00,0.00,False,20,3
778,Sutherland,Wolves,MID,21,0,0,0,0,0,0,0,0,0,0,0,0,0,0,0.0,0.0,0.0,0.0,0,0,0,0,0,0.00,0.00,0.00,0.00,False,20,3
779,Graham,Everton,FWD,21,0,0,0,0,0,0,0,0,0,0,0,0,0,0,0.0,0.0,0.0,0.0,0,0,0,0,0,0.00,0.00,0.00,0.00,False,9,4
780,Casey,Crystal Palace,FWD,21,0,0,0,0,0,0,0,0,0,0,0,0,0,0,0.0,0.0,0.0,0.0,0,0,0,0,0,0.00,0.00,0.00,0.00,False,8,4
781,Carroll,Aston Villa,DEF,21,0,0,0,0,0,0,0,0,0,0,0,0,0,0,0.0,0.0,0.0,0.0,0,0,0,0,0,0.00,0.00,0.00,0.00,False,2,2
782,Forster,Bournemouth,GK,21,0,0,0,0,0,0,0,0,0,0,0,0,0,0,0.0,0.0,0.0,0.0,0,0,0,0,0,0.00,0.00,0.00,0.00,False,4,1
783,Groß,Brighton,MID,21,90,1,0,0,0,1,0,0,0,1,0,0,0,11,9.8,2.0,19.0,3.1,5,3,1,9,1,0.09,0.00,0.09,2.55,False,6,3
784,Brierley,Burnley,MID,21,0,0,0,0,0,0,0,0,0,0,0,0,0,0,0.0,0.0,0.0,0.0,0,0,0,0,0,0.00,0.00,0.00,0.00,False,3,3
785,Pablo,West Ham,FWD,21,27,1,0,0,0,1,0,0,0,0,0,0,0,3,0.4,12.3,4.0,1.7,0,1,1,2,0,0.04,0.02,0.06,0.91,False,19,4
786,McNally,Fulham,GK,21,0,0,0,0,0,0,0,0,0,0,0,0,0,0,0.0,0.0,0.0,0.0,0,0,0,0,0,0.00,0.00,0.00,0.00,False,10,1
787,Chambers,Leeds,MID,21,0,0,0,0,0,0,0,0,0,0,0,0,0,0,0.0,0.0,0.0,0.0,0,0,0,0,0,0.00,0.00,0.00,0.00,False,11,3
788,Kukonki,Man Utd,DEF,21,0,0,0,0,0,0,0,0,0,0,0,0,0,0,0.0,0.0,0.0,0.0,0,0,0,0,0,0.00,0.00,0.00,0.00,False,14,2
789,Merrick,Chelsea,GK,21,0,0,0,0,0,0,0,0,0,0,0,0,0,0,0.0,0.0,0.0,0.0,0,0,0,0,0,0.00,0.00,0.00,0.00,False,7,1
790,Williams-Barnett,Spurs,MID,21,0,0,0,0,0,0,0,0,0,0,0,0,0,0,0.0,0.0,0.0,0.0,0,0,0,0,0,0.00,0.00,0.00,0.00,False,18,3
791,Taty,West Ham,FWD,21,90,2,0,0,0,2,0,0,0,0,0,0,0,0,5.0,21.9,44.0,7.1,1,3,0,4,1,0.40,0.01,0.41,1.38,False,19,4
792,Alysson,Aston Villa,MID,21,0,0,0,0,0,0,0,0,0,0,0,0,0,0,0.0,0.0,0.0,0.0,0,0,0,0,0,0.00,0.00,0.00,0.00,False,2,3
793,King,Crystal Palace,DEF,21,0,0,0,0,0,0,0,0,0,0,0,0,0,0,0.0,0.0,0.0,0.0,0,0,0,0,0,0.00,0.00,0.00,0.00,False,8,2
794,Alleyne,Man City,DEF,21,90,4,0,0,0,1,0,0,0,0,0,0,0,17,25.8,12.8,9.0,4.8,7,3,3,10,1,0.16,0.05,0.21,1.16,False,13,2
795,Howell,Brighton,MID,21,0,0,0,0,0,0,0,0,0,0,0,0,0,0,0.0,0.0,0.0,0.0,0,0,0,0,0,0.00,0.00,0.00,0.00,False,6,3
