player_id,web_name,team_name,position,minutes,apps,total_points,points_per90,goals_scored,assists,clean_sheets,goals_conceded,own_goals,saves,penalties_saved,penalties_missed,yellow_cards,red_cards,bonus,bps,influence,creativity,threat,ict_index,xg,xa,xgi,xgc,selected_by_percent,status,chance_of_playing_next_round,chance_of_playing_this_round,goals_scored_per90,assists_per90,saves_per90,last_updated_utc
1,Raya,Arsenal,GK,180,2,16,8.0,0,0,2,0,0,8,0,0,1,0,3,66,62.6,0.0,0.0,6.2,0.0,0.0,0.0,1.69,23.4,a,,,0.0,0.0,4.0,2025-09-13T07:51:26Z
2,Arrizabalaga,Arsenal,GK,0,0,0,,0,0,0,0,0,0,0,0,0,0,0,0,0.0,0.0,0.0,0.0,0.0,0.0,0.0,0.0,0.7,a,,,,,,2025-09-13T07:51:26Z
3,Hein,Arsenal,GK,0,0,0,,0,0,0,0,0,0,0,0,0,0,0,0,0.0,0.0,0.0,0.0,0.0,0.0,0.0,0.0,0.4,u,0.0,0.0,,,,2025-09-13T07:51:26Z
4,Setford,Arsenal,GK,0,0,0,,0,0,0,0,0,0,0,0,0,0,0,0,0.0,0.0,0.0,0.0,0.0,0.0,0.0,0.0,0.2,a,,,,,,2025-09-13T07:51:26Z
5,Gabriel,Arsenal,DEF,180,2,12,6.0,0,0,2,0,0,0,0,0,0,0,0,49,36.2,3.5999999999999996,10.0,5.0,0.04,0.01,0.05,1.69,21.5,a,,,0.0,0.0,0.0,2025-09-13T07:51:26Z
6,Saliba,Arsenal,DEF,180,2,15,7.5,0,0,2,0,0,0,0,0,0,0,1,52,49.8,2.2,2.0,5.5,0.0,0.01,0.01,1.69,14.3,d,75.0,,0.0,0.0,0.0,2025-09-13T07:51:26Z
7,Calafiori,Arsenal,DEF,134,2,26,17.46,1,2,2,0,0,0,0,0,1,0,3,71,74.2,23.5,57.0,15.399999999999999,1.3,0.02,1.32,1.04,13.1,a,,,0.672,1.343,0.0,2025-09-13T07:51:26Z
8,J.Timber,Arsenal,DEF,82,2,24,26.34,2,1,1,0,0,0,0,0,1,0,3,65,98.0,28.8,75.0,20.2,0.81,0.05,0.86,0.8300000000000001,10.3,a,,,2.195,1.098,0.0,2025-09-13T07:51:26Z
9,Kiwior,Arsenal,DEF,0,0,0,,0,0,0,0,0,0,0,0,0,0,0,0,0.0,0.0,0.0,0.0,0.0,0.0,0.0,0.0,0.1,u,0.0,,,,,2025-09-13T07:51:26Z
10,Lewis-Skelly,Arsenal,DEF,44,2,1,2.05,0,0,0,0,0,0,0,0,1,0,0,6,4.4,3.7,0.0,0.8,0.0,0.0,0.0,0.66,2.5,a,,,0.0,0.0,0.0,2025-09-13T07:51:26Z
11,White,Arsenal,DEF,70,1,6,7.71,0,0,1,0,0,0,0,0,0,0,0,23,15.4,11.3,1.0,2.8,0.01,0.01,0.02,0.87,0.5,a,100.0,50.0,0.0,0.0,0.0,2025-09-13T07:51:26Z
12,Zinchenko,Arsenal,DEF,0,0,0,,0,0,0,0,0,0,0,0,0,0,0,0,0.0,0.0,0.0,0.0,0.0,0.0,0.0,0.0,0.3,n,0.0,,,,,2025-09-13T07:51:26Z
13,Clarke,Arsenal,DEF,0,0,0,,0,0,0,0,0,0,0,0,0,0,0,0,0.0,0.0,0.0,0.0,0.0,0.0,0.0,0.0,0.5,a,,,,,,2025-09-13T07:51:26Z
14,Kacurri,Arsenal,DEF,0,0,0,,0,0,0,0,0,0,0,0,0,0,0,0,0.0,0.0,0.0,0.0,0.0,0.0,0.0,0.0,0.2,a,,,,,,2025-09-13T07:51:26Z
15,Nichols,Arsenal,DEF,0,0,0,,0,0,0,0,0,0,0,0,0,0,0,0,0.0,0.0,0.0,0.0,0.0,0.0,0.0,0.0,0.2,a,,,,,,2025-09-13T07:51:26Z
16,Saka,Arsenal,MID,142,2,9,5.7,1,0,1,0,0,0,0,0,0,0,0,34,52.4,46.8,28.0,12.7,0.26,0.12,0.38,1.69,4.6,i,0.0,0.0,0.634,0.0,0.0,2025-09-13T07:51:26Z
17,Ødegaard,Arsenal,MID,127,2,6,4.25,0,0,1,0,0,0,0,0,0,0,0,21,19.400000000000002,24.700000000000003,20.0,6.4,0.14,0.33999999999999997,0.48,1.69,2.7,a,100.0,50.0,0.0,0.0,0.0,2025-09-13T07:51:26Z
18,Madueke,Arsenal,MID,93,2,4,3.87,0,0,1,0,0,0,0,0,0,0,0,12,7.199999999999999,37.599999999999994,12.0,5.699999999999999,0.0,0.11,0.11,0.99,1.5,a,,,0.0,0.0,0.0,2025-09-13T07:51:26Z
19,Martinelli,Arsenal,MID,59,1,1,1.53,0,0,0,0,0,0,0,0,0,0,0,8,6.2,10.3,21.0,3.8,0.02,0.01,0.03,0.7,1.1,a,,,0.0,0.0,0.0,2025-09-13T07:51:26Z
20,Trossard,Arsenal,MID,37,1,1,2.43,0,0,0,0,0,0,0,0,0,0,0,4,5.4,21.5,4.0,3.1,0.07,0.03,0.1,0.0,0.3,a,100.0,75.0,0.0,0.0,0.0,2025-09-13T07:51:26Z
21,Rice,Arsenal,MID,172,2,12,6.28,0,2,2,0,0,0,0,0,0,0,0,40,27.8,51.3,10.0,8.9,0.13,0.55,0.68,1.21,9.2,a,,,0.0,1.047,0.0,2025-09-13T07:51:26Z
22,Merino,Arsenal,MID,7,1,1,12.86,0,0,0,0,0,0,0,0,0,0,0,2,1.2,0.0,0.0,0.1,0.0,0.0,0.0,0.49,0.5,a,,,0.0,0.0,0.0,2025-09-13T07:51:26Z
23,Fábio Vieira,Arsenal,MID,0,0,0,,0,0,0,0,0,0,0,0,0,0,0,0,0.0,0.0,0.0,0.0,0.0,0.0,0.0,0.0,0.0,u,0.0,,,,,2025-09-13T07:51:26Z
24,Nørgaard,Arsenal,MID,0,0,0,,0,0,0,0,0,0,0,0,0,0,0,0,0.0,0.0,0.0,0.0,0.0,0.0,0.0,0.0,0.2,a,100.0,50.0,,,,2025-09-13T07:51:26Z
25,Nwaneri,Arsenal,MID,52,1,1,1.73,0,0,0,0,0,0,0,0,0,0,0,3,5.6,1.8,5.0,1.2,0.02,0.01,0.03,0.0,0.2,a,,,0.0,0.0,0.0,2025-09-13T07:51:26Z
26,Zubimendi,Arsenal,MID,180,2,8,4.0,0,0,2,0,0,0,0,0,0,0,0,27,22.4,8.8,3.0,3.4,0.02,0.03,0.05,1.69,1.8,a,,,0.0,0.0,0.0,2025-09-13T07:51:26Z
27,Nelson,Arsenal,MID,0,0,0,,0,0,0,0,0,0,0,0,0,0,0,0,0.0,0.0,0.0,0.0,0.0,0.0,0.0,0.0,0.1,a,,,,,,2025-09-13T07:51:26Z
28,Kabia,Arsenal,MID,0,0,0,,0,0,0,0,0,0,0,0,0,0,0,0,0.0,0.0,0.0,0.0,0.0,0.0,0.0,0.0,0.2,u,0.0,,,,,2025-09-13T07:51:26Z
29,Sambi,Arsenal,MID,0,0,0,,0,0,0,0,0,0,0,0,0,0,0,0,0.0,0.0,0.0,0.0,0.0,0.0,0.0,0.0,0.1,u,0.0,,,,,2025-09-13T07:51:26Z
30,Havertz,Arsenal,FWD,30,1,1,3.0,0,0,0,0,0,0,0,0,0,0,0,4,2.8,0.8,2.0,0.6,0.0,0.01,0.01,0.82,0.4,i,0.0,0.0,0.0,0.0,0.0,2025-09-13T07:51:26Z
31,G.Jesus,Arsenal,FWD,0,0,0,,0,0,0,0,0,0,0,0,0,0,0,0,0.0,0.0,0.0,0.0,0.0,0.0,0.0,0.0,0.0,i,0.0,0.0,,,,2025-09-13T07:51:26Z
32,Martinez,Aston Villa,GK,90,1,2,2.0,0,0,0,1,0,1,0,0,0,0,0,15,12.8,0.0,0.0,1.3,0.0,0.01,0.01,1.21,1.7,a,100.0,100.0,0.0,0.0,1.0,2025-09-13T07:51:26Z
33,M.Bizot,Aston Villa,GK,90,1,7,7.0,0,0,1,0,0,3,0,0,0,0,0,29,19.6,0.0,0.0,2.0,0.0,0.0,0.0,1.43,0.8,a,,,0.0,0.0,3.0,2025-09-13T07:51:26Z
34,Gauci,Aston Villa,GK,0,0,0,,0,0,0,0,0,0,0,0,0,0,0,0,0.0,0.0,0.0,0.0,0.0,0.0,0.0,0.0,0.2,u,0.0,0.0,,,,2025-09-13T07:51:26Z
35,Marschall,Aston Villa,GK,0,0,0,,0,0,0,0,0,0,0,0,0,0,0,0,0.0,0.0,0.0,0.0,0.0,0.0,0.0,0.0,0.0,u,0.0,0.0,,,,2025-09-13T07:51:26Z
36,Cash,Aston Villa,DEF,180,2,10,5.0,0,0,1,1,0,0,0,0,0,0,0,43,58.0,26.5,6.0,9.1,0.0,0.23,0.23,2.6399999999999997,4.8,a,,,0.0,0.0,0.0,2025-09-13T07:51:26Z
37,Digne,Aston Villa,DEF,153,2,8,4.71,0,0,1,1,0,0,0,0,0,0,0,30,18.4,14.2,6.0,3.8,0.0,0.17,0.17,2.54,2.0,a,,,0.0,0.0,0.0,2025-09-13T07:51:26Z
38,Konsa,Aston Villa,DEF,65,1,3,4.15,0,0,1,0,0,0,0,0,0,1,0,15,1.8,1.1,0.0,0.3,0.0,0.01,0.01,1.11,12.9,a,100.0,100.0,0.0,0.0,0.0,2025-09-13T07:51:26Z
39,Maatsen,Aston Villa,DEF,26,1,1,3.46,0,0,0,0,0,0,0,0,0,0,0,10,10.6,15.4,2.0,2.8,0.02,0.06,0.08,0.11,0.6,a,,,0.0,0.0,0.0,2025-09-13T07:51:26Z
40,Mings,Aston Villa,DEF,180,2,8,4.0,0,0,1,1,0,0,0,0,0,0,0,37,30.6,16.0,15.0,6.2,0.11,0.03,0.14,2.6399999999999997,1.3,a,,,0.0,0.0,0.0,2025-09-13T07:51:26Z
41,Pau,Aston Villa,DEF,90,1,2,2.0,0,0,0,1,0,0,0,0,0,0,0,8,17.0,5.8,9.0,3.2,0.07,0.13,0.2,1.21,0.4,a,,,0.0,0.0,0.0,2025-09-13T07:51:26Z
42,A.García,Aston Villa,DEF,0,0,0,,0,0,0,0,0,0,0,0,0,0,0,0,0.0,0.0,0.0,0.0,0.0,0.0,0.0,0.0,0.2,i,0.0,25.0,,,,2025-09-13T07:51:26Z
43,Alex Moreno,Aston Villa,DEF,0,0,0,,0,0,0,0,0,0,0,0,0,0,0,0,0.0,0.0,0.0,0.0,0.0,0.0,0.0,0.0,5.0,u,0.0,0.0,,,,2025-09-13T07:51:26Z
44,Bogarde,Aston Villa,DEF,16,1,0,0.0,0,0,0,0,0,0,0,0,1,0,0,-3,0.0,2.3,2.0,0.3,0.0,0.03,0.03,0.11,0.3,a,,,0.0,0.0,0.0,2025-09-13T07:51:26Z
45,Sousa,Aston Villa,DEF,0,0,0,,0,0,0,0,0,0,0,0,0,0,0,0,0.0,0.0,0.0,0.0,0.0,0.0,0.0,0.0,0.3,a,,,,,,2025-09-13T07:51:26Z
46,Yasin,Aston Villa,DEF,0,0,0,,0,0,0,0,0,0,0,0,0,0,0,0,0.0,0.0,0.0,0.0,0.0,0.0,0.0,0.0,0.2,a,,,,,,2025-09-13T07:51:26Z
47,Rogers,Aston Villa,MID,180,2,5,2.5,0,0,1,1,0,0,0,0,0,0,0,10,11.600000000000001,41.400000000000006,21.0,7.4,0.1,0.16999999999999998,0.27,2.6399999999999997,8.0,a,100.0,100.0,0.0,0.0,0.0,2025-09-13T07:51:26Z
48,Tielemans,Aston Villa,MID,180,2,5,2.5,0,0,1,1,0,0,0,0,0,0,0,18,15.2,51.9,12.0,7.9,0.04,0.3,0.34,2.6399999999999997,1.7,a,,,0.0,0.0,0.0,2025-09-13T07:51:26Z
49,Bailey,Aston Villa,MID,0,0,0,,0,0,0,0,0,0,0,0,0,0,0,0,0.0,0.0,0.0,0.0,0.0,0.0,0.0,0.0,0.1,u,0.0,0.0,,,,2025-09-13T07:51:26Z
50,Buendía,Aston Villa,MID,58,1,1,1.55,0,0,0,0,0,0,0,0,0,0,0,1,0.8,12.2,9.0,2.2,0.2,0.2,0.4,0.28,0.1,a,,,0.0,0.0,0.0,2025-09-13T07:51:26Z
51,Iling Jr,Aston Villa,MID,0,0,0,,0,0,0,0,0,0,0,0,0,0,0,0,0.0,0.0,0.0,0.0,0.0,0.0,0.0,0.0,0.0,a,,,,,,2025-09-13T07:51:26Z
52,J.Ramsey,Newcastle,MID,14,1,1,6.43,0,0,0,1,0,0,0,0,0,0,0,5,4.2,11.0,0.0,1.5,0.0,0.02,0.02,0.37,0.4,i,0.0,,0.0,0.0,0.0,2025-09-13T07:51:26Z
53,Malen,Aston Villa,MID,32,2,2,5.62,0,0,0,0,0,0,0,0,0,0,0,7,3.4,2.8,19.0,2.5,0.03,0.02,0.05,0.21000000000000002,0.8,a,,,0.0,0.0,0.0,2025-09-13T07:51:26Z
54,McGinn,Aston Villa,MID,156,2,5,2.88,0,0,1,1,0,0,0,0,0,0,0,24,22.6,50.400000000000006,21.0,9.4,0.05,0.21,0.26,2.4400000000000004,0.6,a,,,0.0,0.0,0.0,2025-09-13T07:51:26Z
55,Barkley,Aston Villa,MID,0,0,0,,0,0,0,0,0,0,0,0,0,0,0,0,0.0,0.0,0.0,0.0,0.0,0.0,0.0,0.0,0.0,i,0.0,25.0,,,,2025-09-13T07:51:26Z
56,Barrenechea,Aston Villa,MID,0,0,0,,0,0,0,0,0,0,0,0,0,0,0,0,0.0,0.0,0.0,0.0,0.0,0.0,0.0,0.0,0.0,u,0.0,0.0,,,,2025-09-13T07:51:26Z
57,Dobbin,Aston Villa,MID,0,0,0,,0,0,0,0,0,0,0,0,0,0,0,0,0.0,0.0,0.0,0.0,0.0,0.0,0.0,0.0,0.0,u,0.0,0.0,,,,2025-09-13T07:51:26Z
58,Kamara,Aston Villa,MID,105,2,3,2.57,0,0,1,1,0,0,0,0,1,0,0,18,15.4,3.0,19.0,3.6999999999999997,0.05,0.03,0.08,2.26,0.1,i,0.0,50.0,0.0,0.0,0.0,2025-09-13T07:51:26Z
59,Onana,Aston Villa,MID,153,2,6,3.53,0,0,1,1,0,0,0,0,1,0,0,29,34.0,6.2,16.0,5.6,0.23,0.05,0.28,2.54,1.1,i,0.0,50.0,0.0,0.0,0.0,2025-09-13T07:51:26Z
60,Broggio,Aston Villa,MID,0,0,0,,0,0,0,0,0,0,0,0,0,0,0,0,0.0,0.0,0.0,0.0,0.0,0.0,0.0,0.0,0.3,a,,,,,,2025-09-13T07:51:26Z
61,Dendoncker,Aston Villa,MID,0,0,0,,0,0,0,0,0,0,0,0,0,0,0,0,0.0,0.0,0.0,0.0,0.0,0.0,0.0,0.0,0.2,u,0.0,0.0,,,,2025-09-13T07:51:26Z
62,Jimoh-Aloba,Aston Villa,MID,0,0,0,,0,0,0,0,0,0,0,0,0,0,0,0,0.0,0.0,0.0,0.0,0.0,0.0,0.0,0.0,0.1,a,,,,,,2025-09-13T07:51:26Z
63,Young,Aston Villa,MID,0,0,0,,0,0,0,0,0,0,0,0,0,0,0,0,0.0,0.0,0.0,0.0,0.0,0.0,0.0,0.0,0.6,a,,,,,,2025-09-13T07:51:26Z
64,Watkins,Aston Villa,FWD,180,2,4,2.0,0,0,1,1,0,0,0,0,0,0,0,18,12.4,26.299999999999997,49.0,8.8,0.49,0.09,0.5800000000000001,2.6399999999999997,15.9,a,,,0.0,0.0,0.0,2025-09-13T07:51:26Z
65,Redmond,Aston Villa,FWD,0,0,0,,0,0,0,0,0,0,0,0,0,0,0,0,0.0,0.0,0.0,0.0,0.0,0.0,0.0,0.0,0.6,u,0.0,,,,,2025-09-13T07:51:26Z
66,Neto,Bournemouth,GK,0,0,0,,0,0,0,0,0,0,0,0,0,0,0,0,0.0,0.0,0.0,0.0,0.0,0.0,0.0,0.0,0.1,u,0.0,0.0,,,,2025-09-13T07:51:26Z
67,Petrović,Bournemouth,GK,180,2,8,4.0,0,0,1,4,0,7,0,0,0,0,0,33,59.199999999999996,0.0,0.0,5.9,0.0,0.0,0.0,2.67,4.4,a,,,0.0,0.0,3.5,2025-09-13T07:51:26Z
68,Dennis,Bournemouth,GK,0,0,0,,0,0,0,0,0,0,0,0,0,0,0,0,0.0,0.0,0.0,0.0,0.0,0.0,0.0,0.0,1.1,a,,,,,,2025-09-13T07:51:26Z
69,McKenna,Bournemouth,GK,0,0,0,,0,0,0,0,0,0,0,0,0,0,0,0,0.0,0.0,0.0,0.0,0.0,0.0,0.0,0.0,0.2,a,,,,,,2025-09-13T07:51:26Z
70,Paulsen,Bournemouth,GK,0,0,0,,0,0,0,0,0,0,0,0,0,0,0,0,0.0,0.0,0.0,0.0,0.0,0.0,0.0,0.0,0.1,u,0.0,0.0,,,,2025-09-13T07:51:26Z
71,Zabarnyi,Bournemouth,DEF,0,0,0,,0,0,0,0,0,0,0,0,0,0,0,0,0.0,0.0,0.0,0.0,0.0,0.0,0.0,0.0,0.0,u,0.0,0.0,,,,2025-09-13T07:51:26Z
72,Senesi,Bournemouth,DEF,180,2,11,5.5,0,0,1,4,0,0,0,0,0,0,1,32,51.6,15.5,4.0,7.1,0.0,0.060000000000000005,0.060000000000000005,2.67,7.7,a,,,0.0,0.0,0.0,2025-09-13T07:51:26Z
73,Smith,Bournemouth,DEF,179,2,7,3.52,0,0,1,3,0,0,0,0,0,0,0,26,17.799999999999997,13.9,4.0,3.6,0.0,0.09,0.09,2.56,0.3,i,0.0,,0.0,0.0,0.0,2025-09-13T07:51:26Z
74,Truffert,Bournemouth,DEF,180,2,6,3.0,0,0,1,4,0,0,0,0,0,0,0,27,36.2,38.0,6.0,8.0,0.0,0.17,0.17,2.67,1.2,a,,,0.0,0.0,0.0,2025-09-13T07:51:26Z
75,Akinmboni,Bournemouth,DEF,0,0,0,,0,0,0,0,0,0,0,0,0,0,0,0,0.0,0.0,0.0,0.0,0.0,0.0,0.0,0.0,0.3,a,,,,,,2025-09-13T07:51:26Z
76,Bevan,Bournemouth,DEF,0,0,0,,0,0,0,0,0,0,0,0,0,0,0,0,0.0,0.0,0.0,0.0,0.0,0.0,0.0,0.0,0.2,a,,,,,,2025-09-13T07:51:26Z
77,Hill,Bournemouth,DEF,3,2,2,60.0,0,0,0,1,0,0,0,0,0,0,0,3,3.4,0.30000000000000004,0.0,0.4,0.0,0.0,0.0,0.16999999999999998,0.9,a,,,0.0,0.0,0.0,2025-09-13T07:51:26Z
78,J.Araujo,Bournemouth,DEF,0,0,0,,0,0,0,0,0,0,0,0,0,0,0,0,0.0,0.0,0.0,0.0,0.0,0.0,0.0,0.0,0.9,a,100.0,0.0,,,,2025-09-13T07:51:26Z
79,Mepham,Bournemouth,DEF,0,0,0,,0,0,0,0,0,0,0,0,0,0,0,0,0.0,0.0,0.0,0.0,0.0,0.0,0.0,0.0,0.1,u,0.0,,,,,2025-09-13T07:51:26Z
80,Soler,Bournemouth,DEF,0,0,0,,0,0,0,0,0,0,0,0,0,0,0,0,0.0,0.0,0.0,0.0,0.0,0.0,0.0,0.0,0.3,a,,,,,,2025-09-13T07:51:26Z
81,Kluivert,Bournemouth,MID,12,1,1,7.5,0,0,0,0,0,0,0,0,0,0,0,1,0.0,11.3,7.0,1.8,0.11,0.01,0.12,0.06,0.7,a,100.0,100.0,0.0,0.0,0.0,2025-09-13T07:51:26Z
82,Semenyo,Bournemouth,MID,180,2,21,10.5,2,1,1,4,0,0,0,0,0,0,3,53,86.60000000000001,37.3,77.0,20.1,1.59,0.09000000000000001,1.6800000000000002,2.67,34.7,a,,,1.0,0.5,0.0,2025-09-13T07:51:26Z
83,O.Dango,Brentford,MID,83,1,13,14.1,1,0,1,0,0,0,0,0,0,0,3,33,50.4,3.7,56.0,11.0,0.77,0.02,0.79,1.1,0.9,a,100.0,100.0,1.084,0.0,0.0,2025-09-13T07:51:26Z
84,Tavernier,Bournemouth,MID,167,2,15,8.08,1,0,1,4,0,0,0,0,0,0,3,56,67.4,18.6,61.0,14.7,0.51,0.27,0.78,2.62,1.7,a,,,0.539,0.0,0.0,2025-09-13T07:51:26Z
85,Adams,Bournemouth,MID,177,2,6,3.05,0,0,1,3,0,0,0,0,1,0,0,28,41.8,7.0,11.0,6.0,0.03,0.11,0.14,2.5100000000000002,0.4,a,,,0.0,0.0,0.0,2025-09-13T07:51:26Z
86,Brooks,Bournemouth,MID,149,2,7,4.23,0,1,1,2,0,0,0,0,1,0,0,34,35.4,64.5,33.0,13.3,0.36,0.8600000000000001,1.22,2.31,0.4,a,,,0.0,0.604,0.0,2025-09-13T07:51:26Z
87,Christie,Bournemouth,MID,24,1,1,3.75,0,0,0,0,0,0,0,0,0,0,0,3,4.4,13.1,5.0,2.3,0.06,0.02,0.08,0.06,0.1,a,100.0,100.0,0.0,0.0,0.0,2025-09-13T07:51:26Z
88,Cook,Bournemouth,MID,0,0,0,,0,0,0,0,0,0,0,0,0,0,0,0,0.0,0.0,0.0,0.0,0.0,0.0,0.0,0.0,0.0,d,75.0,0.0,,,,2025-09-13T07:51:26Z
89,Philip,Bournemouth,MID,0,0,0,,0,0,0,0,0,0,0,0,0,0,0,0,0.0,0.0,0.0,0.0,0.0,0.0,0.0,0.0,0.0,u,0.0,0.0,,,,2025-09-13T07:51:26Z
90,Scott,Bournemouth,MID,138,2,4,2.61,0,0,1,2,0,0,0,0,1,0,0,17,9.4,16.0,7.0,3.2,0.05,0.03,0.08,2.22,0.1,a,,,0.0,0.0,0.0,2025-09-13T07:51:26Z
91,Sinisterra,Bournemouth,MID,0,0,0,,0,0,0,0,0,0,0,0,0,0,0,0,0.0,0.0,0.0,0.0,0.0,0.0,0.0,0.0,0.0,u,0.0,0.0,,,,2025-09-13T07:51:26Z
92,Faivre,Bournemouth,MID,0,0,0,,0,0,0,0,0,0,0,0,0,0,0,0,0.0,0.0,0.0,0.0,0.0,0.0,0.0,0.0,0.1,u,0.0,,,,,2025-09-13T07:51:26Z
93,H.Traorè,Bournemouth,MID,16,1,4,22.5,0,1,0,2,0,0,0,0,0,0,0,12,21.2,10.0,0.0,3.1,0.0,0.0,0.0,0.4,0.9,u,0.0,,0.0,5.625,0.0,2025-09-13T07:51:26Z
94,Sadi,Bournemouth,MID,0,0,0,,0,0,0,0,0,0,0,0,0,0,0,0,0.0,0.0,0.0,0.0,0.0,0.0,0.0,0.0,0.1,a,,,,,,2025-09-13T07:51:26Z
95,Silcott-Duberry,Bournemouth,MID,0,0,0,,0,0,0,0,0,0,0,0,0,0,0,0,0.0,0.0,0.0,0.0,0.0,0.0,0.0,0.0,0.1,a,,,,,,2025-09-13T07:51:26Z
96,Winterburn,Bournemouth,MID,6,1,1,15.0,0,0,0,2,0,0,0,0,0,0,0,3,0.0,0.0,0.0,0.0,0.0,0.0,0.0,0.31,0.1,u,0.0,,0.0,0.0,0.0,2025-09-13T07:51:26Z
97,Evanilson,Bournemouth,FWD,177,2,3,1.53,0,0,1,4,0,0,0,0,1,0,0,12,6.4,46.1,21.0,7.199999999999999,0.29,0.02,0.31,2.62,2.5,a,,,0.0,0.0,0.0,2025-09-13T07:51:26Z
98,Enes Ünal,Bournemouth,FWD,0,0,0,,0,0,0,0,0,0,0,0,0,0,0,0,0.0,0.0,0.0,0.0,0.0,0.0,0.0,0.0,0.0,i,0.0,0.0,,,,2025-09-13T07:51:26Z
99,Adu-Adjei,Bournemouth,FWD,0,0,0,,0,0,0,0,0,0,0,0,0,0,0,0,0.0,0.0,0.0,0.0,0.0,0.0,0.0,0.0,0.3,a,,,,,,2025-09-13T07:51:26Z
100,Kroupi.Jr,Bournemouth,FWD,3,2,2,60.0,0,0,0,1,0,0,0,0,0,0,0,5,0.0,0.0,2.0,0.2,0.0,0.0,0.0,0.16999999999999998,1.3,a,,,0.0,0.0,0.0,2025-09-13T07:51:26Z
101,Kelleher,Brentford,GK,180,2,6,3.0,0,0,1,3,0,4,0,0,1,0,0,25,21.8,0.0,0.0,2.2,0.0,0.01,0.01,3.05,9.3,a,100.0,100.0,0.0,0.0,2.0,2025-09-13T07:51:26Z
102,Balcombe,Brentford,GK,0,0,0,,0,0,0,0,0,0,0,0,0,0,0,0,0.0,0.0,0.0,0.0,0.0,0.0,0.0,0.0,0.3,a,,,,,,2025-09-13T07:51:26Z
103,Cox,Brentford,GK,0,0,0,,0,0,0,0,0,0,0,0,0,0,0,0,0.0,0.0,0.0,0.0,0.0,0.0,0.0,0.0,0.1,a,,,,,,2025-09-13T07:51:26Z
104,Eyestone,Brentford,GK,0,0,0,,0,0,0,0,0,0,0,0,0,0,0,0,0.0,0.0,0.0,0.0,0.0,0.0,0.0,0.0,0.1,a,,,,,,2025-09-13T07:51:26Z
105,Valdimarsson,Brentford,GK,0,0,0,,0,0,0,0,0,0,0,0,0,0,0,0,0.0,0.0,0.0,0.0,0.0,0.0,0.0,0.0,0.8,a,,,,,,2025-09-13T07:51:26Z
106,Collins,Brentford,DEF,180,2,9,4.5,0,0,1,3,0,0,0,0,1,0,1,25,30.6,0.5,11.0,4.2,0.02,0.01,0.03,3.05,1.5,a,,,0.0,0.0,0.0,2025-09-13T07:51:26Z
107,Lewis-Potter,Brentford,DEF,158,2,7,3.99,0,0,1,3,0,0,0,0,0,0,0,16,13.4,5.3,9.0,2.8,0.12,0.0,0.12,3.05,0.4,a,,,0.0,0.0,0.0,2025-09-13T07:51:26Z
108,Ajer,Brentford,DEF,5,1,1,18.0,0,0,0,0,0,0,0,0,0,0,0,3,1.4,0.1,0.0,0.2,0.0,0.0,0.0,0.1,0.2,a,,,0.0,0.0,0.0,2025-09-13T07:51:26Z
109,Henry,Brentford,DEF,93,2,2,1.94,0,0,0,3,0,0,0,0,0,0,0,4,10.6,11.5,6.0,2.8000000000000003,0.0,0.04,0.04,1.9600000000000002,0.1,a,,,0.0,0.0,0.0,2025-09-13T07:51:26Z
110,Kayode,Brentford,DEF,174,2,11,5.69,0,0,1,3,0,0,0,0,0,0,2,30,50.2,21.0,2.0,7.3,0.0,0.09,0.09,2.96,0.4,a,,,0.0,0.0,0.0,2025-09-13T07:51:26Z
111,Pinnock,Brentford,DEF,0,0,0,,0,0,0,0,0,0,0,0,0,0,0,0,0.0,0.0,0.0,0.0,0.0,0.0,0.0,0.0,0.1,a,100.0,100.0,,,,2025-09-13T07:51:26Z
112,Roerslev,Brentford,DEF,0,0,0,,0,0,0,0,0,0,0,0,0,0,0,0,0.0,0.0,0.0,0.0,0.0,0.0,0.0,0.0,0.0,u,0.0,0.0,,,,2025-09-13T07:51:26Z
113,Van den Berg,Brentford,DEF,180,2,11,5.5,0,0,1,3,0,0,0,0,0,0,0,29,62.4,0.8999999999999999,24.0,8.7,0.21,0.0,0.21,3.05,0.7,a,,,0.0,0.0,0.0,2025-09-13T07:51:26Z
114,Arthur,Brentford,DEF,0,0,0,,0,0,0,0,0,0,0,0,0,0,0,0,0.0,0.0,0.0,0.0,0.0,0.0,0.0,0.0,0.3,a,,,,,,2025-09-13T07:51:26Z
115,Fredrick,Brentford,DEF,0,0,0,,0,0,0,0,0,0,0,0,0,0,0,0,0.0,0.0,0.0,0.0,0.0,0.0,0.0,0.0,0.2,a,,,,,,2025-09-13T07:51:26Z
116,Hickey,Brentford,DEF,13,2,1,6.92,0,0,0,0,0,0,0,0,1,0,0,6,6.0,0.1,0.0,0.6000000000000001,0.0,0.0,0.0,0.24,0.4,a,,,0.0,0.0,0.0,2025-09-13T07:51:26Z
117,Ji-soo,Brentford,DEF,0,0,0,,0,0,0,0,0,0,0,0,0,0,0,0,0.0,0.0,0.0,0.0,0.0,0.0,0.0,0.0,0.1,a,,,,,,2025-09-13T07:51:26Z
118,Meghoma,Brentford,DEF,0,0,0,,0,0,0,0,0,0,0,0,0,0,0,0,0.0,0.0,0.0,0.0,0.0,0.0,0.0,0.0,0.1,u,0.0,0.0,,,,2025-09-13T07:51:26Z
119,Mbeumo,Man Utd,MID,180,2,4,2.0,0,0,0,2,0,0,0,0,0,0,0,25,16.8,65.1,57.0,13.899999999999999,0.42,0.36,0.78,3.0700000000000003,16.2,a,,,0.0,0.0,0.0,2025-09-13T07:51:26Z
120,Schade,Brentford,MID,123,2,4,2.93,0,0,1,0,0,0,0,0,0,0,0,14,21.0,18.2,15.0,5.5,0.1,0.06,0.16,1.3199999999999998,0.3,a,100.0,100.0,0.0,0.0,0.0,2025-09-13T07:51:26Z
121,Damsgaard,Brentford,MID,90,1,5,5.0,0,0,1,0,0,0,0,0,0,0,0,18,27.8,43.2,14.0,8.5,0.06,0.24,0.3,1.19,0.8,a,,,0.0,0.0,0.0,2025-09-13T07:51:26Z
122,Milambo,Brentford,MID,45,1,1,2.0,0,0,0,3,0,0,0,0,0,0,0,5,4.0,1.8,0.0,0.6,0.0,0.01,0.01,1.49,0.0,a,,,0.0,0.0,0.0,2025-09-13T07:51:26Z
123,Carvalho,Brentford,MID,90,1,2,2.0,0,0,0,3,0,0,0,0,0,0,0,7,5.4,5.0,3.0,1.3,0.03,0.03,0.06,1.86,0.2,a,,,0.0,0.0,0.0,2025-09-13T07:51:26Z
124,Henderson,Brentford,MID,89,2,4,4.04,0,0,1,0,0,0,0,0,0,0,0,10,9.8,3.4,5.0,1.8,0.03,0.0,0.03,0.88,0.3,a,,,0.0,0.0,0.0,2025-09-13T07:51:26Z
125,Janelt,Brentford,MID,0,0,0,,0,0,0,0,0,0,0,0,0,0,0,0,0.0,0.0,0.0,0.0,0.0,0.0,0.0,0.0,0.0,a,100.0,25.0,,,,2025-09-13T07:51:26Z
126,Jensen,Brentford,MID,79,2,3,3.42,0,0,0,3,0,0,0,0,0,0,0,15,12.4,25.7,8.0,4.6000000000000005,0.13,0.04,0.17,2.1,0.1,a,,,0.0,0.0,0.0,2025-09-13T07:51:26Z
127,Nunes,Brentford,MID,0,0,0,,0,0,0,0,0,0,0,0,0,0,0,0,0.0,0.0,0.0,0.0,0.0,0.0,0.0,0.0,0.0,i,0.0,0.0,,,,2025-09-13T07:51:26Z
128,Onyeka,Brentford,MID,42,2,5,10.71,0,1,0,0,0,0,0,0,0,0,0,15,3.4,0.30000000000000004,2.0,0.5,0.0,0.0,0.0,0.31,0.1,a,,,0.0,2.143,0.0,2025-09-13T07:51:26Z
129,Yarmoliuk,Brentford,MID,168,2,7,3.75,0,0,1,3,0,0,0,0,0,0,0,25,22.0,16.200000000000003,8.0,4.6,0.11,0.02,0.13,2.81,0.1,a,,,0.0,0.0,0.0,2025-09-13T07:51:26Z
130,Donovan,Brentford,MID,0,0,0,,0,0,0,0,0,0,0,0,0,0,0,0,0.0,0.0,0.0,0.0,0.0,0.0,0.0,0.0,0.1,a,,,,,,2025-09-13T07:51:26Z
131,Konak,Brentford,MID,0,0,0,,0,0,0,0,0,0,0,0,0,0,0,0,0.0,0.0,0.0,0.0,0.0,0.0,0.0,0.0,0.2,a,,,,,,2025-09-13T07:51:26Z
132,Maghoma,Brentford,MID,0,0,0,,0,0,0,0,0,0,0,0,0,0,0,0,0.0,0.0,0.0,0.0,0.0,0.0,0.0,0.0,0.0,d,25.0,25.0,,,,2025-09-13T07:51:26Z
133,Peart-Harris,Brentford,MID,0,0,0,,0,0,0,0,0,0,0,0,0,0,0,0,0.0,0.0,0.0,0.0,0.0,0.0,0.0,0.0,0.0,a,,,,,,2025-09-13T07:51:26Z
134,Trevitt,Brentford,MID,0,0,0,,0,0,0,0,0,0,0,0,0,0,0,0,0.0,0.0,0.0,0.0,0.0,0.0,0.0,0.0,0.0,u,0.0,0.0,,,,2025-09-13T07:51:26Z
135,Wissa,Brentford,FWD,0,0,0,,0,0,0,0,0,0,0,0,0,0,0,0,0.0,0.0,0.0,0.0,0.0,0.0,0.0,0.0,1.2,i,0.0,0.0,,,,2025-09-13T07:51:26Z
136,Thiago,Brentford,FWD,180,2,8,4.0,1,0,1,3,0,0,0,0,0,0,0,21,41.0,27.0,39.0,10.7,1.1300000000000001,0.02,1.1500000000000001,3.05,1.6,a,,,0.5,0.0,0.0,2025-09-13T07:51:26Z
137,Morgan,Brentford,FWD,0,0,0,,0,0,0,0,0,0,0,0,0,0,0,0,0.0,0.0,0.0,0.0,0.0,0.0,0.0,0.0,0.4,a,,,,,,2025-09-13T07:51:26Z
138,Steele,Brighton,GK,0,0,0,,0,0,0,0,0,0,0,0,0,0,0,0,0.0,0.0,0.0,0.0,0.0,0.0,0.0,0.0,0.4,a,,,,,,2025-09-13T07:51:26Z
139,Verbruggen,Brighton,GK,180,2,3,1.5,0,0,0,3,0,2,0,0,0,0,0,14,24.6,10.0,0.0,3.4,0.0,0.0,0.0,2.3600000000000003,5.7,a,,,0.0,0.0,1.0,2025-09-13T07:51:26Z
140,McGill,Brighton,GK,0,0,0,,0,0,0,0,0,0,0,0,0,0,0,0,0.0,0.0,0.0,0.0,0.0,0.0,0.0,0.0,0.4,a,,,,,,2025-09-13T07:51:26Z
141,Rushworth,Brighton,GK,0,0,0,,0,0,0,0,0,0,0,0,0,0,0,0,0.0,0.0,0.0,0.0,0.0,0.0,0.0,0.0,0.0,u,0.0,0.0,,,,2025-09-13T07:51:26Z
142,Scherpen,Brighton,GK,0,0,0,,0,0,0,0,0,0,0,0,0,0,0,0,0.0,0.0,0.0,0.0,0.0,0.0,0.0,0.0,0.0,u,0.0,0.0,,,,2025-09-13T07:51:26Z
143,Boscagli,Brighton,DEF,0,0,0,,0,0,0,0,0,0,0,0,0,0,0,0,0.0,0.0,0.0,0.0,0.0,0.0,0.0,0.0,0.1,a,,,,,,2025-09-13T07:51:26Z
144,Coppola,Brighton,DEF,0,0,0,,0,0,0,0,0,0,0,0,0,0,0,0,0.0,0.0,0.0,0.0,0.0,0.0,0.0,0.0,0.1,a,,,,,,2025-09-13T07:51:26Z
145,De Cuyper,Brighton,DEF,156,2,2,1.15,0,0,0,3,0,0,0,0,1,0,0,10,19.8,27.7,8.0,5.6,0.0,0.11,0.11,1.96,4.0,a,,,0.0,0.0,0.0,2025-09-13T07:51:26Z
146,Dunk,Brighton,DEF,180,2,3,1.5,0,0,0,3,0,0,0,0,0,0,0,27,32.6,2.4,7.0,4.2,0.09,0.0,0.09,2.3600000000000003,1.2,a,,,0.0,0.0,0.0,2025-09-13T07:51:26Z
147,Estupiñan,Brighton,DEF,0,0,0,,0,0,0,0,0,0,0,0,0,0,0,0,0.0,0.0,0.0,0.0,0.0,0.0,0.0,0.0,0.0,u,0.0,0.0,,,,2025-09-13T07:51:26Z
148,F.Kadıoğlu,Brighton,DEF,44,2,0,0.0,0,0,0,1,0,0,0,0,2,0,0,-6,0.0,3.5,0.0,0.30000000000000004,0.0,0.0,0.0,0.64,0.1,a,,,0.0,0.0,0.0,2025-09-13T07:51:26Z
149,Igor,Brighton,DEF,0,0,0,,0,0,0,0,0,0,0,0,0,0,0,0,0.0,0.0,0.0,0.0,0.0,0.0,0.0,0.0,0.1,a,100.0,100.0,,,,2025-09-13T07:51:26Z
150,Lamptey,Brighton,DEF,0,0,0,,0,0,0,0,0,0,0,0,0,0,0,0,0.0,0.0,0.0,0.0,0.0,0.0,0.0,0.0,0.2,u,0.0,,,,,2025-09-13T07:51:26Z
151,Van Hecke,Brighton,DEF,180,2,3,1.5,0,0,0,3,0,0,0,0,0,0,0,20,46.6,2.2,4.0,5.3,0.01,0.14,0.15,2.3600000000000003,0.9,a,,,0.0,0.0,0.0,2025-09-13T07:51:26Z
152,Veltman,Brighton,DEF,0,0,0,,0,0,0,0,0,0,0,0,0,0,0,0,0.0,0.0,0.0,0.0,0.0,0.0,0.0,0.0,0.2,a,,,,,,2025-09-13T07:51:26Z
153,Webster,Brighton,DEF,0,0,0,,0,0,0,0,0,0,0,0,0,0,0,0,0.0,0.0,0.0,0.0,0.0,0.0,0.0,0.0,0.0,i,0.0,0.0,,,,2025-09-13T07:51:26Z
154,Cashin,Brighton,DEF,0,0,0,,0,0,0,0,0,0,0,0,0,0,0,0,0.0,0.0,0.0,0.0,0.0,0.0,0.0,0.0,0.0,u,0.0,0.0,,,,2025-09-13T07:51:26Z
155,Slater,Brighton,DEF,0,0,0,,0,0,0,0,0,0,0,0,0,0,0,0,0.0,0.0,0.0,0.0,0.0,0.0,0.0,0.0,0.2,a,,,,,,2025-09-13T07:51:26Z
156,Tasker,Brighton,DEF,0,0,0,,0,0,0,0,0,0,0,0,0,0,0,0,0.0,0.0,0.0,0.0,0.0,0.0,0.0,0.0,0.1,a,,,,,,2025-09-13T07:51:26Z
157,Mitoma,Brighton,MID,172,2,4,2.09,0,0,1,2,0,0,0,0,1,0,0,6,12.0,45.199999999999996,18.0,7.1,0.22,0.13,0.35,2.12,4.7,a,,,0.0,0.0,0.0,2025-09-13T07:51:26Z
158,Georginio,Brighton,MID,68,1,6,7.94,0,1,1,0,0,0,0,0,0,0,0,15,2.2,1.2,15.0,1.8,0.07,0.0,0.07,0.52,0.7,a,100.0,75.0,0.0,1.324,0.0,2025-09-13T07:51:26Z
159,March,Brighton,MID,0,0,0,,0,0,0,0,0,0,0,0,0,0,0,0,0.0,0.0,0.0,0.0,0.0,0.0,0.0,0.0,0.0,i,0.0,0.0,,,,2025-09-13T07:51:26Z
160,Minteh,Brighton,MID,158,2,5,2.85,0,0,1,2,0,0,0,0,0,0,0,21,16.599999999999998,45.3,41.0,10.3,0.16999999999999998,0.5700000000000001,0.74,2.12,0.8,a,,,0.0,0.0,0.0,2025-09-13T07:51:26Z
161,Enciso,Brighton,MID,0,0,0,,0,0,0,0,0,0,0,0,0,0,0,0,0.0,0.0,0.0,0.0,0.0,0.0,0.0,0.0,0.0,u,0.0,0.0,,,,2025-09-13T07:51:26Z
162,Gruda,Brighton,MID,12,2,2,15.0,0,0,0,1,0,0,0,0,0,0,0,0,0.2,0.3,10.0,1.0,0.37,0.0,0.37,0.63,0.1,a,,,0.0,0.0,0.0,2025-09-13T07:51:26Z
163,Hinshelwood,Brighton,MID,45,1,1,2.0,0,0,0,1,0,0,0,0,0,0,0,9,4.6,1.2,0.0,0.6,0.0,0.01,0.01,0.67,0.1,a,,,0.0,0.0,0.0,2025-09-13T07:51:26Z
164,O'Riley,Brighton,MID,177,2,12,6.1,1,0,1,2,0,0,0,0,0,0,2,36,60.8,66.6,63.0,19.0,1.21,0.17,1.3800000000000001,2.12,1.0,u,0.0,,0.508,0.0,0.0,2025-09-13T07:51:26Z
165,Sima,Brighton,MID,0,0,0,,0,0,0,0,0,0,0,0,0,0,0,0,0.0,0.0,0.0,0.0,0.0,0.0,0.0,0.0,0.0,u,0.0,,,,,2025-09-13T07:51:26Z
166,Ayari,Brighton,MID,156,2,5,2.88,0,0,0,3,0,0,0,0,0,0,1,30,17.8,7.1,20.0,4.5,0.15,0.13999999999999999,0.29000000000000004,1.96,0.2,a,,,0.0,0.0,0.0,2025-09-13T07:51:26Z
167,Baleba,Brighton,MID,113,2,4,3.19,0,0,1,1,0,0,0,0,0,0,0,13,4.4,22.700000000000003,1.0,2.8,0.02,0.01,0.03,1.44,3.3,a,,,0.0,0.0,0.0,2025-09-13T07:51:26Z
168,Buonanotte,Brighton,MID,0,0,0,,0,0,0,0,0,0,0,0,0,0,0,0,0.0,0.0,0.0,0.0,0.0,0.0,0.0,0.0,0.1,a,,,,,,2025-09-13T07:51:26Z
169,Gomez,Brighton,MID,44,2,1,2.05,0,0,0,1,0,0,0,0,1,0,0,10,14.6,13.3,7.0,3.5,0.03,0.04,0.06999999999999999,0.64,0.1,a,,,0.0,0.0,0.0,2025-09-13T07:51:26Z
170,Milner,Brighton,MID,2,1,1,45.0,0,0,0,1,0,0,0,0,0,0,0,3,0.0,0.1,0.0,0.0,0.0,0.0,0.0,0.24,0.1,a,,,0.0,0.0,0.0,2025-09-13T07:51:26Z
171,Sarmiento,Brighton,MID,0,0,0,,0,0,0,0,0,0,0,0,0,0,0,0,0.0,0.0,0.0,0.0,0.0,0.0,0.0,0.0,0.0,u,0.0,,,,,2025-09-13T07:51:26Z
172,Watson,Brighton,MID,0,0,0,,0,0,0,0,0,0,0,0,0,0,0,0,0.0,0.0,0.0,0.0,0.0,0.0,0.0,0.0,0.0,a,100.0,100.0,,,,2025-09-13T07:51:26Z
173,Wieffer,Brighton,MID,174,2,7,3.62,0,0,0,3,0,0,0,0,1,0,0,30,44.8,5.199999999999999,21.0,7.1000000000000005,0.02,0.04,0.06,1.97,0.1,a,100.0,,0.0,0.0,0.0,2025-09-13T07:51:26Z
174,Yalcouye,Brighton,MID,0,0,0,,0,0,0,0,0,0,0,0,0,0,0,0,0.0,0.0,0.0,0.0,0.0,0.0,0.0,0.0,0.0,u,0.0,0.0,,,,2025-09-13T07:51:26Z
175,Knight,Brighton,MID,0,0,0,,0,0,0,0,0,0,0,0,0,0,0,0,0.0,0.0,0.0,0.0,0.0,0.0,0.0,0.0,0.1,a,,,,,,2025-09-13T07:51:26Z
176,Mazilu,Brighton,MID,0,0,0,,0,0,0,0,0,0,0,0,0,0,0,0,0.0,0.0,0.0,0.0,0.0,0.0,0.0,0.0,0.0,a,,,,,,2025-09-13T07:51:26Z
177,Moran,Brighton,MID,0,0,0,,0,0,0,0,0,0,0,0,0,0,0,0,0.0,0.0,0.0,0.0,0.0,0.0,0.0,0.0,0.0,u,0.0,0.0,,,,2025-09-13T07:51:26Z
178,Welbeck,Brighton,FWD,111,2,1,0.81,0,0,0,3,0,0,0,1,0,0,0,-6,2.2,4.0,29.0,3.3,1.56,0.1,1.66,1.84,2.2,a,,,0.0,0.0,0.0,2025-09-13T07:51:26Z
179,Ferguson,Brighton,FWD,0,0,0,,0,0,0,0,0,0,0,0,0,0,0,0,0.0,0.0,0.0,0.0,0.0,0.0,0.0,0.0,0.0,u,0.0,0.0,,,,2025-09-13T07:51:26Z
180,Tzimas,Brighton,FWD,0,0,0,,0,0,0,0,0,0,0,0,0,0,0,0,0.0,0.0,0.0,0.0,0.0,0.0,0.0,0.0,0.1,a,,,,,,2025-09-13T07:51:26Z
181,Kostoulas,Brighton,FWD,0,0,0,,0,0,0,0,0,0,0,0,0,0,0,0,0.0,0.0,0.0,0.0,0.0,0.0,0.0,0.0,0.3,a,,,,,,2025-09-13T07:51:26Z
182,Trafford,Man City,GK,180,2,9,4.5,0,0,1,2,0,6,0,0,0,0,0,44,59.6,0.0,0.0,6.0,0.0,0.0,0.0,1.6700000000000002,2.2,a,,,0.0,0.0,3.0,2025-09-13T07:51:26Z
183,Weiss,Burnley,GK,0,0,0,,0,0,0,0,0,0,0,0,0,0,0,0,0.0,0.0,0.0,0.0,0.0,0.0,0.0,0.0,0.1,a,,,,,,2025-09-13T07:51:26Z
184,Green,Burnley,GK,0,0,0,,0,0,0,0,0,0,0,0,0,0,0,0,0.0,0.0,0.0,0.0,0.0,0.0,0.0,0.0,0.4,u,0.0,,,,,2025-09-13T07:51:26Z
185,Hladký,Burnley,GK,0,0,0,,0,0,0,0,0,0,0,0,0,0,0,0,0.0,0.0,0.0,0.0,0.0,0.0,0.0,0.0,0.2,a,,,,,,2025-09-13T07:51:26Z
186,Roberts,Burnley,DEF,0,0,0,,0,0,0,0,0,0,0,0,0,0,0,0,0.0,0.0,0.0,0.0,0.0,0.0,0.0,0.0,0.1,i,0.0,0.0,,,,2025-09-13T07:51:26Z
187,Walker,Burnley,DEF,180,2,7,3.5,0,0,1,3,0,0,0,0,0,0,0,23,23.6,3.0,1.0,2.8,0.01,0.04,0.05,3.09,1.7,a,,,0.0,0.0,0.0,2025-09-13T07:51:26Z
188,Delcroix,Burnley,DEF,0,0,0,,0,0,0,0,0,0,0,0,0,0,0,0,0.0,0.0,0.0,0.0,0.0,0.0,0.0,0.0,0.3,a,,,,,,2025-09-13T07:51:26Z
189,Dodgson,Burnley,DEF,0,0,0,,0,0,0,0,0,0,0,0,0,0,0,0,0.0,0.0,0.0,0.0,0.0,0.0,0.0,0.0,0.0,u,0.0,0.0,,,,2025-09-13T07:51:26Z
190,Ekdal,Burnley,DEF,180,2,10,5.0,0,0,1,3,0,0,0,0,0,0,1,29,41.6,14.8,12.0,6.8,0.0,0.01,0.01,3.09,1.2,a,,,0.0,0.0,0.0,2025-09-13T07:51:26Z
191,Estève,Burnley,DEF,172,2,7,3.66,0,0,1,3,0,0,0,0,0,0,0,29,40.4,1.6,17.0,5.9,0.05,0.01,0.060000000000000005,2.98,16.9,a,,,0.0,0.0,0.0,2025-09-13T07:51:26Z
192,Hartman,Burnley,DEF,180,2,7,3.5,0,0,1,3,0,0,0,0,0,0,0,24,33.2,19.0,4.0,5.6,0.0,0.08,0.08,3.09,0.5,a,,,0.0,0.0,0.0,2025-09-13T07:51:26Z
193,Humphreys,Burnley,DEF,0,0,0,,0,0,0,0,0,0,0,0,0,0,0,0,0.0,0.0,0.0,0.0,0.0,0.0,0.0,0.0,0.1,a,100.0,100.0,,,,2025-09-13T07:51:26Z
194,Jordan,Burnley,DEF,0,0,0,,0,0,0,0,0,0,0,0,0,0,0,0,0.0,0.0,0.0,0.0,0.0,0.0,0.0,0.0,0.1,i,0.0,0.0,,,,2025-09-13T07:51:26Z
195,Lucas Pires,Burnley,DEF,0,0,0,,0,0,0,0,0,0,0,0,0,0,0,0,0.0,0.0,0.0,0.0,0.0,0.0,0.0,0.0,0.1,a,,,,,,2025-09-13T07:51:26Z
196,Sambo,Burnley,DEF,0,0,0,,0,0,0,0,0,0,0,0,0,0,0,0,0.0,0.0,0.0,0.0,0.0,0.0,0.0,0.0,0.1,u,0.0,0.0,,,,2025-09-13T07:51:26Z
197,Sonne,Burnley,DEF,94,2,2,1.91,0,0,0,3,0,0,0,0,0,0,0,-3,4.6,16.4,6.0,2.7,0.03,0.08,0.11,2.25,0.1,a,,,0.0,0.0,0.0,2025-09-13T07:51:26Z
198,Tuanzebe,Burnley,DEF,0,0,0,,0,0,0,0,0,0,0,0,0,0,0,0,0.0,0.0,0.0,0.0,0.0,0.0,0.0,0.0,2.0,a,100.0,100.0,,,,2025-09-13T07:51:26Z
199,Worrall,Burnley,DEF,7,1,1,12.86,0,0,0,0,0,0,0,0,0,0,0,6,6.0,0.0,0.0,0.6,0.0,0.0,0.0,0.11,0.1,a,,,0.0,0.0,0.0,2025-09-13T07:51:26Z
200,Anthony,Burnley,MID,174,2,15,7.76,1,1,1,3,0,0,0,0,0,0,2,48,65.4,40.8,60.0,16.6,1.21,0.38,1.59,3.09,0.9,a,,,0.517,0.517,0.0,2025-09-13T07:51:26Z
201,Benson,Burnley,MID,0,0,0,,0,0,0,0,0,0,0,0,0,0,0,0,0.0,0.0,0.0,0.0,0.0,0.0,0.0,0.0,0.0,a,,,,,,2025-09-13T07:51:26Z
202,Bruun Larsen,Burnley,MID,95,2,4,3.79,0,0,1,1,0,0,0,0,0,0,0,8,3.6,2.5,12.0,1.6,0.02,0.02,0.04,1.52,0.0,a,,,0.0,0.0,0.0,2025-09-13T07:51:26Z
203,Boateng,Burnley,MID,0,0,0,,0,0,0,0,0,0,0,0,0,0,0,0,0.0,0.0,0.0,0.0,0.0,0.0,0.0,0.0,0.0,a,,,,,,2025-09-13T07:51:26Z
204,Churlinov,Burnley,MID,0,0,0,,0,0,0,0,0,0,0,0,0,0,0,0,0.0,0.0,0.0,0.0,0.0,0.0,0.0,0.0,0.0,u,0.0,,,,,2025-09-13T07:51:26Z
205,Cullen,Burnley,MID,180,2,18,9.0,1,1,1,3,0,0,0,0,0,0,3,70,89.6,76.4,21.0,18.700000000000003,0.08,0.47000000000000003,0.55,3.09,1.9,a,,,0.5,0.5,0.0,2025-09-13T07:51:26Z
206,Edwards,Burnley,MID,5,1,1,18.0,0,0,0,0,0,0,0,0,0,0,0,3,0.0,0.0,0.0,0.0,0.0,0.0,0.0,0.0,0.1,a,,,0.0,0.0,0.0,2025-09-13T07:51:26Z
207,Hannibal,Burnley,MID,144,2,7,4.38,0,0,1,2,0,0,0,0,0,0,0,19,9.2,20.2,9.0,3.8000000000000003,0.05,0.13,0.18000000000000002,2.07,0.2,a,,,0.0,0.0,0.0,2025-09-13T07:51:26Z
208,Koleosho,Burnley,MID,0,0,0,,0,0,0,0,0,0,0,0,0,0,0,0,0.0,0.0,0.0,0.0,0.0,0.0,0.0,0.0,0.0,u,0.0,0.0,,,,2025-09-13T07:51:26Z
209,Laurent,Burnley,MID,83,2,3,3.25,0,0,0,2,0,0,0,0,0,0,0,15,21.4,12.0,20.0,5.4,0.11,0.13,0.24,1.5699999999999998,0.0,a,,,0.0,0.0,0.0,2025-09-13T07:51:26Z
210,Tchaouna,Burnley,MID,23,2,2,7.83,0,0,0,0,0,0,0,0,0,0,0,7,3.6,5.3999999999999995,3.0,1.2000000000000002,0.08,0.04,0.12,0.34,0.0,a,,,0.0,0.0,0.0,2025-09-13T07:51:26Z
211,A.Ramsey,Burnley,MID,0,0,0,,0,0,0,0,0,0,0,0,0,0,0,0,0.0,0.0,0.0,0.0,0.0,0.0,0.0,0.0,5.4,u,0.0,,,,,2025-09-13T07:51:26Z
212,Adewumi,Burnley,MID,0,0,0,,0,0,0,0,0,0,0,0,0,0,0,0,0.0,0.0,0.0,0.0,0.0,0.0,0.0,0.0,0.0,u,0.0,0.0,,,,2025-09-13T07:51:26Z
213,Banel,Burnley,MID,0,0,0,,0,0,0,0,0,0,0,0,0,0,0,0,0.0,0.0,0.0,0.0,0.0,0.0,0.0,0.0,0.0,a,,,,,,2025-09-13T07:51:26Z
214,Trésor,Burnley,MID,0,0,0,,0,0,0,0,0,0,0,0,0,0,0,0,0.0,0.0,0.0,0.0,0.0,0.0,0.0,0.0,0.1,a,,,,,,2025-09-13T07:51:26Z
215,Flemming,Burnley,FWD,20,2,2,9.0,0,0,0,0,0,0,0,0,0,0,0,6,2.2,10.0,2.0,1.4,0.0,0.0,0.0,0.34,0.1,a,,,0.0,0.0,0.0,2025-09-13T07:51:26Z
216,Amdouni,Burnley,FWD,0,0,0,,0,0,0,0,0,0,0,0,0,0,0,0,0.0,0.0,0.0,0.0,0.0,0.0,0.0,0.0,0.0,i,0.0,0.0,,,,2025-09-13T07:51:26Z
217,Foster,Burnley,FWD,158,2,4,2.28,0,0,1,3,0,0,0,0,0,0,0,13,6.6,26.3,14.0,4.7,0.22,0.05,0.27,2.75,0.9,a,,,0.0,0.0,0.0,2025-09-13T07:51:26Z
218,Barnes,Burnley,FWD,0,0,0,,0,0,0,0,0,0,0,0,0,0,0,0,0.0,0.0,0.0,0.0,0.0,0.0,0.0,0.0,1.6,a,,,,,,2025-09-13T07:51:26Z
219,Obafemi,Burnley,FWD,0,0,0,,0,0,0,0,0,0,0,0,0,0,0,0,0.0,0.0,0.0,0.0,0.0,0.0,0.0,0.0,0.3,u,0.0,,,,,2025-09-13T07:51:26Z
220,Sánchez,Chelsea,GK,180,2,11,5.5,0,0,1,1,0,7,0,0,0,0,1,42,48.599999999999994,0.0,0.0,4.8,0.0,0.0,0.0,1.3900000000000001,23.8,a,,,0.0,0.0,3.5,2025-09-13T07:51:26Z
221,Jörgensen,Chelsea,GK,0,0,0,,0,0,0,0,0,0,0,0,0,0,0,0,0.0,0.0,0.0,0.0,0.0,0.0,0.0,0.0,0.2,a,,,,,,2025-09-13T07:51:26Z
222,Penders,Chelsea,GK,0,0,0,,0,0,0,0,0,0,0,0,0,0,0,0,0.0,0.0,0.0,0.0,0.0,0.0,0.0,0.0,0.0,u,0.0,0.0,,,,2025-09-13T07:51:26Z
223,Slonina,Chelsea,GK,0,0,0,,0,0,0,0,0,0,0,0,0,0,0,0,0.0,0.0,0.0,0.0,0.0,0.0,0.0,0.0,0.1,a,,,,,,2025-09-13T07:51:26Z
224,Cucurella,Chelsea,DEF,158,2,13,7.41,0,1,1,1,0,0,0,0,0,0,2,59,42.0,29.6,17.0,8.8,0.11,0.42000000000000004,0.53,0.95,28.7,a,,,0.0,0.57,0.0,2025-09-13T07:51:26Z
225,James,Chelsea,DEF,99,2,6,5.45,0,0,1,0,0,0,0,0,1,0,0,36,19.6,62.1,0.0,8.200000000000001,0.0,0.32,0.32,1.05,4.9,a,,,0.0,0.0,0.0,2025-09-13T07:51:26Z
226,Chalobah,Chelsea,DEF,158,2,14,7.97,1,0,1,1,0,0,0,0,0,0,0,52,65.6,6.300000000000001,37.0,10.9,0.4,0.04,0.44,0.95,8.0,a,,,0.57,0.0,0.0,2025-09-13T07:51:26Z
227,Colwill,Chelsea,DEF,0,0,0,,0,0,0,0,0,0,0,0,0,0,0,0,0.0,0.0,0.0,0.0,0.0,0.0,0.0,0.0,0.2,i,0.0,0.0,,,,2025-09-13T07:51:26Z
228,Gusto,Chelsea,DEF,79,2,3,3.42,0,0,0,1,0,0,0,0,0,0,0,5,9.0,4.0,1.0,1.4,0.02,0.01,0.03,0.33999999999999997,1.5,a,,,0.0,0.0,0.0,2025-09-13T07:51:26Z
229,B.Badiashile,Chelsea,DEF,0,0,0,,0,0,0,0,0,0,0,0,0,0,0,0,0.0,0.0,0.0,0.0,0.0,0.0,0.0,0.0,0.0,d,50.0,0.0,,,,2025-09-13T07:51:26Z
230,Fofana,Chelsea,DEF,21,1,1,4.29,0,0,0,0,0,0,0,0,0,0,0,5,3.4,0.4,0.0,0.4,0.0,0.0,0.0,0.44,0.2,a,100.0,100.0,0.0,0.0,0.0,2025-09-13T07:51:26Z
231,M.Sarr,Chelsea,DEF,0,0,0,,0,0,0,0,0,0,0,0,0,0,0,0,0.0,0.0,0.0,0.0,0.0,0.0,0.0,0.0,0.0,u,0.0,0.0,,,,2025-09-13T07:51:26Z
232,Tosin,Chelsea,DEF,90,1,2,2.0,0,0,0,1,0,0,0,0,0,0,0,16,26.4,1.9,0.0,2.8,0.0,0.03,0.03,0.73,1.2,a,100.0,100.0,0.0,0.0,0.0,2025-09-13T07:51:26Z
233,Acheampong,Chelsea,DEF,90,1,9,9.0,0,0,1,0,0,0,0,0,0,0,3,35,16.2,2.3,10.0,2.9,0.09,0.01,0.1,0.66,1.9,a,,,0.0,0.0,0.0,2025-09-13T07:51:26Z
234,Anselmino,Chelsea,DEF,0,0,0,,0,0,0,0,0,0,0,0,0,0,0,0,0.0,0.0,0.0,0.0,0.0,0.0,0.0,0.0,0.1,u,0.0,,,,,2025-09-13T07:51:26Z
235,Palmer,Chelsea,MID,90,1,3,3.0,0,0,1,0,0,0,0,0,0,0,0,10,4.8,16.9,23.0,4.5,0.17,0.03,0.2,0.66,18.6,d,75.0,0.0,0.0,0.0,0.0,2025-09-13T07:51:26Z
236,Neto,Chelsea,MID,180,2,10,5.0,1,0,1,1,0,0,0,0,0,0,0,51,51.400000000000006,56.1,40.0,14.8,0.41000000000000003,0.53,0.9400000000000001,1.3900000000000001,5.6,a,,,0.5,0.0,0.0,2025-09-13T07:51:26Z
237,Enzo,Chelsea,MID,168,2,13,6.96,1,1,1,1,0,0,0,0,0,0,0,43,37.0,25.3,40.0,10.2,1.03,0.12000000000000001,1.1500000000000001,1.3399999999999999,12.2,a,,,0.536,0.536,0.0,2025-09-13T07:51:26Z
238,Estêvão,Chelsea,MID,112,2,5,4.02,0,1,0,1,0,0,0,0,1,0,0,23,28.599999999999998,21.5,33.0,8.3,0.63,0.98,1.6099999999999999,0.4,2.6,a,,,0.0,0.804,0.0,2025-09-13T07:51:26Z
239,Gittens,Chelsea,MID,66,2,2,2.73,0,0,0,0,0,0,0,0,0,0,0,6,9.2,27.8,12.0,4.9,0.07,0.08,0.15000000000000002,0.99,0.2,a,,,0.0,0.0,0.0,2025-09-13T07:51:26Z
240,Nkunku,Chelsea,MID,0,0,0,,0,0,0,0,0,0,0,0,0,0,0,0,0.0,0.0,0.0,0.0,0.0,0.0,0.0,0.0,0.1,u,0.0,0.0,,,,2025-09-13T07:51:26Z
241,Caicedo,Chelsea,MID,180,2,13,6.5,1,0,1,1,0,0,0,0,0,0,1,54,82.0,9.1,19.0,11.0,0.27999999999999997,0.06,0.34,1.3900000000000001,6.9,a,,,0.5,0.0,0.0,2025-09-13T07:51:26Z
242,Dewsbury-Hall,Everton,MID,180,2,4,2.0,0,0,1,1,0,0,0,0,1,0,0,29,19.4,81.69999999999999,2.0,10.3,0.0,0.41000000000000003,0.41000000000000003,4.5,4.8,a,,,0.0,0.0,0.0,2025-09-13T07:51:26Z
243,George,Chelsea,MID,0,0,0,,0,0,0,0,0,0,0,0,0,0,0,0,0.0,0.0,0.0,0.0,0.0,0.0,0.0,0.0,0.1,a,,,,,,2025-09-13T07:51:26Z
244,Lavia,Chelsea,MID,0,0,0,,0,0,0,0,0,0,0,0,0,0,0,0,0.0,0.0,0.0,0.0,0.0,0.0,0.0,0.0,0.0,d,50.0,0.0,,,,2025-09-13T07:51:26Z
245,Mudryk,Chelsea,MID,0,0,0,,0,0,0,0,0,0,0,0,0,0,0,0,0.0,0.0,0.0,0.0,0.0,0.0,0.0,0.0,0.0,s,0.0,0.0,,,,2025-09-13T07:51:26Z
246,Andrey Santos,Chelsea,MID,39,2,2,4.62,0,0,0,0,0,0,0,0,0,0,0,5,4.2,12.200000000000001,23.0,4.0,0.31,0.01,0.32,0.6000000000000001,0.3,a,,,0.0,0.0,0.0,2025-09-13T07:51:26Z
247,D.Essugo,Chelsea,MID,0,0,0,,0,0,0,0,0,0,0,0,0,0,0,0,0.0,0.0,0.0,0.0,0.0,0.0,0.0,0.0,0.1,i,0.0,,,,,2025-09-13T07:51:26Z
248,Paez,Chelsea,MID,0,0,0,,0,0,0,0,0,0,0,0,0,0,0,0,0.0,0.0,0.0,0.0,0.0,0.0,0.0,0.0,0.0,u,0.0,0.0,,,,2025-09-13T07:51:26Z
249,João Pedro,Chelsea,FWD,162,2,17,9.44,1,2,1,1,0,0,0,0,0,0,3,61,75.8,36.4,58.0,16.8,0.69,0.13,0.8200000000000001,1.33,65.5,a,,,0.556,1.111,0.0,2025-09-13T07:51:26Z
250,Delap,Chelsea,FWD,78,2,3,3.46,0,0,0,1,0,0,0,0,0,0,0,11,8.0,3.5,38.0,5.0,0.14,0.03,0.16999999999999998,0.22999999999999998,1.7,i,0.0,,0.0,0.0,0.0,2025-09-13T07:51:26Z
251,N.Jackson,Chelsea,FWD,0,0,0,,0,0,0,0,0,0,0,0,0,0,0,0,0.0,0.0,0.0,0.0,0.0,0.0,0.0,0.0,0.1,u,0.0,0.0,,,,2025-09-13T07:51:26Z
252,Marc Guiu,Sunderland,FWD,10,1,1,9.0,0,0,0,1,0,0,0,0,0,0,0,2,0.0,1.6,6.0,0.6,0.02,0.01,0.03,0.66,11.4,a,100.0,100.0,0.0,0.0,0.0,2025-09-13T07:51:26Z
253,Henderson,Crystal Palace,GK,180,2,8,4.0,0,0,1,1,0,2,0,0,0,0,0,30,25.799999999999997,10.0,0.0,3.5,0.0,0.0,0.0,2.5300000000000002,8.1,a,,,0.0,0.0,1.0,2025-09-13T07:51:26Z
254,Benitez,Crystal Palace,GK,0,0,0,,0,0,0,0,0,0,0,0,0,0,0,0,0.0,0.0,0.0,0.0,0.0,0.0,0.0,0.0,0.4,a,,,,,,2025-09-13T07:51:26Z
255,Matthews,Crystal Palace,GK,0,0,0,,0,0,0,0,0,0,0,0,0,0,0,0,0.0,0.0,0.0,0.0,0.0,0.0,0.0,0.0,0.1,a,,,,,,2025-09-13T07:51:26Z
256,Muñoz,Crystal Palace,DEF,180,2,10,5.0,0,1,1,1,0,0,0,0,1,0,0,35,38.2,24.599999999999998,8.0,7.0,0.05,0.32,0.37,2.5300000000000002,13.5,a,,,0.0,0.5,0.0,2025-09-13T07:51:26Z
257,Lacroix,Crystal Palace,DEF,180,2,11,5.5,0,0,1,1,0,0,0,0,1,0,0,36,55.400000000000006,0.4,23.0,7.9,0.1,0.0,0.1,2.5300000000000002,3.2,a,,,0.0,0.0,0.0,2025-09-13T07:51:26Z
258,Mitchell,Crystal Palace,DEF,180,2,10,5.0,0,0,1,1,0,0,0,0,1,0,1,40,40.6,27.7,8.0,7.6,0.0,0.09,0.09,2.5300000000000002,1.9,a,,,0.0,0.0,0.0,2025-09-13T07:51:26Z
259,Sosa,Crystal Palace,DEF,0,0,0,,0,0,0,0,0,0,0,0,0,0,0,0,0.0,0.0,0.0,0.0,0.0,0.0,0.0,0.0,0.1,a,,,,,,2025-09-13T07:51:26Z
260,Guéhi,Crystal Palace,DEF,180,2,8,4.0,0,0,1,1,0,0,0,0,0,0,0,28,25.0,11.5,6.0,4.3,0.11,0.01,0.12,2.5300000000000002,19.2,a,,,0.0,0.0,0.0,2025-09-13T07:51:26Z
261,Richards,Crystal Palace,DEF,180,2,8,4.0,0,0,1,1,0,0,0,0,0,0,0,32,41.6,1.3,4.0,4.7,0.08,0.05,0.13,2.5300000000000002,1.9,a,,,0.0,0.0,0.0,2025-09-13T07:51:26Z
262,Chadi Riad,Crystal Palace,DEF,0,0,0,,0,0,0,0,0,0,0,0,0,0,0,0,0.0,0.0,0.0,0.0,0.0,0.0,0.0,0.0,0.0,i,0.0,0.0,,,,2025-09-13T07:51:26Z
263,Clyne,Crystal Palace,DEF,0,0,0,,0,0,0,0,0,0,0,0,0,0,0,0,0.0,0.0,0.0,0.0,0.0,0.0,0.0,0.0,0.5,a,,,,,,2025-09-13T07:51:26Z
264,Holding,Crystal Palace,DEF,0,0,0,,0,0,0,0,0,0,0,0,0,0,0,0,0.0,0.0,0.0,0.0,0.0,0.0,0.0,0.0,0.0,u,0.0,0.0,,,,2025-09-13T07:51:26Z
265,Kporha,Crystal Palace,DEF,0,0,0,,0,0,0,0,0,0,0,0,0,0,0,0,0.0,0.0,0.0,0.0,0.0,0.0,0.0,0.0,0.0,d,25.0,0.0,,,,2025-09-13T07:51:26Z
266,Eze,Crystal Palace,MID,83,1,3,3.25,0,0,1,0,0,0,0,0,0,0,0,10,7.2,2.6,26.0,3.6,0.24,0.0,0.24,1.22,11.7,a,,,0.0,0.0,0.0,2025-09-13T07:51:26Z
267,Sarr,Crystal Palace,MID,180,2,11,5.5,1,0,1,1,0,0,0,0,0,0,1,36,46.0,18.3,17.0,8.2,0.55,0.05,0.6,2.5300000000000002,5.0,i,0.0,,0.5,0.0,0.0,2025-09-13T07:51:26Z
268,Doucouré,Crystal Palace,MID,0,0,0,,0,0,0,0,0,0,0,0,0,0,0,0,0.0,0.0,0.0,0.0,0.0,0.0,0.0,0.0,0.0,i,0.0,0.0,,,,2025-09-13T07:51:26Z
269,Esse,Crystal Palace,MID,24,1,1,3.75,0,0,0,0,0,0,0,0,0,0,0,6,4.6,0.4,2.0,0.7,0.0,0.01,0.01,0.27,0.2,a,,,0.0,0.0,0.0,2025-09-13T07:51:26Z
270,Hughes,Crystal Palace,MID,159,2,3,1.7,0,0,1,1,0,0,0,0,2,0,0,21,27.4,41.5,10.0,7.9,0.12,0.27,0.39,2.15,0.1,a,100.0,75.0,0.0,0.0,0.0,2025-09-13T07:51:26Z
271,Kamada,Crystal Palace,MID,0,0,0,,0,0,0,0,0,0,0,0,0,0,0,0,0.0,0.0,0.0,0.0,0.0,0.0,0.0,0.0,0.1,a,100.0,100.0,,,,2025-09-13T07:51:26Z
272,Lerma,Crystal Palace,MID,28,2,2,6.43,0,0,0,0,0,0,0,0,0,0,0,7,5.0,2.1,2.0,0.9,0.0,0.0,0.0,0.65,0.1,a,,,0.0,0.0,0.0,2025-09-13T07:51:26Z
273,Wharton,Crystal Palace,MID,171,2,5,2.63,0,0,1,1,0,0,0,0,0,0,0,32,22.799999999999997,42.5,0.0,6.5,0.0,0.14,0.14,2.2600000000000002,0.5,i,0.0,,0.0,0.0,0.0,2025-09-13T07:51:26Z
274,Agbinone,Crystal Palace,MID,0,0,0,,0,0,0,0,0,0,0,0,0,0,0,0,0.0,0.0,0.0,0.0,0.0,0.0,0.0,0.0,0.1,a,,,,,,2025-09-13T07:51:26Z
275,Ahamada,Crystal Palace,MID,0,0,0,,0,0,0,0,0,0,0,0,0,0,0,0,0.0,0.0,0.0,0.0,0.0,0.0,0.0,0.0,0.0,a,,,,,,2025-09-13T07:51:26Z
276,Devenny,Crystal Palace,MID,71,2,3,3.8,0,0,0,1,0,0,0,0,0,0,0,14,8.8,3.3,25.0,3.7,0.05,0.02,0.07,1.04,1.5,a,,,0.0,0.0,0.0,2025-09-13T07:51:26Z
277,Ebiowei,Crystal Palace,MID,0,0,0,,0,0,0,0,0,0,0,0,0,0,0,0,0.0,0.0,0.0,0.0,0.0,0.0,0.0,0.0,0.0,u,0.0,0.0,,,,2025-09-13T07:51:26Z
278,J.Rak-Sakyi,Crystal Palace,MID,0,0,0,,0,0,0,0,0,0,0,0,0,0,0,0,0.0,0.0,0.0,0.0,0.0,0.0,0.0,0.0,0.1,a,,,,,,2025-09-13T07:51:26Z
279,M.França,Crystal Palace,MID,0,0,0,,0,0,0,0,0,0,0,0,0,0,0,0,0.0,0.0,0.0,0.0,0.0,0.0,0.0,0.0,0.0,u,0.0,0.0,,,,2025-09-13T07:51:26Z
280,Ozoh,Crystal Palace,MID,0,0,0,,0,0,0,0,0,0,0,0,0,0,0,0,0.0,0.0,0.0,0.0,0.0,0.0,0.0,0.0,0.0,u,0.0,0.0,,,,2025-09-13T07:51:26Z
281,Rodney,Crystal Palace,MID,0,0,0,,0,0,0,0,0,0,0,0,0,0,0,0,0.0,0.0,0.0,0.0,0.0,0.0,0.0,0.0,0.0,a,,,,,,2025-09-13T07:51:26Z
282,Umeh,Crystal Palace,MID,0,0,0,,0,0,0,0,0,0,0,0,0,0,0,0,0.0,0.0,0.0,0.0,0.0,0.0,0.0,0.0,0.0,a,,,,,,2025-09-13T07:51:26Z
283,Mateta,Crystal Palace,FWD,177,2,3,1.53,0,0,1,1,0,0,0,0,1,0,0,14,16.4,1.2000000000000002,39.0,5.699999999999999,0.44999999999999996,0.0,0.44999999999999996,2.2600000000000002,12.2,a,,,0.0,0.0,0.0,2025-09-13T07:51:26Z
284,Nketiah,Crystal Palace,FWD,0,0,0,,0,0,0,0,0,0,0,0,0,0,0,0,0.0,0.0,0.0,0.0,0.0,0.0,0.0,0.0,0.2,i,0.0,0.0,,,,2025-09-13T07:51:26Z
285,Édouard,Crystal Palace,FWD,2,1,1,45.0,0,0,0,0,0,0,0,0,0,0,0,6,2.0,0.0,0.0,0.2,0.0,0.0,0.0,0.27,0.5,u,0.0,0.0,0.0,0.0,0.0,2025-09-13T07:51:26Z
286,Marsh,Crystal Palace,FWD,0,0,0,,0,0,0,0,0,0,0,0,0,0,0,0,0.0,0.0,0.0,0.0,0.0,0.0,0.0,0.0,0.3,a,,,,,,2025-09-13T07:51:26Z
287,Pickford,Everton,GK,180,2,17,8.5,0,0,1,1,0,6,1,0,0,0,3,52,71.4,0.0,0.0,7.1,0.0,0.0,0.0,4.5,11.9,a,,,0.0,0.0,3.0,2025-09-13T07:51:26Z
288,Travers,Everton,GK,0,0,0,,0,0,0,0,0,0,0,0,0,0,0,0,0.0,0.0,0.0,0.0,0.0,0.0,0.0,0.0,0.1,a,,,,,,2025-09-13T07:51:26Z
289,Tyrer,Everton,GK,0,0,0,,0,0,0,0,0,0,0,0,0,0,0,0,0.0,0.0,0.0,0.0,0.0,0.0,0.0,0.0,0.1,a,,,,,,2025-09-13T07:51:26Z
290,Branthwaite,Everton,DEF,0,0,0,,0,0,0,0,0,0,0,0,0,0,0,0,0.0,0.0,0.0,0.0,0.0,0.0,0.0,0.0,0.3,i,0.0,0.0,,,,2025-09-13T07:51:26Z
291,Tarkowski,Everton,DEF,180,2,12,6.0,0,0,1,1,0,0,0,0,0,0,0,34,44.2,2.4,11.0,5.8,0.2,0.01,0.21,4.5,7.0,a,,,0.0,0.0,0.0,2025-09-13T07:51:26Z
292,Mykolenko,Everton,DEF,0,0,0,,0,0,0,0,0,0,0,0,0,0,0,0,0.0,0.0,0.0,0.0,0.0,0.0,0.0,0.0,0.4,d,75.0,100.0,,,,2025-09-13T07:51:26Z
293,O'Brien,Everton,DEF,180,2,8,4.0,0,0,1,1,0,0,0,0,0,0,0,21,15.0,6.1,11.0,3.2,0.17,0.02,0.19,4.5,0.5,a,,,0.0,0.0,0.0,2025-09-13T07:51:26Z
294,Coleman,Everton,DEF,0,0,0,,0,0,0,0,0,0,0,0,0,0,0,0,0.0,0.0,0.0,0.0,0.0,0.0,0.0,0.0,0.1,a,,,,,,2025-09-13T07:51:26Z
295,Keane,Everton,DEF,180,2,10,5.0,0,0,1,1,0,0,0,0,0,0,0,33,43.8,0.7,4.0,4.8,0.0,0.01,0.01,4.5,0.6,a,,,0.0,0.0,0.0,2025-09-13T07:51:26Z
296,Patterson,Everton,DEF,0,0,0,,0,0,0,0,0,0,0,0,0,0,0,0,0.0,0.0,0.0,0.0,0.0,0.0,0.0,0.0,0.0,d,50.0,0.0,,,,2025-09-13T07:51:26Z
297,Dixon,Everton,DEF,0,0,0,,0,0,0,0,0,0,0,0,0,0,0,0,0.0,0.0,0.0,0.0,0.0,0.0,0.0,0.0,0.2,a,,,,,,2025-09-13T07:51:26Z
298,Welch,Everton,DEF,0,0,0,,0,0,0,0,0,0,0,0,0,0,0,0,0.0,0.0,0.0,0.0,0.0,0.0,0.0,0.0,0.1,a,,,,,,2025-09-13T07:51:26Z
299,Ndiaye,Everton,MID,153,2,10,5.88,1,0,1,1,0,0,0,0,0,0,0,44,55.800000000000004,13.2,42.0,11.100000000000001,0.73,0.02,0.75,3.55,8.8,d,75.0,,0.588,0.0,0.0,2025-09-13T07:51:26Z
300,McNeil,Everton,MID,19,1,1,4.74,0,0,0,0,0,0,0,0,0,0,0,2,0.0,11.3,8.0,1.8,0.24,0.0,0.24,0.95,0.2,a,,,0.0,0.0,0.0,2025-09-13T07:51:26Z
301,Alcaraz,Everton,MID,111,2,2,1.62,0,0,0,1,0,0,0,0,1,0,0,13,12.6,4.5,21.0,3.8,0.03,0.01,0.04,2.8200000000000003,0.1,a,,,0.0,0.0,0.0,2025-09-13T07:51:26Z
302,Gana,Everton,MID,180,2,5,2.5,0,0,1,1,0,0,0,0,0,0,0,27,19.6,25.3,5.0,5.0,0.06,0.13,0.19,4.5,0.1,a,,,0.0,0.0,0.0,2025-09-13T07:51:26Z
303,Garner,Everton,MID,180,2,12,6.0,1,0,1,1,0,0,0,0,1,0,1,50,70.6,29.8,10.0,11.100000000000001,0.07,0.08,0.15,4.5,0.3,a,,,0.5,0.0,0.0,2025-09-13T07:51:26Z
304,Iroegbunam,Everton,MID,140,2,4,2.57,0,0,2,0,0,0,0,0,2,0,0,12,20.8,3.8000000000000003,1.0,2.6,0.08,0.0,0.08,2.41,0.0,a,,,0.0,0.0,0.0,2025-09-13T07:51:26Z
305,Armstrong,Everton,MID,1,1,1,90.0,0,0,0,0,0,0,0,0,0,0,0,3,0.0,0.0,0.0,0.0,0.0,0.0,0.0,0.0,0.1,u,0.0,100.0,0.0,0.0,0.0,2025-09-13T07:51:26Z
306,Bates,Everton,MID,0,0,0,,0,0,0,0,0,0,0,0,0,0,0,0,0.0,0.0,0.0,0.0,0.0,0.0,0.0,0.0,0.1,a,,,,,,2025-09-13T07:51:26Z
307,Ebere,Everton,MID,0,0,0,,0,0,0,0,0,0,0,0,0,0,0,0,0.0,0.0,0.0,0.0,0.0,0.0,0.0,0.0,0.0,a,,,,,,2025-09-13T07:51:26Z
308,Heath,Everton,MID,0,0,0,,0,0,0,0,0,0,0,0,0,0,0,0,0.0,0.0,0.0,0.0,0.0,0.0,0.0,0.0,0.0,u,0.0,,,,,2025-09-13T07:51:26Z
309,Metcalfe,Everton,MID,0,0,0,,0,0,0,0,0,0,0,0,0,0,0,0,0.0,0.0,0.0,0.0,0.0,0.0,0.0,0.0,0.0,u,0.0,0.0,,,,2025-09-13T07:51:26Z
310,Barry,Everton,FWD,67,2,3,4.03,0,0,1,0,0,0,0,0,0,0,0,4,0.0,3.2,16.0,1.5,0.35,0.01,0.36,1.68,0.5,a,,,0.0,0.0,0.0,2025-09-13T07:51:26Z
311,Beto,Everton,FWD,116,2,2,1.55,0,0,0,1,0,0,0,0,1,0,0,5,10.2,3.3,15.0,2.5,0.2,0.01,0.21000000000000002,3.0199999999999996,5.4,a,,,0.0,0.0,0.0,2025-09-13T07:51:26Z
312,Y.Chermiti,Everton,FWD,0,0,0,,0,0,0,0,0,0,0,0,0,0,0,0,0.0,0.0,0.0,0.0,0.0,0.0,0.0,0.0,0.1,u,0.0,,,,,2025-09-13T07:51:26Z
313,Sherif,Everton,FWD,0,0,0,,0,0,0,0,0,0,0,0,0,0,0,0,0.0,0.0,0.0,0.0,0.0,0.0,0.0,0.0,0.2,a,,,,,,2025-09-13T07:51:26Z
314,Leno,Fulham,GK,180,2,6,3.0,0,0,0,2,0,6,0,0,0,0,0,28,47.0,0.0,0.0,4.699999999999999,0.0,0.0,0.0,3.11,1.6,a,,,0.0,0.0,3.0,2025-09-13T07:51:26Z
315,Benda,Fulham,GK,0,0,0,,0,0,0,0,0,0,0,0,0,0,0,0,0.0,0.0,0.0,0.0,0.0,0.0,0.0,0.0,0.0,u,0.0,0.0,,,,2025-09-13T07:51:26Z
316,Robinson,Fulham,DEF,28,1,1,3.21,0,0,0,0,0,0,0,0,0,0,0,5,6.6,16.2,2.0,2.5,0.0,0.02,0.02,0.11,0.8,a,100.0,100.0,0.0,0.0,0.0,2025-09-13T07:51:26Z
317,Andersen,Fulham,DEF,180,2,6,3.0,0,0,0,2,0,0,0,0,0,0,0,28,41.0,12.4,10.0,6.300000000000001,0.0,0.65,0.65,3.11,3.1,a,,,0.0,0.0,0.0,2025-09-13T07:51:26Z
318,Bassey,Fulham,DEF,180,2,3,1.5,0,0,0,2,0,0,0,0,1,0,0,9,14.200000000000001,2.4000000000000004,7.0,2.4,0.15,0.01,0.16,3.11,0.5,a,,,0.0,0.0,0.0,2025-09-13T07:51:26Z
319,Castagne,Fulham,DEF,67,2,3,4.03,0,0,0,1,0,0,0,0,0,0,0,8,4.8,8.4,21.0,3.4,0.3,0.04,0.34,1.92,0.1,a,,,0.0,0.0,0.0,2025-09-13T07:51:26Z
320,Diop,Fulham,DEF,0,0,0,,0,0,0,0,0,0,0,0,0,0,0,0,0.0,0.0,0.0,0.0,0.0,0.0,0.0,0.0,0.1,a,,,,,,2025-09-13T07:51:26Z
321,J.Cuenca,Fulham,DEF,83,1,2,2.17,0,0,0,1,0,0,0,0,0,0,0,10,9.6,1.2,4.0,1.5,0.0,0.01,0.01,1.07,0.0,a,,,0.0,0.0,0.0,2025-09-13T07:51:26Z
322,Tete,Fulham,DEF,180,2,4,2.0,0,0,0,2,0,0,0,0,0,0,0,32,30.6,19.4,10.0,6.0,0.0,0.38,0.38,3.11,0.2,a,,,0.0,0.0,0.0,2025-09-13T07:51:26Z
323,Amissah,Fulham,DEF,0,0,0,,0,0,0,0,0,0,0,0,0,0,0,0,0.0,0.0,0.0,0.0,0.0,0.0,0.0,0.0,0.1,a,,,,,,2025-09-13T07:51:26Z
324,Iwobi,Fulham,MID,155,2,9,5.23,0,1,0,2,0,0,0,0,0,0,2,33,34.4,62.4,18.0,11.5,0.08,0.53,0.61,2.6799999999999997,1.5,a,,,0.0,0.581,0.0,2025-09-13T07:51:26Z
325,Smith Rowe,Fulham,MID,32,2,7,19.69,1,0,0,0,0,0,0,0,0,0,0,23,33.0,5.6,40.0,7.800000000000001,0.7899999999999999,0.02,0.8099999999999999,0.51,0.8,a,,,2.812,0.0,0.0,2025-09-13T07:51:26Z
326,Adama,Fulham,MID,24,1,1,3.75,0,0,0,0,0,0,0,0,0,0,0,1,0.0,0.8,0.0,0.0,0.0,0.0,0.0,0.43,0.2,a,,,0.0,0.0,0.0,2025-09-13T07:51:26Z
327,Andreas,Fulham,MID,0,0,0,,0,0,0,0,0,0,0,0,0,0,0,0,0.0,0.0,0.0,0.0,0.0,0.0,0.0,0.0,0.2,u,0.0,,,,,2025-09-13T07:51:26Z
328,Sessegnon,Fulham,MID,61,1,2,2.95,0,0,0,1,0,0,0,0,0,0,0,14,11.0,15.4,6.0,3.2,0.0,0.16,0.16,1.52,0.0,a,100.0,100.0,0.0,0.0,0.0,2025-09-13T07:51:26Z
329,Wilson,Fulham,MID,118,2,6,4.58,0,1,0,1,0,0,0,0,0,0,0,21,6.2,7.300000000000001,19.0,3.2,0.07,0.11,0.18,1.59,0.5,a,100.0,75.0,0.0,0.763,0.0,2025-09-13T07:51:26Z
330,Berge,Fulham,MID,155,2,4,2.32,0,0,0,2,0,0,0,0,0,0,0,13,8.6,5.5,2.0,1.5999999999999999,0.0,0.05,0.05,2.6799999999999997,0.1,a,,,0.0,0.0,0.0,2025-09-13T07:51:26Z
331,Cairney,Fulham,MID,24,1,0,0.0,0,0,0,0,0,0,0,0,1,0,0,-3,0.0,0.4,0.0,0.0,0.0,0.0,0.0,0.43,0.0,a,,,0.0,0.0,0.0,2025-09-13T07:51:26Z
332,Lukić,Fulham,MID,180,2,5,2.5,0,0,0,2,0,0,0,0,1,0,0,28,13.600000000000001,79.2,4.0,9.7,0.0,0.45,0.45,3.11,0.1,a,,,0.0,0.0,0.0,2025-09-13T07:51:26Z
333,Godo,Fulham,MID,0,0,0,,0,0,0,0,0,0,0,0,0,0,0,0,0.0,0.0,0.0,0.0,0.0,0.0,0.0,0.0,0.1,u,0.0,,,,,2025-09-13T07:51:26Z
334,Harris,Fulham,MID,0,0,0,,0,0,0,0,0,0,0,0,0,0,0,0,0.0,0.0,0.0,0.0,0.0,0.0,0.0,0.0,0.0,u,0.0,0.0,,,,2025-09-13T07:51:26Z
335,King,Fulham,MID,146,2,4,2.47,0,0,0,2,0,0,0,0,0,0,0,12,17.4,15.3,50.0,8.2,0.35,0.14,0.49,2.59,3.1,a,,,0.0,0.0,0.0,2025-09-13T07:51:26Z
336,Reed,Fulham,MID,0,0,0,,0,0,0,0,0,0,0,0,0,0,0,0,0.0,0.0,0.0,0.0,0.0,0.0,0.0,0.0,0.3,a,,,,,,2025-09-13T07:51:26Z
337,Raúl,Fulham,FWD,84,2,3,3.21,0,0,0,1,0,0,0,0,0,0,0,0,1.0,5.6,13.0,1.2,0.29,0.0,0.29,1.1600000000000001,1.3,a,,,0.0,0.0,0.0,2025-09-13T07:51:26Z
338,Muniz,Fulham,FWD,94,2,7,6.7,1,0,0,1,1,0,0,0,1,0,3,22,31.0,10.3,57.0,9.5,0.52,0.0,0.52,1.95,2.4,a,,,0.957,0.0,0.0,2025-09-13T07:51:26Z
339,Meslier,Leeds,GK,0,0,0,,0,0,0,0,0,0,0,0,0,0,0,0,0.0,0.0,0.0,0.0,0.0,0.0,0.0,0.0,0.6,a,,,,,,2025-09-13T07:51:26Z
340,Cairns,Leeds,GK,0,0,0,,0,0,0,0,0,0,0,0,0,0,0,0,0.0,0.0,0.0,0.0,0.0,0.0,0.0,0.0,0.2,a,,,,,,2025-09-13T07:51:26Z
341,Darlow,Leeds,GK,0,0,0,,0,0,0,0,0,0,0,0,0,0,0,0,0.0,0.0,0.0,0.0,0.0,0.0,0.0,0.0,2.4,a,,,,,,2025-09-13T07:51:26Z
342,Bogle,Leeds,DEF,172,2,5,2.62,0,0,1,4,0,0,0,0,1,0,0,11,17.2,1.4,6.0,2.5,0.01,0.01,0.02,2.6399999999999997,0.2,a,100.0,100.0,0.0,0.0,0.0,2025-09-13T07:51:26Z
343,Struijk,Leeds,DEF,180,2,8,4.0,0,0,1,5,0,0,0,0,0,0,2,28,39.8,11.700000000000001,26.0,7.800000000000001,0.23,0.01,0.24000000000000002,3.4299999999999997,0.4,a,,,0.0,0.0,0.0,2025-09-13T07:51:26Z
344,Bijol,Leeds,DEF,0,0,0,,0,0,0,0,0,0,0,0,0,0,0,0,0.0,0.0,0.0,0.0,0.0,0.0,0.0,0.0,0.2,a,100.0,100.0,,,,2025-09-13T07:51:26Z
345,Bornauw,Leeds,DEF,0,0,0,,0,0,0,0,0,0,0,0,0,0,0,0,0.0,0.0,0.0,0.0,0.0,0.0,0.0,0.0,0.1,a,100.0,100.0,,,,2025-09-13T07:51:26Z
346,Byram,Leeds,DEF,7,1,1,12.86,0,0,0,1,0,0,0,0,0,0,0,-2,0.0,0.0,0.0,0.0,0.0,0.0,0.0,0.79,0.2,a,,,0.0,0.0,0.0,2025-09-13T07:51:26Z
347,Gudmundsson,Leeds,DEF,180,2,8,4.0,0,0,1,5,0,0,0,0,1,0,3,16,39.8,34.1,17.0,9.1,0.17,0.14,0.31,3.4299999999999997,4.9,a,100.0,,0.0,0.0,0.0,2025-09-13T07:51:26Z
348,Rodon,Leeds,DEF,180,2,9,4.5,0,0,1,5,0,0,0,0,0,0,1,24,43.4,0.7,0.0,4.4,0.0,0.0,0.0,3.4299999999999997,2.9,a,100.0,,0.0,0.0,0.0,2025-09-13T07:51:26Z
349,Schmidt,Leeds,DEF,0,0,0,,0,0,0,0,0,0,0,0,0,0,0,0,0.0,0.0,0.0,0.0,0.0,0.0,0.0,0.0,0.1,u,0.0,,,,,2025-09-13T07:51:26Z
350,Aaronson,Leeds,MID,47,2,2,3.83,0,0,0,1,0,0,0,0,0,0,0,16,11.399999999999999,25.299999999999997,6.0,4.3,0.0,0.25,0.25,1.3399999999999999,0.0,a,,,0.0,0.0,0.0,2025-09-13T07:51:26Z
351,Gnonto,Leeds,MID,131,2,5,3.44,0,0,1,4,0,0,0,0,0,0,0,22,13.8,7.8,13.0,3.5,0.14,0.01,0.15,2.09,0.2,a,,,0.0,0.0,0.0,2025-09-13T07:51:26Z
352,Harrison,Leeds,MID,12,1,1,7.5,0,0,0,0,0,0,0,0,0,0,0,3,2.2,1.3,2.0,0.6,0.0,0.0,0.0,0.28,0.1,a,,,0.0,0.0,0.0,2025-09-13T07:51:26Z
353,James,Leeds,MID,142,2,5,3.17,0,0,1,4,0,0,0,0,0,0,0,15,7.800000000000001,16.0,20.0,4.4,0.21000000000000002,0.05,0.26,2.29,0.3,a,,,0.0,0.0,0.0,2025-09-13T07:51:26Z
354,Ampadu,Leeds,MID,77,1,3,3.51,0,0,1,0,0,0,0,0,0,0,0,12,10.8,4.9,2.0,1.8,0.0,0.02,0.02,0.28,0.0,d,75.0,0.0,0.0,0.0,0.0,2025-09-13T07:51:26Z
355,Greenwood,Leeds,MID,0,0,0,,0,0,0,0,0,0,0,0,0,0,0,0,0.0,0.0,0.0,0.0,0.0,0.0,0.0,0.0,0.1,u,0.0,,,,,2025-09-13T07:51:26Z
356,Gruev,Leeds,MID,102,2,3,2.65,0,0,0,5,0,0,0,0,0,0,0,18,11.0,1.0,0.0,1.2,0.0,0.0,0.0,3.16,0.0,a,,,0.0,0.0,0.0,2025-09-13T07:51:26Z
357,Ramazani,Leeds,MID,0,0,0,,0,0,0,0,0,0,0,0,0,0,0,0,0.0,0.0,0.0,0.0,0.0,0.0,0.0,0.0,0.0,u,0.0,,,,,2025-09-13T07:51:26Z
358,Tanaka,Leeds,MID,147,2,4,2.45,0,0,1,4,0,0,0,0,0,0,0,15,2.2,27.6,9.0,3.9,0.09,0.03,0.12,2.4000000000000004,0.1,d,75.0,0.0,0.0,0.0,0.0,2025-09-13T07:51:26Z
359,Crew,Leeds,MID,0,0,0,,0,0,0,0,0,0,0,0,0,0,0,0,0.0,0.0,0.0,0.0,0.0,0.0,0.0,0.0,0.0,u,0.0,0.0,,,,2025-09-13T07:51:26Z
360,Gelhardt,Leeds,MID,0,0,0,,0,0,0,0,0,0,0,0,0,0,0,0,0.0,0.0,0.0,0.0,0.0,0.0,0.0,0.0,0.0,u,0.0,0.0,,,,2025-09-13T07:51:26Z
361,Gyabi,Leeds,MID,0,0,0,,0,0,0,0,0,0,0,0,0,0,0,0,0.0,0.0,0.0,0.0,0.0,0.0,0.0,0.0,0.1,u,0.0,,,,,2025-09-13T07:51:26Z
362,Piroe,Leeds,FWD,134,2,3,2.01,0,0,1,4,0,0,0,0,0,0,0,7,2.0,6.8999999999999995,44.0,5.3,0.28,0.04,0.32,2.13,0.9,d,75.0,,0.0,0.0,0.0,2025-09-13T07:51:26Z
363,Bamford,Leeds,FWD,0,0,0,,0,0,0,0,0,0,0,0,0,0,0,0,0.0,0.0,0.0,0.0,0.0,0.0,0.0,0.0,0.9,u,0.0,,,,,2025-09-13T07:51:26Z
364,Mateo Joseph,Leeds,FWD,0,0,0,,0,0,0,0,0,0,0,0,0,0,0,0,0.0,0.0,0.0,0.0,0.0,0.0,0.0,0.0,0.0,u,0.0,0.0,,,,2025-09-13T07:51:26Z
365,Nmecha,Leeds,FWD,44,2,6,12.27,1,0,0,1,0,0,0,0,0,0,0,23,34.0,1.7000000000000002,22.0,5.8,0.85,0.01,0.86,1.31,0.7,d,75.0,,2.045,0.0,0.0,2025-09-13T07:51:26Z
366,A.Becker,Liverpool,GK,180,2,2,1.0,0,0,0,4,0,2,0,0,0,0,0,15,28.0,0.0,0.0,2.8,0.0,0.01,0.01,2.63,10.8,a,,,0.0,0.0,1.0,2025-09-13T07:51:26Z
367,Mamardashvili,Liverpool,GK,0,0,0,,0,0,0,0,0,0,0,0,0,0,0,0,0.0,0.0,0.0,0.0,0.0,0.0,0.0,0.0,0.4,a,,,,,,2025-09-13T07:51:26Z
368,Pécsi,Liverpool,GK,0,0,0,,0,0,0,0,0,0,0,0,0,0,0,0,0.0,0.0,0.0,0.0,0.0,0.0,0.0,0.0,0.1,a,,,,,,2025-09-13T07:51:26Z
369,Woodman,Liverpool,GK,0,0,0,,0,0,0,0,0,0,0,0,0,0,0,0,0.0,0.0,0.0,0.0,0.0,0.0,0.0,0.0,0.1,a,,,,,,2025-09-13T07:51:26Z
370,Frimpong,Liverpool,DEF,59,1,1,1.53,0,0,0,0,0,0,0,0,0,0,0,8,5.4,1.3,2.0,0.9,0.01,0.01,0.02,0.81,8.8,a,100.0,0.0,0.0,0.0,0.0,2025-09-13T07:51:26Z
371,Kerkez,Liverpool,DEF,149,2,1,0.6,0,0,0,2,0,0,0,0,1,0,0,12,26.0,2.4000000000000004,0.0,2.9,0.0,0.01,0.01,1.7400000000000002,6.0,a,,,0.0,0.0,0.0,2025-09-13T07:51:26Z
372,Robertson,Liverpool,DEF,30,1,0,0.0,0,0,0,2,0,0,0,0,0,0,0,-3,5.4,4.1,2.0,1.2,0.0,0.04,0.04,0.89,1.1,a,,,0.0,0.0,0.0,2025-09-13T07:51:26Z
373,Virgil,Liverpool,DEF,180,2,6,3.0,0,0,0,4,0,0,0,0,0,0,0,21,88.0,1.2,25.0,11.4,0.18,0.01,0.19,2.63,27.6,a,,,0.0,0.0,0.0,2025-09-13T07:51:26Z
374,Konaté,Liverpool,DEF,180,2,1,0.5,0,0,0,4,0,0,0,0,1,0,0,11,34.599999999999994,1.6,0.0,3.6,0.0,0.01,0.01,2.63,3.0,a,,,0.0,0.0,0.0,2025-09-13T07:51:26Z
375,Bradley,Liverpool,DEF,10,1,0,0.0,0,0,0,1,0,0,0,0,1,0,0,-7,4.0,1.3,2.0,0.7,0.0,0.01,0.01,0.16,0.1,a,100.0,100.0,0.0,0.0,0.0,2025-09-13T07:51:26Z
376,Gomez,Liverpool,DEF,18,1,1,5.0,0,0,0,1,0,0,0,0,0,0,0,-1,2.4,0.4,0.0,0.3,0.0,0.0,0.0,0.21,0.1,a,100.0,100.0,0.0,0.0,0.0,2025-09-13T07:51:26Z
377,Tsimikas,Liverpool,DEF,0,0,0,,0,0,0,0,0,0,0,0,0,0,0,0,0.0,0.0,0.0,0.0,0.0,0.0,0.0,0.0,0.1,a,,,,,,2025-09-13T07:51:26Z
378,Nallo,Liverpool,DEF,0,0,0,,0,0,0,0,0,0,0,0,0,0,0,0,0.0,0.0,0.0,0.0,0.0,0.0,0.0,0.0,0.2,a,,,,,,2025-09-13T07:51:26Z
379,R.Williams,Liverpool,DEF,0,0,0,,0,0,0,0,0,0,0,0,0,0,0,0,0.0,0.0,0.0,0.0,0.0,0.0,0.0,0.0,0.2,a,,,,,,2025-09-13T07:51:26Z
380,Ramsay,Liverpool,DEF,0,0,0,,0,0,0,0,0,0,0,0,0,0,0,0,0.0,0.0,0.0,0.0,0.0,0.0,0.0,0.0,0.2,a,,,,,,2025-09-13T07:51:26Z
381,M.Salah,Liverpool,MID,180,2,13,6.5,1,1,0,4,0,0,0,0,0,0,1,60,70.0,62.099999999999994,57.0,18.9,0.26,0.32,0.58,2.63,54.4,a,,,0.5,0.5,0.0,2025-09-13T07:51:26Z
382,Wirtz,Liverpool,MID,160,2,4,2.25,0,0,0,3,0,0,0,0,0,0,0,23,13.8,55.2,31.0,10.0,0.19,0.38,0.56,2.48,19.7,a,,,0.0,0.0,0.0,2025-09-13T07:51:26Z
383,Luis Díaz,Liverpool,MID,0,0,0,,0,0,0,0,0,0,0,0,0,0,0,0,0.0,0.0,0.0,0.0,0.0,0.0,0.0,0.0,0.1,u,0.0,0.0,,,,2025-09-13T07:51:26Z
384,Gakpo,Liverpool,MID,180,2,17,8.5,1,2,0,4,0,0,0,0,0,0,2,63,87.6,61.900000000000006,54.0,20.4,0.26,0.51,0.77,2.63,18.7,a,,,0.5,1.0,0.0,2025-09-13T07:51:26Z
385,Chiesa,Liverpool,MID,18,2,7,35.0,1,0,0,1,0,0,0,0,0,0,0,31,36.400000000000006,0.6,17.0,5.5,0.16,0.0,0.16,0.16,0.3,a,,,5.0,0.0,0.0,2025-09-13T07:51:26Z
386,Mac Allister,Liverpool,MID,71,1,5,6.34,0,1,0,1,0,0,0,0,0,0,0,27,27.4,15.2,11.0,5.4,0.03,0.02,0.05,1.49,1.5,a,100.0,75.0,0.0,1.268,0.0,2025-09-13T07:51:26Z
387,Szoboszlai,Liverpool,MID,180,2,4,2.0,0,0,0,4,0,0,0,0,0,0,0,30,23.6,32.2,26.0,8.2,0.1,0.09999999999999999,0.2,2.63,3.1,a,,,0.0,0.0,0.0,2025-09-13T07:51:26Z
388,C.Jones,Liverpool,MID,108,2,3,2.5,0,0,0,3,0,0,0,0,0,0,0,20,15.600000000000001,18.7,0.0,3.4,0.0,0.06,0.06,1.1400000000000001,0.1,i,0.0,,0.0,0.0,0.0,2025-09-13T07:51:26Z
389,Elliott,Liverpool,MID,1,1,1,90.0,0,0,0,0,0,0,0,0,0,0,0,2,0.2,0.8,0.0,0.1,0.0,0.0,0.0,0.0,0.4,a,,,0.0,0.0,0.0,2025-09-13T07:51:26Z
390,Gravenberch,Liverpool,MID,90,1,7,7.0,1,0,0,2,0,0,0,0,1,0,1,28,40.6,6.3,7.0,5.4,0.02,0.01,0.03,0.93,0.6,a,100.0,100.0,1.0,0.0,0.0,2025-09-13T07:51:26Z
391,Gannon-Doak,Bournemouth,MID,0,0,0,,0,0,0,0,0,0,0,0,0,0,0,0,0.0,0.0,0.0,0.0,0.0,0.0,0.0,0.0,0.1,a,,,,,,2025-09-13T07:51:26Z
392,Endo,Liverpool,MID,31,2,5,14.52,0,1,0,2,0,0,0,0,0,0,0,18,24.6,10.7,0.0,3.5,0.0,0.0,0.0,0.89,0.1,a,,,0.0,2.903,0.0,2025-09-13T07:51:26Z
393,Bajcetic,Liverpool,MID,0,0,0,,0,0,0,0,0,0,0,0,0,0,0,0,0.0,0.0,0.0,0.0,0.0,0.0,0.0,0.0,0.1,i,0.0,,,,,2025-09-13T07:51:26Z
394,McConnell,Liverpool,MID,0,0,0,,0,0,0,0,0,0,0,0,0,0,0,0,0.0,0.0,0.0,0.0,0.0,0.0,0.0,0.0,0.0,a,,,,,,2025-09-13T07:51:26Z
395,Morton,Liverpool,MID,0,0,0,,0,0,0,0,0,0,0,0,0,0,0,0,0.0,0.0,0.0,0.0,0.0,0.0,0.0,0.0,0.0,u,0.0,0.0,,,,2025-09-13T07:51:26Z
396,Nyoni,Liverpool,MID,0,0,0,,0,0,0,0,0,0,0,0,0,0,0,0,0.0,0.0,0.0,0.0,0.0,0.0,0.0,0.0,0.2,a,,,,,,2025-09-13T07:51:26Z
397,Darwin,Liverpool,FWD,0,0,0,,0,0,0,0,0,0,0,0,0,0,0,0,0.0,0.0,0.0,0.0,0.0,0.0,0.0,0.0,0.1,u,0.0,0.0,,,,2025-09-13T07:51:26Z
398,Danns,Liverpool,FWD,0,0,0,,0,0,0,0,0,0,0,0,0,0,0,0,0.0,0.0,0.0,0.0,0.0,0.0,0.0,0.0,0.1,a,,,,,,2025-09-13T07:51:26Z
399,Ederson M.,Man City,GK,0,0,0,,0,0,0,0,0,0,0,0,0,0,0,0,0.0,0.0,0.0,0.0,0.0,0.0,0.0,0.0,1.6,u,0.0,,,,,2025-09-13T07:51:26Z
400,Ortega Moreno,Man City,GK,0,0,0,,0,0,0,0,0,0,0,0,0,0,0,0,0.0,0.0,0.0,0.0,0.0,0.0,0.0,0.0,0.2,a,,,,,,2025-09-13T07:51:26Z
401,Bettinelli,Man City,GK,0,0,0,,0,0,0,0,0,0,0,0,0,0,0,0,0.0,0.0,0.0,0.0,0.0,0.0,0.0,0.0,0.1,a,100.0,0.0,,,,2025-09-13T07:51:26Z
402,Aït-Nouri,Man City,DEF,112,2,10,8.04,0,0,1,0,0,0,0,0,0,0,1,35,30.4,13.9,3.0,4.7,0.04,0.02,0.06,0.64,14.3,d,25.0,100.0,0.0,0.0,0.0,2025-09-13T07:51:26Z
403,Gvardiol,Man City,DEF,0,0,0,,0,0,0,0,0,0,0,0,0,0,0,0,0.0,0.0,0.0,0.0,0.0,0.0,0.0,0.0,3.0,a,100.0,0.0,,,,2025-09-13T07:51:26Z
404,Akanji,Man City,DEF,0,0,0,,0,0,0,0,0,0,0,0,0,0,0,0,0.0,0.0,0.0,0.0,0.0,0.0,0.0,0.0,0.5,u,0.0,,,,,2025-09-13T07:51:26Z
405,Aké,Man City,DEF,67,1,1,1.34,0,0,0,2,0,0,0,0,0,0,0,9,15.2,9.8,5.0,3.0,0.14,0.12,0.26,1.03,0.7,a,,,0.0,0.0,0.0,2025-09-13T07:51:26Z
406,Khusanov,Man City,DEF,8,1,1,11.25,0,0,0,0,0,0,0,0,0,0,0,7,3.6,0.0,0.0,0.4,0.0,0.0,0.0,0.08,0.3,a,100.0,,0.0,0.0,0.0,2025-09-13T07:51:26Z
407,Matheus N.,Man City,DEF,24,1,1,3.75,0,0,0,0,0,0,0,0,0,0,0,5,3.8,1.2,0.0,0.5,0.0,0.0,0.0,0.21,0.3,a,,,0.0,0.0,0.0,2025-09-13T07:51:26Z
408,Rúben,Man City,DEF,180,2,7,3.5,0,0,1,2,0,0,0,0,0,0,0,31,39.8,3.3,2.0,4.5,0.0,0.09,0.09,1.6700000000000002,3.9,a,,,0.0,0.0,0.0,2025-09-13T07:51:26Z
409,Stones,Man City,DEF,171,2,7,3.68,0,0,1,2,0,0,0,0,0,0,0,37,38.2,4.0,0.0,4.3,0.0,0.03,0.03,1.58,1.0,d,50.0,,0.0,0.0,0.0,2025-09-13T07:51:26Z
410,Lewis,Man City,DEF,155,2,12,6.97,0,1,1,2,0,0,0,0,0,0,2,44,45.599999999999994,27.9,13.0,8.6,0.02,0.6699999999999999,0.69,1.46,3.3,a,100.0,,0.0,0.581,0.0,2025-09-13T07:51:26Z
411,O’Reilly,Man City,DEF,24,1,0,0.0,0,0,0,0,0,0,0,0,1,0,0,-2,0.0,5.0,0.0,0.5,0.0,0.01,0.01,0.21,0.1,a,100.0,,0.0,0.0,0.0,2025-09-13T07:51:26Z
412,Vitor Reis,Man City,DEF,0,0,0,,0,0,0,0,0,0,0,0,0,0,0,0,0.0,0.0,0.0,0.0,0.0,0.0,0.0,0.0,0.0,u,0.0,0.0,,,,2025-09-13T07:51:26Z
413,Marmoush,Man City,MID,77,2,2,2.34,0,0,0,2,0,0,0,0,0,0,0,10,13.0,3.5999999999999996,42.0,5.9,0.77,0.01,0.78,0.83,5.6,i,0.0,,0.0,0.0,0.0,2025-09-13T07:51:26Z
414,Foden,Man City,MID,15,1,1,6.0,0,0,0,0,0,0,0,0,0,0,0,8,5.6,14.3,12.0,3.2,0.18,0.02,0.2,0.36,1.5,a,100.0,100.0,0.0,0.0,0.0,2025-09-13T07:51:26Z
415,Savinho,Man City,MID,0,0,0,,0,0,0,0,0,0,0,0,0,0,0,0,0.0,0.0,0.0,0.0,0.0,0.0,0.0,0.0,0.4,a,100.0,0.0,,,,2025-09-13T07:51:26Z
416,Bernardo,Man City,MID,101,2,4,3.56,0,0,1,0,0,0,0,0,0,0,0,27,25.2,64.9,8.0,9.8,0.0,0.46,0.46,0.84,0.6,a,,,0.0,0.0,0.0,2025-09-13T07:51:26Z
417,Cherki,Man City,MID,70,2,7,9.0,1,0,0,2,0,0,0,0,0,0,0,32,50.199999999999996,28.3,15.0,9.399999999999999,0.06,0.47,0.53,0.83,4.0,i,0.0,,1.286,0.0,0.0,2025-09-13T07:51:26Z
418,Doku,Man City,MID,101,2,4,3.56,0,0,1,0,0,0,0,0,0,0,0,5,2.2,15.2,12.0,2.8000000000000003,0.0,0.27,0.27,0.84,0.9,a,,,0.0,0.0,0.0,2025-09-13T07:51:26Z
419,Grealish,Everton,MID,109,2,12,9.91,0,2,1,1,0,0,0,0,0,0,2,41,54.0,36.099999999999994,17.0,10.799999999999999,0.03,0.7,0.73,3.5700000000000003,20.9,a,,,0.0,1.651,0.0,2025-09-13T07:51:26Z
420,Gündoğan,Man City,MID,0,0,0,,0,0,0,0,0,0,0,0,0,0,0,0,0.0,0.0,0.0,0.0,0.0,0.0,0.0,0.0,0.1,u,0.0,,,,,2025-09-13T07:51:26Z
421,Rodrigo,Man City,MID,15,1,1,6.0,0,0,0,0,0,0,0,0,0,0,0,7,5.4,11.4,17.0,3.4,0.05,0.02,0.07,0.36,0.6,a,100.0,100.0,0.0,0.0,0.0,2025-09-13T07:51:26Z
422,Kovačić,Man City,MID,0,0,0,,0,0,0,0,0,0,0,0,0,0,0,0,0.0,0.0,0.0,0.0,0.0,0.0,0.0,0.0,0.0,i,0.0,0.0,,,,2025-09-13T07:51:26Z
423,N.Gonzalez,Man City,MID,164,2,4,2.2,0,0,1,2,0,0,0,0,1,0,0,42,35.2,12.3,6.0,5.3,0.05,0.07,0.12000000000000001,1.31,0.1,a,,,0.0,0.0,0.0,2025-09-13T07:51:26Z
424,Bobb,Man City,MID,164,2,8,4.39,0,1,1,2,0,0,0,0,0,0,0,37,36.400000000000006,55.5,22.0,11.399999999999999,0.0,0.28,0.28,1.31,0.6,a,,,0.0,0.549,0.0,2025-09-13T07:51:26Z
425,Echeverri,Man City,MID,0,0,0,,0,0,0,0,0,0,0,0,0,0,0,0,0.0,0.0,0.0,0.0,0.0,0.0,0.0,0.0,0.0,u,0.0,0.0,,,,2025-09-13T07:51:26Z
426,McAtee,Nott'm Forest,MID,18,1,1,5.0,0,0,0,0,0,0,0,0,0,0,0,4,1.4,11.3,2.0,1.5,0.0,0.03,0.03,0.0,0.1,a,,,0.0,0.0,0.0,2025-09-13T07:51:26Z
427,Reijnders,Man City,MID,180,2,12,6.0,1,1,1,2,0,0,0,0,1,0,0,43,55.199999999999996,28.799999999999997,32.0,11.7,0.24000000000000002,0.18000000000000002,0.42000000000000004,1.6700000000000002,31.8,a,,,0.5,0.5,0.0,2025-09-13T07:51:26Z
428,Nypan,Man City,MID,0,0,0,,0,0,0,0,0,0,0,0,0,0,0,0,0.0,0.0,0.0,0.0,0.0,0.0,0.0,0.0,0.0,u,0.0,0.0,,,,2025-09-13T07:51:26Z
429,Phillips,Man City,MID,0,0,0,,0,0,0,0,0,0,0,0,0,0,0,0,0.0,0.0,0.0,0.0,0.0,0.0,0.0,0.0,0.1,a,,,,,,2025-09-13T07:51:26Z
430,Haaland,Man City,FWD,162,2,15,8.33,2,0,1,2,0,0,0,0,0,0,3,55,59.4,15.5,86.0,16.1,2.46,0.3,2.76,1.46,33.4,a,,,1.111,0.0,0.0,2025-09-13T07:51:26Z
431,Bayindir,Man Utd,GK,180,2,4,2.0,0,0,0,2,0,4,0,0,0,0,0,24,29.4,10.0,0.0,3.9000000000000004,0.0,0.03,0.03,3.0700000000000003,0.4,a,,,0.0,0.0,2.0,2025-09-13T07:51:26Z
432,Onana,Man Utd,GK,0,0,0,,0,0,0,0,0,0,0,0,0,0,0,0,0.0,0.0,0.0,0.0,0.0,0.0,0.0,0.0,0.3,u,0.0,100.0,,,,2025-09-13T07:51:26Z
433,Harrison,Man Utd,GK,0,0,0,,0,0,0,0,0,0,0,0,0,0,0,0,0.0,0.0,0.0,0.0,0.0,0.0,0.0,0.0,0.0,u,0.0,0.0,,,,2025-09-13T07:51:26Z
434,Heaton,Man Utd,GK,0,0,0,,0,0,0,0,0,0,0,0,0,0,0,0,0.0,0.0,0.0,0.0,0.0,0.0,0.0,0.0,0.3,a,,,,,,2025-09-13T07:51:26Z
435,Mee,Man Utd,GK,0,0,0,,0,0,0,0,0,0,0,0,0,0,0,0,0.0,0.0,0.0,0.0,0.0,0.0,0.0,0.0,0.1,a,,,,,,2025-09-13T07:51:26Z
436,De Ligt,Man Utd,DEF,180,2,11,5.5,0,0,0,2,0,0,0,0,0,0,3,40,62.4,16.2,26.0,10.4,0.21,0.06999999999999999,0.28,3.0700000000000003,2.9,a,,,0.0,0.0,0.0,2025-09-13T07:51:26Z
437,Martinez,Man Utd,DEF,0,0,0,,0,0,0,0,0,0,0,0,0,0,0,0,0.0,0.0,0.0,0.0,0.0,0.0,0.0,0.0,0.1,i,0.0,0.0,,,,2025-09-13T07:51:26Z
438,Mazraoui,Man Utd,DEF,0,0,0,,0,0,0,0,0,0,0,0,0,0,0,0,0.0,0.0,0.0,0.0,0.0,0.0,0.0,0.0,0.2,a,100.0,0.0,,,,2025-09-13T07:51:26Z
439,D.Leon,Man Utd,DEF,0,0,0,,0,0,0,0,0,0,0,0,0,0,0,0,0.0,0.0,0.0,0.0,0.0,0.0,0.0,0.0,0.1,a,,,,,,2025-09-13T07:51:26Z
440,Dalot,Man Utd,DEF,92,2,2,1.96,0,0,0,2,0,0,0,0,0,0,0,-2,6.8,18.9,12.0,3.6999999999999997,0.01,0.16,0.16999999999999998,1.8900000000000001,1.5,i,0.0,,0.0,0.0,0.0,2025-09-13T07:51:26Z
441,Dorgu,Man Utd,DEF,180,2,3,1.5,0,0,0,2,0,0,0,0,1,0,0,8,13.8,7.3,14.0,3.5,0.04,0.06,0.1,3.0700000000000003,6.2,a,,,0.0,0.0,0.0,2025-09-13T07:51:26Z
442,Maguire,Man Utd,DEF,13,2,2,13.85,0,0,0,0,0,0,0,0,0,0,0,4,5.4,0.5,4.0,1.0,0.1,0.0,0.1,0.24,0.6,a,,,0.0,0.0,0.0,2025-09-13T07:51:26Z
443,Shaw,Man Utd,DEF,165,2,4,2.18,0,0,0,2,0,0,0,0,0,0,0,12,20.799999999999997,15.3,0.0,3.5999999999999996,0.0,0.03,0.03,2.83,0.3,a,,,0.0,0.0,0.0,2025-09-13T07:51:26Z
444,Yoro,Man Utd,DEF,176,2,10,5.11,0,1,0,2,0,0,0,0,0,0,1,33,33.2,13.9,9.0,5.6,0.18,0.02,0.2,3.04,2.4,a,,,0.0,0.511,0.0,2025-09-13T07:51:26Z
445,Amass,Man Utd,DEF,0,0,0,,0,0,0,0,0,0,0,0,0,0,0,0,0.0,0.0,0.0,0.0,0.0,0.0,0.0,0.0,0.1,u,0.0,,,,,2025-09-13T07:51:26Z
446,Fredricson,Man Utd,DEF,0,0,0,,0,0,0,0,0,0,0,0,0,0,0,0,0.0,0.0,0.0,0.0,0.0,0.0,0.0,0.0,0.1,a,,,,,,2025-09-13T07:51:26Z
447,Heaven,Man Utd,DEF,3,1,1,30.0,0,0,0,0,0,0,0,0,0,0,0,3,2.0,0.0,0.0,0.2,0.0,0.0,0.0,0.03,1.2,a,,,0.0,0.0,0.0,2025-09-13T07:51:26Z
448,Malacia,Man Utd,DEF,0,0,0,,0,0,0,0,0,0,0,0,0,0,0,0,0.0,0.0,0.0,0.0,0.0,0.0,0.0,0.0,0.3,a,,,,,,2025-09-13T07:51:26Z
449,B.Fernandes,Man Utd,MID,180,2,4,2.0,0,0,0,2,0,0,0,1,0,0,0,31,46.2,82.6,22.0,15.1,0.97,0.33999999999999997,1.31,3.0700000000000003,20.6,a,,,0.0,0.0,0.0,2025-09-13T07:51:26Z
450,Cunha,Man Utd,MID,180,2,4,2.0,0,0,0,2,0,0,0,0,0,0,0,21,26.4,28.200000000000003,72.0,12.7,0.79,0.07,0.86,3.0700000000000003,6.5,i,0.0,,0.0,0.0,0.0,2025-09-13T07:51:26Z
451,Rashford,Man Utd,MID,0,0,0,,0,0,0,0,0,0,0,0,0,0,0,0,0.0,0.0,0.0,0.0,0.0,0.0,0.0,0.0,0.0,u,0.0,0.0,,,,2025-09-13T07:51:26Z
452,Amad,Man Utd,MID,86,2,2,2.09,0,0,0,0,0,0,0,0,0,0,0,19,24.8,15.700000000000001,41.0,8.2,0.17,0.06,0.23,1.17,1.9,a,,,0.0,0.0,0.0,2025-09-13T07:51:26Z
453,Garnacho,Man Utd,MID,0,0,0,,0,0,0,0,0,0,0,0,0,0,0,0,0.0,0.0,0.0,0.0,0.0,0.0,0.0,0.0,0.3,a,,,,,,2025-09-13T07:51:26Z
454,Antony,Man Utd,MID,0,0,0,,0,0,0,0,0,0,0,0,0,0,0,0,0.0,0.0,0.0,0.0,0.0,0.0,0.0,0.0,0.1,u,0.0,,,,,2025-09-13T07:51:26Z
455,Mount,Man Utd,MID,132,2,5,3.41,0,0,1,1,0,0,0,0,0,0,0,19,13.4,53.6,24.0,9.1,0.12,0.33999999999999997,0.46,2.16,0.2,i,0.0,,0.0,0.0,0.0,2025-09-13T07:51:26Z
456,Sancho,Man Utd,MID,0,0,0,,0,0,0,0,0,0,0,0,0,0,0,0,0.0,0.0,0.0,0.0,0.0,0.0,0.0,0.0,0.2,a,,,,,,2025-09-13T07:51:26Z
457,Casemiro,Man Utd,MID,116,2,2,1.55,0,0,0,1,0,0,0,0,1,0,0,19,17.0,12.1,2.0,3.1,0.0,0.02,0.02,2.0,0.2,a,,,0.0,0.0,0.0,2025-09-13T07:51:26Z
458,Mainoo,Man Utd,MID,0,0,0,,0,0,0,0,0,0,0,0,0,0,0,0,0.0,0.0,0.0,0.0,0.0,0.0,0.0,0.0,0.5,a,,,,,,2025-09-13T07:51:26Z
459,Ugarte,Man Utd,MID,46,2,2,3.91,0,0,0,1,0,0,0,0,0,0,0,7,8.6,12.200000000000001,1.0,2.1,0.03,0.01,0.04,0.9099999999999999,0.1,a,,,0.0,0.0,0.0,2025-09-13T07:51:26Z
460,Collyer,Man Utd,MID,0,0,0,,0,0,0,0,0,0,0,0,0,0,0,0,0.0,0.0,0.0,0.0,0.0,0.0,0.0,0.0,0.1,u,0.0,0.0,,,,2025-09-13T07:51:26Z
461,Fitzgerald,Man Utd,MID,0,0,0,,0,0,0,0,0,0,0,0,0,0,0,0,0.0,0.0,0.0,0.0,0.0,0.0,0.0,0.0,0.0,a,,,,,,2025-09-13T07:51:26Z
462,J.Fletcher,Man Utd,MID,0,0,0,,0,0,0,0,0,0,0,0,0,0,0,0,0.0,0.0,0.0,0.0,0.0,0.0,0.0,0.0,0.1,a,,,,,,2025-09-13T07:51:26Z
463,Kone,Man Utd,MID,0,0,0,,0,0,0,0,0,0,0,0,0,0,0,0,0.0,0.0,0.0,0.0,0.0,0.0,0.0,0.0,0.1,a,,,,,,2025-09-13T07:51:26Z
464,Moorhouse,Man Utd,MID,0,0,0,,0,0,0,0,0,0,0,0,0,0,0,0,0.0,0.0,0.0,0.0,0.0,0.0,0.0,0.0,0.0,a,100.0,100.0,,,,2025-09-13T07:51:26Z
465,Højlund,Man Utd,FWD,0,0,0,,0,0,0,0,0,0,0,0,0,0,0,0,0.0,0.0,0.0,0.0,0.0,0.0,0.0,0.0,0.4,u,0.0,,,,,2025-09-13T07:51:26Z
466,Zirkzee,Man Utd,FWD,0,0,0,,0,0,0,0,0,0,0,0,0,0,0,0,0.0,0.0,0.0,0.0,0.0,0.0,0.0,0.0,0.4,a,100.0,100.0,,,,2025-09-13T07:51:26Z
467,Obi,Man Utd,FWD,0,0,0,,0,0,0,0,0,0,0,0,0,0,0,0,0.0,0.0,0.0,0.0,0.0,0.0,0.0,0.0,1.5,a,,,,,,2025-09-13T07:51:26Z
468,Wheatley,Man Utd,FWD,0,0,0,,0,0,0,0,0,0,0,0,0,0,0,0,0.0,0.0,0.0,0.0,0.0,0.0,0.0,0.0,0.1,a,100.0,100.0,,,,2025-09-13T07:51:26Z
469,Pope,Newcastle,GK,180,2,13,6.5,0,1,1,3,0,4,0,0,0,0,2,39,37.0,0.0,0.0,3.7,0.0,0.0,0.0,0.8999999999999999,6.0,a,,,0.0,0.5,2.0,2025-09-13T07:51:26Z
470,Dúbravka,Burnley,GK,180,2,8,4.0,0,0,1,3,0,4,0,0,0,0,0,30,36.400000000000006,0.0,0.0,3.7,0.0,0.0,0.0,3.09,34.0,a,100.0,100.0,0.0,0.0,2.0,2025-09-13T07:51:26Z
471,Gillespie,Newcastle,GK,0,0,0,,0,0,0,0,0,0,0,0,0,0,0,0,0.0,0.0,0.0,0.0,0.0,0.0,0.0,0.0,0.1,a,,,,,,2025-09-13T07:51:26Z
472,Odysseas,Newcastle,GK,0,0,0,,0,0,0,0,0,0,0,0,0,0,0,0,0.0,0.0,0.0,0.0,0.0,0.0,0.0,0.0,0.0,u,0.0,0.0,,,,2025-09-13T07:51:26Z
473,Hall,Newcastle,DEF,14,1,1,6.43,0,0,0,1,0,0,0,0,0,0,0,1,7.4,0.5,0.0,0.8,0.0,0.0,0.0,0.37,1.5,a,,,0.0,0.0,0.0,2025-09-13T07:51:26Z
474,Schär,Newcastle,DEF,170,2,9,4.76,0,0,1,2,0,0,0,0,0,0,0,31,29.0,2.1999999999999997,10.0,4.2,0.04,0.03,0.07,0.53,3.0,a,100.0,100.0,0.0,0.0,0.0,2025-09-13T07:51:26Z
475,Botman,Newcastle,DEF,0,0,0,,0,0,0,0,0,0,0,0,0,0,0,0,0.0,0.0,0.0,0.0,0.0,0.0,0.0,0.0,0.5,a,,,,,,2025-09-13T07:51:26Z
476,Burn,Newcastle,DEF,180,2,11,5.5,0,0,1,3,0,0,0,0,1,0,1,28,39.0,15.5,14.0,6.9,0.01,0.08,0.09,0.8999999999999999,5.6,a,,,0.0,0.0,0.0,2025-09-13T07:51:26Z
477,Livramento,Newcastle,DEF,180,2,13,6.5,0,1,1,3,0,0,0,0,0,0,3,45,42.8,40.7,8.0,9.100000000000001,0.0,0.23,0.23,0.8999999999999999,9.3,a,,,0.0,0.5,0.0,2025-09-13T07:51:26Z
478,Trippier,Newcastle,DEF,165,2,7,3.82,0,0,1,2,0,0,0,0,0,0,0,24,9.8,34.1,0.0,4.300000000000001,0.0,0.14,0.14,0.53,2.8,a,,,0.0,0.0,0.0,2025-09-13T07:51:26Z
479,Krafth,Newcastle,DEF,0,0,0,,0,0,0,0,0,0,0,0,0,0,0,0,0.0,0.0,0.0,0.0,0.0,0.0,0.0,0.0,0.0,a,,,,,,2025-09-13T07:51:26Z
480,Lascelles,Newcastle,DEF,0,0,0,,0,0,0,0,0,0,0,0,0,0,0,0,0.0,0.0,0.0,0.0,0.0,0.0,0.0,0.0,0.1,a,,,,,,2025-09-13T07:51:26Z
481,A.Murphy,Newcastle,DEF,0,0,0,,0,0,0,0,0,0,0,0,0,0,0,0,0.0,0.0,0.0,0.0,0.0,0.0,0.0,0.0,0.7,a,,,,,,2025-09-13T07:51:26Z
482,Ashby,Newcastle,DEF,0,0,0,,0,0,0,0,0,0,0,0,0,0,0,0,0.0,0.0,0.0,0.0,0.0,0.0,0.0,0.0,0.1,a,,,,,,2025-09-13T07:51:26Z
483,Pivas,Newcastle,DEF,0,0,0,,0,0,0,0,0,0,0,0,0,0,0,0,0.0,0.0,0.0,0.0,0.0,0.0,0.0,0.0,0.1,a,,,,,,2025-09-13T07:51:26Z
484,Targett,Newcastle,DEF,0,0,0,,0,0,0,0,0,0,0,0,0,0,0,0,0.0,0.0,0.0,0.0,0.0,0.0,0.0,0.0,0.4,u,0.0,,,,,2025-09-13T07:51:26Z
485,Gordon,Newcastle,MID,137,2,1,0.66,0,0,1,3,0,0,0,0,0,1,0,-2,5.4,24.2,86.0,11.3,1.03,0.05,1.08,0.27,1.0,s,0.0,0.0,0.0,0.0,0.0,2025-09-13T07:51:26Z
486,Elanga,Newcastle,MID,167,2,5,2.69,0,0,1,3,0,0,0,0,0,0,0,17,15.2,44.6,37.0,9.6,0.57,0.12,0.69,0.87,8.5,a,,,0.0,0.0,0.0,2025-09-13T07:51:26Z
487,Barnes,Newcastle,MID,164,2,5,2.74,0,0,1,2,0,0,0,0,0,0,0,25,17.0,72.6,27.0,11.7,0.23,0.69,0.92,0.53,1.1,a,,,0.0,0.0,0.0,2025-09-13T07:51:26Z
488,Bruno G.,Newcastle,MID,180,2,9,4.5,1,0,1,3,0,0,0,0,1,0,0,33,44.6,30.900000000000002,19.0,9.4,0.17,0.12000000000000001,0.29000000000000004,0.8999999999999999,2.6,a,,,0.5,0.0,0.0,2025-09-13T07:51:26Z
489,J.Murphy,Newcastle,MID,12,1,1,7.5,0,0,0,0,0,0,0,0,0,0,0,3,0.6,1.3,4.0,0.6,0.0,0.01,0.01,0.03,1.2,a,,,0.0,0.0,0.0,2025-09-13T07:51:26Z
490,Joelinton,Newcastle,MID,157,2,4,2.29,0,0,1,2,0,0,0,0,1,0,0,14,11.0,4.6000000000000005,13.0,2.9,0.03,0.02,0.05,0.5,0.2,a,100.0,0.0,0.0,0.0,0.0,2025-09-13T07:51:26Z
491,Tonali,Newcastle,MID,155,2,5,2.9,0,0,1,2,0,0,0,0,0,0,0,27,14.200000000000001,30.5,8.0,5.3,0.09,0.19,0.28,0.53,1.3,a,100.0,50.0,0.0,0.0,0.0,2025-09-13T07:51:26Z
492,Antoñito C.,Newcastle,MID,0,0,0,,0,0,0,0,0,0,0,0,0,0,0,0,0.0,0.0,0.0,0.0,0.0,0.0,0.0,0.0,0.0,a,100.0,100.0,,,,2025-09-13T07:51:26Z
493,Longstaff,Leeds,MID,33,2,2,5.45,0,0,0,1,0,0,0,0,0,0,0,5,1.5999999999999999,0.7,0.0,0.30000000000000004,0.0,0.0,0.0,1.03,0.2,a,,,0.0,0.0,0.0,2025-09-13T07:51:26Z
494,Willock,Newcastle,MID,0,0,0,,0,0,0,0,0,0,0,0,0,0,0,0,0.0,0.0,0.0,0.0,0.0,0.0,0.0,0.0,0.0,a,100.0,100.0,,,,2025-09-13T07:51:26Z
495,Hayden,Newcastle,MID,0,0,0,,0,0,0,0,0,0,0,0,0,0,0,0,0.0,0.0,0.0,0.0,0.0,0.0,0.0,0.0,0.0,u,0.0,0.0,,,,2025-09-13T07:51:26Z
496,Kuol,Newcastle,MID,0,0,0,,0,0,0,0,0,0,0,0,0,0,0,0,0.0,0.0,0.0,0.0,0.0,0.0,0.0,0.0,0.1,a,,,,,,2025-09-13T07:51:26Z
497,L.Miley,Newcastle,MID,31,2,2,5.81,0,0,0,1,0,0,0,0,0,0,0,7,4.800000000000001,11.3,4.0,2.1,0.03,0.01,0.04,0.4,2.0,a,,,0.0,0.0,0.0,2025-09-13T07:51:26Z
498,White,Newcastle,MID,0,0,0,,0,0,0,0,0,0,0,0,0,0,0,0,0.0,0.0,0.0,0.0,0.0,0.0,0.0,0.0,0.0,u,0.0,0.0,,,,2025-09-13T07:51:26Z
499,Isak,Newcastle,FWD,0,0,0,,0,0,0,0,0,0,0,0,0,0,0,0,0.0,0.0,0.0,0.0,0.0,0.0,0.0,0.0,8.5,a,100.0,0.0,,,,2025-09-13T07:51:26Z
500,Osula,Newcastle,FWD,15,2,6,36.0,1,0,0,1,0,0,0,0,0,0,0,30,31.0,0.6,24.0,5.5,0.16,0.02,0.18,0.37,0.5,a,,,6.0,0.0,0.0,2025-09-13T07:51:26Z
501,Neave,Newcastle,FWD,0,0,0,,0,0,0,0,0,0,0,0,0,0,0,0,0.0,0.0,0.0,0.0,0.0,0.0,0.0,0.0,0.2,a,,,,,,2025-09-13T07:51:26Z
502,Sels,Nott'm Forest,GK,180,2,4,2.0,0,0,0,2,0,5,0,0,1,0,0,20,36.2,0.0,0.0,3.7,0.0,0.0,0.0,2.6,15.2,a,,,0.0,0.0,2.5,2025-09-13T07:51:26Z
503,C.Miguel,Nott'm Forest,GK,0,0,0,,0,0,0,0,0,0,0,0,0,0,0,0,0.0,0.0,0.0,0.0,0.0,0.0,0.0,0.0,0.1,u,0.0,0.0,,,,2025-09-13T07:51:26Z
504,Turner,Nott'm Forest,GK,0,0,0,,0,0,0,0,0,0,0,0,0,0,0,0,0.0,0.0,0.0,0.0,0.0,0.0,0.0,0.0,0.1,u,0.0,0.0,,,,2025-09-13T07:51:26Z
505,Milenković,Nott'm Forest,DEF,180,2,4,2.0,0,0,0,2,0,0,0,0,0,0,0,19,33.0,1.3,2.0,3.7,0.0,0.02,0.02,2.6,7.8,a,,,0.0,0.0,0.0,2025-09-13T07:51:26Z
506,Murillo,Nott'm Forest,DEF,180,2,3,1.5,0,0,0,2,0,0,0,0,1,0,0,15,26.200000000000003,6.9,0.0,3.3,0.0,0.18,0.18,2.6,5.1,a,,,0.0,0.0,0.0,2025-09-13T07:51:26Z
507,Aina,Nott'm Forest,DEF,180,2,5,2.5,0,0,0,2,0,0,0,0,1,0,0,20,39.6,18.0,2.0,5.9,0.0,0.05,0.05,2.6,10.2,d,25.0,,0.0,0.0,0.0,2025-09-13T07:51:26Z
508,N.Williams,Nott'm Forest,DEF,180,2,3,1.5,0,0,0,2,0,0,0,0,1,0,0,28,26.8,32.3,8.0,6.7,0.0,0.11,0.11,2.6,7.4,a,,,0.0,0.0,0.0,2025-09-13T07:51:26Z
509,David Carmo,Nott'm Forest,DEF,0,0,0,,0,0,0,0,0,0,0,0,0,0,0,0,0.0,0.0,0.0,0.0,0.0,0.0,0.0,0.0,0.0,u,0.0,,,,,2025-09-13T07:51:26Z
510,Jair Cunha,Nott'm Forest,DEF,0,0,0,,0,0,0,0,0,0,0,0,0,0,0,0,0.0,0.0,0.0,0.0,0.0,0.0,0.0,0.0,0.1,a,,,,,,2025-09-13T07:51:26Z
511,Morato,Nott'm Forest,DEF,0,0,0,,0,0,0,0,0,0,0,0,0,0,0,0,0.0,0.0,0.0,0.0,0.0,0.0,0.0,0.0,0.1,a,,,,,,2025-09-13T07:51:26Z
512,O.Richards,Nott'm Forest,DEF,0,0,0,,0,0,0,0,0,0,0,0,0,0,0,0,0.0,0.0,0.0,0.0,0.0,0.0,0.0,0.0,0.0,u,0.0,,,,,2025-09-13T07:51:26Z
513,Abbott,Nott'm Forest,DEF,0,0,0,,0,0,0,0,0,0,0,0,0,0,0,0,0.0,0.0,0.0,0.0,0.0,0.0,0.0,0.0,0.2,a,,,,,,2025-09-13T07:51:26Z
514,Boly,Nott'm Forest,DEF,0,0,0,,0,0,0,0,0,0,0,0,0,0,0,0,0.0,0.0,0.0,0.0,0.0,0.0,0.0,0.0,0.4,a,,,,,,2025-09-13T07:51:26Z
515,Gibbs-White,Nott'm Forest,MID,164,2,7,3.84,0,1,0,2,0,0,0,0,0,0,0,30,28.8,72.3,19.0,11.8,0.49,0.38,0.87,2.6,5.3,a,,,0.0,0.549,0.0,2025-09-13T07:51:26Z
516,Hudson-Odoi,Nott'm Forest,MID,161,2,12,6.71,1,0,0,2,0,0,0,0,0,0,3,46,47.400000000000006,35.599999999999994,33.0,11.6,0.33,0.26,0.5900000000000001,2.6,1.5,a,,,0.559,0.0,0.0,2025-09-13T07:51:26Z
517,Anderson,Nott'm Forest,MID,180,2,8,4.0,0,1,0,2,0,0,0,0,0,0,1,37,45.8,42.8,20.0,10.9,0.39,0.31000000000000005,0.7000000000000001,2.6,5.3,a,,,0.0,0.5,0.0,2025-09-13T07:51:26Z
518,Jota,Nott'm Forest,MID,11,1,1,8.18,0,0,0,0,0,0,0,0,0,0,0,6,5.0,0.5,4.0,1.0,0.0,0.0,0.0,0.0,0.1,u,0.0,,0.0,0.0,0.0,2025-09-13T07:51:26Z
519,Dominguez,Nott'm Forest,MID,0,0,0,,0,0,0,0,0,0,0,0,0,0,0,0,0.0,0.0,0.0,0.0,0.0,0.0,0.0,0.0,0.0,i,0.0,0.0,,,,2025-09-13T07:51:26Z
520,O'Brien,Nott'm Forest,MID,0,0,0,,0,0,0,0,0,0,0,0,0,0,0,0,0.0,0.0,0.0,0.0,0.0,0.0,0.0,0.0,0.0,u,0.0,0.0,,,,2025-09-13T07:51:26Z
521,Sangaré,Nott'm Forest,MID,177,2,4,2.03,0,0,0,2,0,0,0,0,0,0,0,25,10.8,7.5,2.0,2.0999999999999996,0.03,0.02,0.05,2.6,0.1,a,,,0.0,0.0,0.0,2025-09-13T07:51:26Z
522,Yates,Nott'm Forest,MID,8,2,2,22.5,0,0,0,0,0,0,0,0,0,0,0,10,7.199999999999999,3.4000000000000004,2.0,1.2000000000000002,0.0,0.01,0.01,0.0,0.1,a,,,0.0,0.0,0.0,2025-09-13T07:51:26Z
523,Da Silva Moreira,Nott'm Forest,MID,0,0,0,,0,0,0,0,0,0,0,0,0,0,0,0,0.0,0.0,0.0,0.0,0.0,0.0,0.0,0.0,0.1,u,0.0,,,,,2025-09-13T07:51:26Z
524,Stamenic,Nott'm Forest,MID,0,0,0,,0,0,0,0,0,0,0,0,0,0,0,0,0.0,0.0,0.0,0.0,0.0,0.0,0.0,0.0,0.0,u,0.0,0.0,,,,2025-09-13T07:51:26Z
525,Wood,Nott'm Forest,FWD,165,2,15,8.18,2,0,0,2,0,0,0,0,0,0,3,61,66.2,15.3,67.0,14.5,1.18,0.06999999999999999,1.25,2.6,22.6,a,,,1.091,0.0,0.0,2025-09-13T07:51:26Z
526,Igor Jesus,Nott'm Forest,FWD,13,2,2,13.85,0,0,0,0,0,0,0,0,0,0,0,3,1.0,1.8,8.0,0.9,0.07,0.0,0.07,0.0,0.5,a,,,0.0,0.0,0.0,2025-09-13T07:51:26Z
527,Awoniyi,Nott'm Forest,FWD,0,0,0,,0,0,0,0,0,0,0,0,0,0,0,0,0.0,0.0,0.0,0.0,0.0,0.0,0.0,0.0,0.5,a,,,,,,2025-09-13T07:51:26Z
528,Patterson,Sunderland,GK,0,0,0,,0,0,0,0,0,0,0,0,0,0,0,0,0.0,0.0,0.0,0.0,0.0,0.0,0.0,0.0,0.3,a,,,,,,2025-09-13T07:51:26Z
529,Moore,Sunderland,GK,0,0,0,,0,0,0,0,0,0,0,0,0,0,0,0,0.0,0.0,0.0,0.0,0.0,0.0,0.0,0.0,0.5,a,,,,,,2025-09-13T07:51:26Z
530,Nna Noukeu,Sunderland,GK,0,0,0,,0,0,0,0,0,0,0,0,0,0,0,0,0.0,0.0,0.0,0.0,0.0,0.0,0.0,0.0,0.1,a,,,,,,2025-09-13T07:51:26Z
531,Ballard,Sunderland,DEF,98,2,18,16.53,1,0,1,0,0,0,0,0,0,0,3,61,74.8,10.8,66.0,15.200000000000001,0.18,0.18000000000000002,0.36,0.56,3.3,i,0.0,0.0,0.918,0.0,0.0,2025-09-13T07:51:26Z
532,Hume,Sunderland,DEF,180,2,7,3.5,0,0,1,2,0,0,0,0,0,0,0,32,25.799999999999997,29.8,4.0,6.0,0.03,0.12,0.15,1.56,0.3,a,,,0.0,0.0,0.0,2025-09-13T07:51:26Z
533,Alese,Sunderland,DEF,0,0,0,,0,0,0,0,0,0,0,0,0,0,0,0,0.0,0.0,0.0,0.0,0.0,0.0,0.0,0.0,0.0,i,0.0,0.0,,,,2025-09-13T07:51:26Z
534,Anderson,Sunderland,DEF,0,0,0,,0,0,0,0,0,0,0,0,0,0,0,0,0.0,0.0,0.0,0.0,0.0,0.0,0.0,0.0,0.4,a,,,,,,2025-09-13T07:51:26Z
535,Cirkin,Sunderland,DEF,0,0,0,,0,0,0,0,0,0,0,0,0,0,0,0,0.0,0.0,0.0,0.0,0.0,0.0,0.0,0.0,0.0,i,0.0,0.0,,,,2025-09-13T07:51:26Z
536,Hjelde,Sunderland,DEF,0,0,0,,0,0,0,0,0,0,0,0,0,0,0,0,0.0,0.0,0.0,0.0,0.0,0.0,0.0,0.0,0.0,i,0.0,0.0,,,,2025-09-13T07:51:26Z
537,Huggins,Sunderland,DEF,0,0,0,,0,0,0,0,0,0,0,0,0,0,0,0,0.0,0.0,0.0,0.0,0.0,0.0,0.0,0.0,0.1,u,0.0,75.0,,,,2025-09-13T07:51:26Z
538,Johnson,Sunderland,DEF,0,0,0,,0,0,0,0,0,0,0,0,0,0,0,0,0.0,0.0,0.0,0.0,0.0,0.0,0.0,0.0,0.2,a,,,,,,2025-09-13T07:51:26Z
539,O'Nien,Sunderland,DEF,0,0,0,,0,0,0,0,0,0,0,0,0,0,0,0,0.0,0.0,0.0,0.0,0.0,0.0,0.0,0.0,0.0,i,0.0,0.0,,,,2025-09-13T07:51:26Z
540,Pembele,Sunderland,DEF,0,0,0,,0,0,0,0,0,0,0,0,0,0,0,0,0.0,0.0,0.0,0.0,0.0,0.0,0.0,0.0,0.2,a,,,,,,2025-09-13T07:51:26Z
541,Reinildo,Sunderland,DEF,180,2,9,4.5,0,0,1,2,0,0,0,0,0,0,0,41,43.0,12.9,0.0,5.6,0.0,0.02,0.02,1.56,8.2,a,,,0.0,0.0,0.0,2025-09-13T07:51:26Z
542,Seelt,Sunderland,DEF,133,2,2,1.35,0,0,0,2,0,0,0,0,0,0,0,11,33.599999999999994,2.4,0.0,3.6,0.0,0.01,0.01,1.33,0.2,u,0.0,100.0,0.0,0.0,0.0,2025-09-13T07:51:26Z
543,Adingra,Sunderland,MID,137,2,7,4.6,0,1,1,1,0,0,0,0,1,0,0,15,8.2,34.0,6.0,4.8,0.14,0.11,0.25,0.67,1.2,a,,,0.0,0.657,0.0,2025-09-13T07:51:26Z
544,Diarra,Sunderland,MID,169,2,5,2.66,0,0,1,1,0,0,0,0,0,0,0,11,10.6,19.400000000000002,24.0,5.4,0.23,0.05,0.27999999999999997,0.9000000000000001,0.1,a,,,0.0,0.0,0.0,2025-09-13T07:51:26Z
545,Roberts,Sunderland,MID,27,1,1,3.33,0,0,0,1,0,0,0,0,0,0,0,4,1.8,7.3,5.0,1.4,0.03,0.02,0.05,0.66,0.0,u,0.0,,0.0,0.0,0.0,2025-09-13T07:51:26Z
546,Aleksić,Sunderland,MID,0,0,0,,0,0,0,0,0,0,0,0,0,0,0,0,0.0,0.0,0.0,0.0,0.0,0.0,0.0,0.0,0.0,u,0.0,,,,,2025-09-13T07:51:26Z
547,E.Le Fée,Sunderland,MID,41,2,2,4.39,0,0,0,1,0,0,0,0,0,0,0,19,12.2,23.7,4.0,4.0,0.04,0.05,0.09,0.89,0.5,a,,,0.0,0.0,0.0,2025-09-13T07:51:26Z
548,Mundle,Sunderland,MID,0,0,0,,0,0,0,0,0,0,0,0,0,0,0,0,0.0,0.0,0.0,0.0,0.0,0.0,0.0,0.0,0.0,i,0.0,0.0,,,,2025-09-13T07:51:26Z
549,Neil,Sunderland,MID,0,0,0,,0,0,0,0,0,0,0,0,0,0,0,0,0.0,0.0,0.0,0.0,0.0,0.0,0.0,0.0,0.0,a,,,,,,2025-09-13T07:51:26Z
550,Poveda,Sunderland,MID,0,0,0,,0,0,0,0,0,0,0,0,0,0,0,0,0.0,0.0,0.0,0.0,0.0,0.0,0.0,0.0,0.0,a,,,,,,2025-09-13T07:51:26Z
551,Rigg,Sunderland,MID,1,1,1,90.0,0,0,0,0,0,0,0,0,0,0,0,3,0.0,0.0,0.0,0.0,0.0,0.0,0.0,0.03,0.0,a,,,0.0,0.0,0.0,2025-09-13T07:51:26Z
552,Sadiki,Sunderland,MID,180,2,5,2.5,0,0,1,2,0,0,0,0,0,0,0,19,20.4,13.3,4.0,3.8,0.0,0.09,0.09,1.56,0.0,a,,,0.0,0.0,0.0,2025-09-13T07:51:26Z
553,Talbi,Sunderland,MID,152,2,8,4.74,0,1,1,1,0,0,0,0,0,0,0,20,22.6,34.7,6.0,6.3,0.23,0.02,0.25,0.8700000000000001,0.3,a,,,0.0,0.592,0.0,2025-09-13T07:51:26Z
554,Ba,Sunderland,MID,0,0,0,,0,0,0,0,0,0,0,0,0,0,0,0,0.0,0.0,0.0,0.0,0.0,0.0,0.0,0.0,0.2,a,,,,,,2025-09-13T07:51:26Z
555,Browne,Sunderland,MID,0,0,0,,0,0,0,0,0,0,0,0,0,0,0,0,0.0,0.0,0.0,0.0,0.0,0.0,0.0,0.0,0.1,u,0.0,,,,,2025-09-13T07:51:26Z
556,Ekwah,Sunderland,MID,0,0,0,,0,0,0,0,0,0,0,0,0,0,0,0,0.0,0.0,0.0,0.0,0.0,0.0,0.0,0.0,0.0,u,0.0,0.0,,,,2025-09-13T07:51:26Z
557,H.Jones,Sunderland,MID,0,0,0,,0,0,0,0,0,0,0,0,0,0,0,0,0.0,0.0,0.0,0.0,0.0,0.0,0.0,0.0,0.1,a,,,,,,2025-09-13T07:51:26Z
558,Matete,Sunderland,MID,0,0,0,,0,0,0,0,0,0,0,0,0,0,0,0,0.0,0.0,0.0,0.0,0.0,0.0,0.0,0.0,0.2,a,,,,,,2025-09-13T07:51:26Z
559,Triantis,Sunderland,MID,0,0,0,,0,0,0,0,0,0,0,0,0,0,0,0,0.0,0.0,0.0,0.0,0.0,0.0,0.0,0.0,0.1,a,,,,,,2025-09-13T07:51:26Z
560,Isidor,Sunderland,FWD,41,2,6,13.17,1,0,0,1,0,0,0,0,0,0,0,29,34.2,0.1,21.0,5.5,0.04,0.0,0.04,0.89,0.7,a,,,2.195,0.0,0.0,2025-09-13T07:51:26Z
561,Mayenda,Sunderland,FWD,137,2,10,6.57,1,0,1,1,0,0,0,0,0,0,2,40,45.2,11.600000000000001,45.0,10.2,0.39,0.0,0.39,0.67,1.6,a,,,0.657,0.0,0.0,2025-09-13T07:51:26Z
562,Abdullahi,Sunderland,FWD,0,0,0,,0,0,0,0,0,0,0,0,0,0,0,0,0.0,0.0,0.0,0.0,0.0,0.0,0.0,0.0,0.4,a,,,,,,2025-09-13T07:51:26Z
563,Luís Hemir,Sunderland,FWD,0,0,0,,0,0,0,0,0,0,0,0,0,0,0,0,0.0,0.0,0.0,0.0,0.0,0.0,0.0,0.0,0.2,a,,,,,,2025-09-13T07:51:26Z
564,Rusyn,Sunderland,FWD,0,0,0,,0,0,0,0,0,0,0,0,0,0,0,0,0.0,0.0,0.0,0.0,0.0,0.0,0.0,0.0,0.2,u,0.0,,,,,2025-09-13T07:51:26Z
565,Vicario,Spurs,GK,180,2,18,9.0,0,0,2,0,0,8,0,0,0,0,4,66,58.4,0.0,0.0,5.8,0.0,0.01,0.01,2.49,9.4,a,,,0.0,0.0,4.0,2025-09-13T07:51:26Z
566,Austin,Spurs,GK,0,0,0,,0,0,0,0,0,0,0,0,0,0,0,0,0.0,0.0,0.0,0.0,0.0,0.0,0.0,0.0,0.3,a,,,,,,2025-09-13T07:51:26Z
567,Kinsky,Spurs,GK,0,0,0,,0,0,0,0,0,0,0,0,0,0,0,0,0.0,0.0,0.0,0.0,0.0,0.0,0.0,0.0,1.6,a,,,,,,2025-09-13T07:51:26Z
568,Pedro Porro,Spurs,DEF,180,2,11,5.5,0,0,2,0,0,0,0,0,1,0,0,46,36.4,76.19999999999999,9.0,12.2,0.1,0.39,0.49,2.49,25.2,a,,,0.0,0.0,0.0,2025-09-13T07:51:26Z
569,Romero,Spurs,DEF,180,2,13,6.5,0,0,2,0,0,0,0,0,1,0,0,50,38.6,1.7,8.0,4.8,0.0,0.02,0.02,2.49,5.4,a,,,0.0,0.0,0.0,2025-09-13T07:51:26Z
570,Danso,Spurs,DEF,1,1,1,90.0,0,0,0,0,0,0,0,0,0,0,0,4,4.2,0.0,0.0,0.4,0.0,0.0,0.0,0.0,0.2,a,,,0.0,0.0,0.0,2025-09-13T07:51:26Z
571,Davies,Spurs,DEF,0,0,0,,0,0,0,0,0,0,0,0,0,0,0,0,0.0,0.0,0.0,0.0,0.0,0.0,0.0,0.0,0.1,a,,,,,,2025-09-13T07:51:26Z
572,Dragusin,Spurs,DEF,0,0,0,,0,0,0,0,0,0,0,0,0,0,0,0,0.0,0.0,0.0,0.0,0.0,0.0,0.0,0.0,0.0,i,0.0,0.0,,,,2025-09-13T07:51:26Z
573,Spence,Spurs,DEF,180,2,12,6.0,0,0,2,0,0,0,0,0,0,0,0,45,20.4,8.4,24.0,5.3,0.18,0.09000000000000001,0.27,2.49,2.4,a,,,0.0,0.0,0.0,2025-09-13T07:51:26Z
574,Udogie,Spurs,DEF,0,0,0,,0,0,0,0,0,0,0,0,0,0,0,0,0.0,0.0,0.0,0.0,0.0,0.0,0.0,0.0,0.5,a,100.0,100.0,,,,2025-09-13T07:51:26Z
575,Van de Ven,Spurs,DEF,180,2,12,6.0,0,0,2,0,0,0,0,0,0,0,0,53,24.2,1.7,14.0,4.0,0.59,0.01,0.6,2.49,28.3,a,,,0.0,0.0,0.0,2025-09-13T07:51:26Z
576,Phillips,Spurs,DEF,0,0,0,,0,0,0,0,0,0,0,0,0,0,0,0,0.0,0.0,0.0,0.0,0.0,0.0,0.0,0.0,0.0,u,0.0,0.0,,,,2025-09-13T07:51:26Z
577,Takai,Spurs,DEF,0,0,0,,0,0,0,0,0,0,0,0,0,0,0,0,0.0,0.0,0.0,0.0,0.0,0.0,0.0,0.0,0.1,d,50.0,50.0,,,,2025-09-13T07:51:26Z
578,Vuskovic,Spurs,DEF,0,0,0,,0,0,0,0,0,0,0,0,0,0,0,0,0.0,0.0,0.0,0.0,0.0,0.0,0.0,0.0,0.7,u,0.0,,,,,2025-09-13T07:51:26Z
579,Son,Spurs,MID,0,0,0,,0,0,0,0,0,0,0,0,0,0,0,0,0.0,0.0,0.0,0.0,0.0,0.0,0.0,0.0,0.2,u,0.0,0.0,,,,2025-09-13T07:51:26Z
580,Johnson,Spurs,MID,156,2,17,9.81,2,0,2,0,0,0,0,0,1,0,2,60,83.0,42.900000000000006,42.0,16.8,0.9,0.09,0.99,2.31,10.0,a,,,1.154,0.0,0.0,2025-09-13T07:51:26Z
581,Maddison,Spurs,MID,0,0,0,,0,0,0,0,0,0,0,0,0,0,0,0,0.0,0.0,0.0,0.0,0.0,0.0,0.0,0.0,0.2,i,0.0,0.0,,,,2025-09-13T07:51:26Z
582,Kudus,Spurs,MID,169,2,13,6.92,0,2,2,0,0,0,0,0,0,0,1,49,56.8,92.9,13.0,16.2,0.06,0.6699999999999999,0.73,2.49,32.4,a,,,0.0,1.065,0.0,2025-09-13T07:51:26Z
583,Kulusevski,Spurs,MID,0,0,0,,0,0,0,0,0,0,0,0,0,0,0,0,0.0,0.0,0.0,0.0,0.0,0.0,0.0,0.0,0.0,i,0.0,0.0,,,,2025-09-13T07:51:26Z
584,Tel,Spurs,MID,5,1,1,18.0,0,0,0,0,0,0,0,0,0,0,0,1,0.0,0.1,0.0,0.0,0.0,0.0,0.0,0.0,0.1,a,,,0.0,0.0,0.0,2025-09-13T07:51:26Z
585,Bentancur,Spurs,MID,109,2,4,3.3,0,0,1,0,0,0,0,0,0,0,0,19,16.2,13.0,2.0,3.2,0.0,0.0,0.0,1.59,0.2,a,,,0.0,0.0,0.0,2025-09-13T07:51:26Z
586,Bergvall,Spurs,MID,83,2,4,4.34,0,0,1,0,0,0,0,0,0,0,0,18,18.4,13.8,35.0,6.800000000000001,0.12,0.060000000000000005,0.18,0.94,0.1,a,,,0.0,0.0,0.0,2025-09-13T07:51:26Z
587,Bissouma,Spurs,MID,0,0,0,,0,0,0,0,0,0,0,0,0,0,0,0,0.0,0.0,0.0,0.0,0.0,0.0,0.0,0.0,0.1,i,0.0,0.0,,,,2025-09-13T07:51:26Z
588,Odobert,Spurs,MID,22,2,2,8.18,0,0,0,0,0,0,0,0,0,0,0,5,4.6,10.8,21.0,3.7,0.25,0.01,0.26,0.18,0.0,a,,,0.0,0.0,0.0,2025-09-13T07:51:26Z
589,Solomon,Spurs,MID,0,0,0,,0,0,0,0,0,0,0,0,0,0,0,0,0.0,0.0,0.0,0.0,0.0,0.0,0.0,0.0,0.0,u,0.0,50.0,,,,2025-09-13T07:51:26Z
590,Bryan,Spurs,MID,0,0,0,,0,0,0,0,0,0,0,0,0,0,0,0,0.0,0.0,0.0,0.0,0.0,0.0,0.0,0.0,0.0,a,,,,,,2025-09-13T07:51:26Z
591,Gray,Spurs,MID,70,1,3,3.86,0,0,1,0,0,0,0,0,0,0,0,13,3.6,3.0,2.0,0.9,0.0,0.05,0.05,0.89,0.1,a,,,0.0,0.0,0.0,2025-09-13T07:51:26Z
592,Moore,Spurs,MID,0,0,0,,0,0,0,0,0,0,0,0,0,0,0,0,0.0,0.0,0.0,0.0,0.0,0.0,0.0,0.0,0.0,u,0.0,0.0,,,,2025-09-13T07:51:26Z
593,P.M.Sarr,Spurs,MID,180,2,9,4.5,0,1,2,0,0,0,0,0,0,0,0,36,39.400000000000006,20.2,21.0,8.100000000000001,0.03,0.23,0.26,2.49,2.5,a,,,0.0,0.5,0.0,2025-09-13T07:51:26Z
594,Min-hyeok,Spurs,MID,0,0,0,,0,0,0,0,0,0,0,0,0,0,0,0,0.0,0.0,0.0,0.0,0.0,0.0,0.0,0.0,0.0,u,0.0,0.0,,,,2025-09-13T07:51:26Z
595,Olusesi,Spurs,MID,0,0,0,,0,0,0,0,0,0,0,0,0,0,0,0,0.0,0.0,0.0,0.0,0.0,0.0,0.0,0.0,0.2,a,,,,,,2025-09-13T07:51:26Z
596,Solanke,Spurs,FWD,31,2,2,5.81,0,0,0,0,0,0,0,0,0,0,0,10,6.0,0.3,25.0,3.0999999999999996,0.2,0.0,0.2,0.22,1.9,i,0.0,100.0,0.0,0.0,0.0,2025-09-13T07:51:26Z
597,Richarlison,Spurs,FWD,148,2,17,10.34,2,1,2,0,0,0,0,0,1,0,3,79,90.6,11.3,103.0,20.5,0.88,0.12,1.0,2.2600000000000002,14.2,a,,,1.216,0.608,0.0,2025-09-13T07:51:26Z
598,Lankshear,Spurs,FWD,0,0,0,,0,0,0,0,0,0,0,0,0,0,0,0,0.0,0.0,0.0,0.0,0.0,0.0,0.0,0.0,0.0,u,0.0,0.0,,,,2025-09-13T07:51:26Z
599,Scarlett,Spurs,FWD,0,0,0,,0,0,0,0,0,0,0,0,0,0,0,0,0.0,0.0,0.0,0.0,0.0,0.0,0.0,0.0,0.7,a,,,,,,2025-09-13T07:51:26Z
600,Areola,West Ham,GK,0,0,0,,0,0,0,0,0,0,0,0,0,0,0,0,0.0,0.0,0.0,0.0,0.0,0.0,0.0,0.0,2.8,a,,,,,,2025-09-13T07:51:26Z
601,Foderingham,West Ham,GK,0,0,0,,0,0,0,0,0,0,0,0,0,0,0,0,0.0,0.0,0.0,0.0,0.0,0.0,0.0,0.0,0.5,u,0.0,,,,,2025-09-13T07:51:26Z
602,Hegyi,West Ham,GK,0,0,0,,0,0,0,0,0,0,0,0,0,0,0,0,0.0,0.0,0.0,0.0,0.0,0.0,0.0,0.0,0.2,a,,,,,,2025-09-13T07:51:26Z
603,Diouf,West Ham,DEF,180,2,4,2.0,0,1,0,8,0,0,0,0,0,0,0,3,31.400000000000002,43.4,12.0,8.7,0.16,0.08,0.24000000000000002,3.4200000000000004,4.9,a,,,0.0,0.5,0.0,2025-09-13T07:51:26Z
604,Emerson,West Ham,DEF,0,0,0,,0,0,0,0,0,0,0,0,0,0,0,0,0.0,0.0,0.0,0.0,0.0,0.0,0.0,0.0,0.1,u,0.0,,,,,2025-09-13T07:51:26Z
605,Kilman,West Ham,DEF,180,2,0,0.0,0,0,0,8,0,0,0,0,1,0,0,-14,31.2,16.5,7.0,5.4,0.19,0.03,0.22,3.4200000000000004,0.2,a,,,0.0,0.0,0.0,2025-09-13T07:51:26Z
606,Mavropanos,West Ham,DEF,0,0,0,,0,0,0,0,0,0,0,0,0,0,0,0,0.0,0.0,0.0,0.0,0.0,0.0,0.0,0.0,0.1,a,,,,,,2025-09-13T07:51:26Z
607,N.Aguerd,West Ham,DEF,180,2,3,1.5,0,0,0,8,0,0,0,0,0,0,0,-1,39.0,3.9,8.0,5.1,0.1,0.03,0.13,3.4200000000000004,0.1,u,0.0,,0.0,0.0,0.0,2025-09-13T07:51:26Z
608,Scarles,West Ham,DEF,0,0,0,,0,0,0,0,0,0,0,0,0,0,0,0,0.0,0.0,0.0,0.0,0.0,0.0,0.0,0.0,0.0,a,,,,,,2025-09-13T07:51:26Z
609,Todibo,West Ham,DEF,126,2,1,0.71,0,0,0,5,0,0,0,0,0,0,0,0,25.200000000000003,3.4,0.0,2.9,0.0,0.01,0.01,2.2600000000000002,0.1,a,,,0.0,0.0,0.0,2025-09-13T07:51:26Z
610,Wan-Bissaka,West Ham,DEF,180,2,1,0.5,0,0,0,8,0,0,0,0,0,0,0,1,34.8,44.5,8.0,8.8,0.0,0.13,0.13,3.4200000000000004,13.8,a,,,0.0,0.0,0.0,2025-09-13T07:51:26Z
611,Casey,West Ham,DEF,0,0,0,,0,0,0,0,0,0,0,0,0,0,0,0,0.0,0.0,0.0,0.0,0.0,0.0,0.0,0.0,0.1,u,0.0,0.0,,,,2025-09-13T07:51:26Z
612,L.Paquetá,West Ham,MID,180,2,11,5.5,1,0,0,8,0,0,0,0,0,0,2,50,60.199999999999996,32.5,18.0,11.1,0.07,0.16999999999999998,0.24,3.4200000000000004,3.1,a,,,0.5,0.0,0.0,2025-09-13T07:51:26Z
613,Souček,West Ham,MID,88,2,3,3.07,0,0,0,7,0,0,0,0,0,0,0,12,10.2,2.0,41.0,5.4,0.16,0.0,0.16,2.5100000000000002,0.5,a,,,0.0,0.0,0.0,2025-09-13T07:51:26Z
614,Ward-Prowse,West Ham,MID,160,2,4,2.25,0,0,0,6,0,0,0,0,0,0,0,36,23.400000000000002,73.8,4.0,10.1,0.11,0.33,0.44,3.3400000000000003,0.3,a,,,0.0,0.0,0.0,2025-09-13T07:51:26Z
615,Summerville,West Ham,MID,0,0,0,,0,0,0,0,0,0,0,0,0,0,0,0,0.0,0.0,0.0,0.0,0.0,0.0,0.0,0.0,0.0,a,100.0,0.0,,,,2025-09-13T07:51:26Z
616,Álvarez,West Ham,MID,0,0,0,,0,0,0,0,0,0,0,0,0,0,0,0,0.0,0.0,0.0,0.0,0.0,0.0,0.0,0.0,0.1,u,0.0,0.0,,,,2025-09-13T07:51:26Z
617,Cornet,West Ham,MID,0,0,0,,0,0,0,0,0,0,0,0,0,0,0,0,0.0,0.0,0.0,0.0,0.0,0.0,0.0,0.0,0.0,u,0.0,,,,,2025-09-13T07:51:26Z
618,G.Rodriguez,West Ham,MID,70,1,2,2.57,0,0,0,1,0,0,0,0,0,0,0,11,2.2,2.3,2.0,0.7,0.03,0.03,0.06,0.6,0.1,a,,,0.0,0.0,0.0,2025-09-13T07:51:26Z
619,L.Guilherme,West Ham,MID,0,0,0,,0,0,0,0,0,0,0,0,0,0,0,0,0.0,0.0,0.0,0.0,0.0,0.0,0.0,0.0,0.0,i,0.0,0.0,,,,2025-09-13T07:51:26Z
620,Earthy,West Ham,MID,0,0,0,,0,0,0,0,0,0,0,0,0,0,0,0,0.0,0.0,0.0,0.0,0.0,0.0,0.0,0.0,0.1,a,100.0,100.0,,,,2025-09-13T07:51:26Z
621,Irving,West Ham,MID,8,1,1,11.25,0,0,0,1,0,0,0,0,0,0,0,6,4.4,14.8,0.0,1.9,0.0,0.06,0.06,0.04,0.2,a,,,0.0,0.0,0.0,2025-09-13T07:51:26Z
622,Orford,West Ham,MID,0,0,0,,0,0,0,0,0,0,0,0,0,0,0,0,0.0,0.0,0.0,0.0,0.0,0.0,0.0,0.0,0.1,u,0.0,,,,,2025-09-13T07:51:26Z
623,Potts,West Ham,MID,45,1,1,2.0,0,0,0,2,0,0,0,0,0,0,0,2,6.2,2.2,2.0,1.0,0.0,0.0,0.0,1.12,0.7,a,,,0.0,0.0,0.0,2025-09-13T07:51:26Z
624,Bowen,West Ham,FWD,180,2,4,2.0,0,0,0,8,0,0,0,0,0,0,0,23,20.4,25.5,64.0,11.0,0.24,0.16,0.4,3.4200000000000004,7.1,a,,,0.0,0.0,0.0,2025-09-13T07:51:26Z
625,Füllkrug,West Ham,FWD,135,2,3,2.0,0,0,0,6,0,0,0,0,0,0,0,2,2.0,25.0,36.0,6.300000000000001,0.14,0.1,0.24,2.3000000000000003,1.4,d,75.0,,0.0,0.0,0.0,2025-09-13T07:51:26Z
626,Marshall,West Ham,FWD,0,0,0,,0,0,0,0,0,0,0,0,0,0,0,0,0.0,0.0,0.0,0.0,0.0,0.0,0.0,0.0,0.7,a,,,,,,2025-09-13T07:51:26Z
627,Johnstone,Wolves,GK,0,0,0,,0,0,0,0,0,0,0,0,0,0,0,0,0.0,0.0,0.0,0.0,0.0,0.0,0.0,0.0,0.1,a,,,,,,2025-09-13T07:51:26Z
628,José Sá,Wolves,GK,180,2,3,1.5,0,0,0,5,0,3,0,0,0,0,0,6,24.6,10.0,0.0,3.5,0.0,0.03,0.03,3.7600000000000002,1.7,a,,,0.0,0.0,1.5,2025-09-13T07:51:26Z
629,Bentley,Wolves,GK,0,0,0,,0,0,0,0,0,0,0,0,0,0,0,0,0.0,0.0,0.0,0.0,0.0,0.0,0.0,0.0,0.7,a,,,,,,2025-09-13T07:51:26Z
630,King,Everton,GK,0,0,0,,0,0,0,0,0,0,0,0,0,0,0,0,0.0,0.0,0.0,0.0,0.0,0.0,0.0,0.0,1.3,a,,,,,,2025-09-13T07:51:26Z
631,Agbadou,Wolves,DEF,180,2,4,2.0,0,0,0,5,0,0,0,0,0,0,0,10,47.8,1.0,5.0,5.3999999999999995,0.12000000000000001,0.04,0.16,3.7600000000000002,0.4,a,,,0.0,0.0,0.0,2025-09-13T07:51:26Z
632,Doherty,Wolves,DEF,180,2,0,0.0,0,0,0,5,0,0,0,0,2,0,0,4,29.0,7.7,0.0,3.7,0.0,0.03,0.03,3.7600000000000002,0.2,a,,,0.0,0.0,0.0,2025-09-13T07:51:26Z
633,H.Bueno,Wolves,DEF,63,2,1,1.43,0,0,0,1,0,0,0,0,1,0,0,3,10.0,29.799999999999997,11.0,5.1,0.06,0.11,0.17,0.8099999999999999,0.1,d,75.0,,0.0,0.0,0.0,2025-09-13T07:51:26Z
634,Mosquera,Wolves,DEF,0,0,0,,0,0,0,0,0,0,0,0,0,0,0,0,0.0,0.0,0.0,0.0,0.0,0.0,0.0,0.0,0.1,a,,,,,,2025-09-13T07:51:26Z
635,R.Gomes,Wolves,DEF,17,1,1,5.29,0,0,0,1,0,0,0,0,0,0,0,-1,2.2,1.0,4.0,0.7,0.0,0.0,0.0,0.24,0.1,a,,,0.0,0.0,0.0,2025-09-13T07:51:26Z
636,S.Bueno,Wolves,DEF,34,1,1,2.65,0,0,0,0,0,0,0,0,0,0,0,6,12.0,0.2,0.0,1.2,0.0,0.0,0.0,0.46,0.0,a,,,0.0,0.0,0.0,2025-09-13T07:51:26Z
637,Toti,Wolves,DEF,138,2,-2,-1.3,0,0,0,5,0,0,0,0,0,1,0,-9,22.2,11.4,0.0,3.3,0.0,0.0,0.0,3.1900000000000004,0.1,a,,,0.0,0.0,0.0,2025-09-13T07:51:26Z
638,Hoever,Wolves,DEF,106,2,2,1.7,0,0,0,4,0,0,0,0,0,0,0,1,22.8,34.2,2.0,5.9,0.0,0.24000000000000002,0.24000000000000002,2.85,1.5,d,25.0,75.0,0.0,0.0,0.0,2025-09-13T07:51:26Z
639,Meupiyou,Wolves,DEF,0,0,0,,0,0,0,0,0,0,0,0,0,0,0,0,0.0,0.0,0.0,0.0,0.0,0.0,0.0,0.0,0.0,u,0.0,0.0,,,,2025-09-13T07:51:26Z
640,Pedro Lima,Wolves,DEF,0,0,0,,0,0,0,0,0,0,0,0,0,0,0,0,0.0,0.0,0.0,0.0,0.0,0.0,0.0,0.0,0.8,u,0.0,,,,,2025-09-13T07:51:26Z
641,Pond,Wolves,DEF,0,0,0,,0,0,0,0,0,0,0,0,0,0,0,0,0.0,0.0,0.0,0.0,0.0,0.0,0.0,0.0,1.2,a,,,,,,2025-09-13T07:51:26Z
642,Hee Chan,Wolves,MID,20,2,2,9.0,0,0,0,0,0,0,0,0,0,0,0,3,3.0,10.3,0.0,1.3,0.0,0.02,0.02,0.35,0.2,a,,,0.0,0.0,0.0,2025-09-13T07:51:26Z
643,André,Wolves,MID,116,2,5,3.88,0,0,0,3,0,0,0,0,0,0,0,24,23.6,3.5,0.0,2.7,0.0,0.02,0.02,2.79,0.1,a,,,0.0,0.0,0.0,2025-09-13T07:51:26Z
644,Bellegarde,Wolves,MID,117,2,3,2.31,0,0,0,4,0,0,0,0,0,0,0,11,7.3999999999999995,22.9,7.0,3.7,0.03,0.04,0.07,2.9400000000000004,0.1,a,,,0.0,0.0,0.0,2025-09-13T07:51:26Z
645,Fer López,Wolves,MID,18,1,1,5.0,0,0,0,1,0,0,0,0,0,0,0,5,3.4,0.6,19.0,2.3,0.08,0.02,0.1,0.24,0.0,a,,,0.0,0.0,0.0,2025-09-13T07:51:26Z
646,Gomes,Wolves,MID,180,2,3,1.5,0,0,0,5,0,0,0,0,1,0,0,33,28.0,17.8,6.0,5.199999999999999,0.0,0.06,0.06,3.7600000000000002,0.1,a,,,0.0,0.0,0.0,2025-09-13T07:51:26Z
647,Guedes,Wolves,MID,0,0,0,,0,0,0,0,0,0,0,0,0,0,0,0,0.0,0.0,0.0,0.0,0.0,0.0,0.0,0.0,0.0,u,0.0,0.0,,,,2025-09-13T07:51:26Z
648,Munetsi,Wolves,MID,180,2,4,2.0,0,0,0,5,0,0,0,0,0,0,0,17,12.600000000000001,7.7,11.0,3.1,0.11,0.03,0.14,3.7600000000000002,0.1,a,,,0.0,0.0,0.0,2025-09-13T07:51:26Z
649,B.Traore,Wolves,MID,0,0,0,,0,0,0,0,0,0,0,0,0,0,0,0,0.0,0.0,0.0,0.0,0.0,0.0,0.0,0.0,0.0,u,0.0,0.0,,,,2025-09-13T07:51:26Z
650,Chirewa,Wolves,MID,0,0,0,,0,0,0,0,0,0,0,0,0,0,0,0,0.0,0.0,0.0,0.0,0.0,0.0,0.0,0.0,0.3,a,,,,,,2025-09-13T07:51:26Z
651,Edozie,Wolves,MID,0,0,0,,0,0,0,0,0,0,0,0,0,0,0,0,0.0,0.0,0.0,0.0,0.0,0.0,0.0,0.0,0.4,a,,,,,,2025-09-13T07:51:26Z
652,Gonzalez,Wolves,MID,0,0,0,,0,0,0,0,0,0,0,0,0,0,0,0,0.0,0.0,0.0,0.0,0.0,0.0,0.0,0.0,1.5,a,,,,,,2025-09-13T07:51:26Z
653,Hodge,Wolves,MID,0,0,0,,0,0,0,0,0,0,0,0,0,0,0,0,0.0,0.0,0.0,0.0,0.0,0.0,0.0,0.0,0.0,u,0.0,0.0,,,,2025-09-13T07:51:26Z
654,Strand Larsen,Wolves,FWD,158,2,4,2.28,0,0,0,5,0,0,0,0,0,0,0,12,14.2,6.1,68.0,8.8,0.48,0.02,0.5,3.4099999999999997,2.3,i,0.0,75.0,0.0,0.0,0.0,2025-09-13T07:51:26Z
655,Fábio Silva,Wolves,FWD,0,0,0,,0,0,0,0,0,0,0,0,0,0,0,0,0.0,0.0,0.0,0.0,0.0,0.0,0.0,0.0,0.4,u,0.0,,,,,2025-09-13T07:51:26Z
656,Kalajdžić,Wolves,FWD,0,0,0,,0,0,0,0,0,0,0,0,0,0,0,0,0.0,0.0,0.0,0.0,0.0,0.0,0.0,0.0,0.1,u,0.0,,,,,2025-09-13T07:51:26Z
657,Chiwome,Wolves,FWD,0,0,0,,0,0,0,0,0,0,0,0,0,0,0,0,0.0,0.0,0.0,0.0,0.0,0.0,0.0,0.0,0.0,i,0.0,0.0,,,,2025-09-13T07:51:26Z
658,Fraser,Wolves,FWD,0,0,0,,0,0,0,0,0,0,0,0,0,0,0,0,0.0,0.0,0.0,0.0,0.0,0.0,0.0,0.0,2.1,a,,,,,,2025-09-13T07:51:26Z
659,Walker-Peters,West Ham,DEF,20,1,1,4.5,0,0,0,0,0,0,0,0,0,0,0,3,0.0,1.6,6.0,0.7,0.04,0.0,0.04,0.31,0.4,a,,,0.0,0.0,0.0,2025-09-13T07:51:26Z
660,Stach,Leeds,MID,180,2,10,5.0,0,1,1,5,0,0,0,0,0,0,0,30,30.599999999999998,99.6,22.0,15.2,0.27,0.36,0.6300000000000001,3.4299999999999997,0.5,a,,,0.0,0.5,0.0,2025-09-13T07:51:26Z
661,Ekitiké,Liverpool,FWD,150,2,20,12.0,2,1,0,2,0,0,0,0,0,0,5,70,92.6,46.8,60.0,19.9,1.3499999999999999,0.08,1.43,2.27,30.9,a,,,1.2,0.6,0.0,2025-09-13T07:51:26Z
662,Mosquera,Arsenal,DEF,26,1,1,3.46,0,0,0,0,0,0,0,0,0,0,0,7,4.8,0.0,0.0,0.5,0.0,0.0,0.0,0.0,0.1,a,,,0.0,0.0,0.0,2025-09-13T07:51:26Z
663,J.Arias,Wolves,MID,72,2,2,2.5,0,0,0,2,0,0,0,0,0,0,0,6,7.8,13.6,6.0,2.7,0.13,0.03,0.16,1.0699999999999998,0.4,a,,,0.0,0.0,0.0,2025-09-13T07:51:26Z
664,Lecomte,Fulham,GK,0,0,0,,0,0,0,0,0,0,0,0,0,0,0,0,0.0,0.0,0.0,0.0,0.0,0.0,0.0,0.0,0.7,a,,,,,,2025-09-13T07:51:26Z
665,Perri,Leeds,GK,180,2,6,3.0,0,0,1,5,0,1,0,0,0,0,0,11,14.0,0.0,0.0,1.4000000000000001,0.0,0.0,0.0,3.4299999999999997,0.4,i,0.0,,0.0,0.0,0.5,2025-09-13T07:51:26Z
666,Gyökeres,Arsenal,FWD,149,2,13,7.85,2,0,1,0,0,0,0,0,0,0,2,44,67.4,7.1,50.0,12.5,1.28,0.09,1.37,0.87,25.1,a,,,1.208,0.0,0.0,2025-09-13T07:51:26Z
667,Aznou,Everton,DEF,0,0,0,,0,0,0,0,0,0,0,0,0,0,0,0,0.0,0.0,0.0,0.0,0.0,0.0,0.0,0.0,0.1,d,50.0,25.0,,,,2025-09-13T07:51:26Z
668,Xhaka,Sunderland,MID,180,2,7,3.5,0,0,1,2,0,0,0,0,0,0,0,24,35.0,53.900000000000006,3.0,9.2,0.05,0.1,0.15,1.56,2.7,a,,,0.0,0.0,0.0,2025-09-13T07:51:26Z
669,Ndoye,Nott'm Forest,MID,148,2,16,9.73,1,1,0,2,0,0,0,0,0,0,4,50,56.0,30.0,35.0,12.1,0.1,0.36,0.45999999999999996,2.6,3.2,a,,,0.608,0.608,0.0,2025-09-13T07:51:26Z
670,Roefs,Sunderland,GK,180,2,9,4.5,0,0,1,2,0,4,0,0,0,0,1,31,34.2,0.0,0.0,3.4,0.0,0.0,0.0,1.56,1.4,a,,,0.0,0.0,2.0,2025-09-13T07:51:26Z
671,Wilson,West Ham,FWD,64,2,2,2.81,0,0,0,4,0,0,0,0,0,0,0,3,2.4,11.8,16.0,2.7,0.05,0.04,0.09000000000000001,1.2000000000000002,0.4,a,,,0.0,0.0,0.0,2025-09-13T07:51:26Z
672,Hato,Chelsea,DEF,21,1,0,0.0,0,0,0,0,0,0,0,0,1,0,0,-2,1.2,1.0,0.0,0.2,0.0,0.0,0.0,0.44,0.2,a,,,0.0,0.0,0.0,2025-09-13T07:51:26Z
673,J.Palhinha,Spurs,MID,100,2,12,10.8,1,0,1,0,0,0,0,0,0,0,3,33,50.0,1.2999999999999998,19.0,7.1,0.14,0.0,0.14,1.55,0.8,a,,,0.9,0.0,0.0,2025-09-13T07:51:26Z
674,Ramsdale,Newcastle,GK,0,0,0,,0,0,0,0,0,0,0,0,0,0,0,0,0.0,0.0,0.0,0.0,0.0,0.0,0.0,0.0,0.7,a,,,,,,2025-09-13T07:51:26Z
675,Gunn,Nott'm Forest,GK,0,0,0,,0,0,0,0,0,0,0,0,0,0,0,0,0.0,0.0,0.0,0.0,0.0,0.0,0.0,0.0,1.7,a,,,,,,2025-09-13T07:51:26Z
676,Ugochukwu,Burnley,MID,95,2,4,3.79,0,0,1,1,0,0,0,0,0,0,0,12,7.8,17.0,6.0,2.9,0.07,0.02,0.09,1.52,0.0,a,100.0,100.0,0.0,0.0,0.0,2025-09-13T07:51:26Z
677,Guessand,Aston Villa,MID,15,1,1,6.0,0,0,0,0,0,0,0,0,0,0,0,1,2.4,1.0,2.0,0.5,0.0,0.01,0.01,0.11,0.0,a,,,0.0,0.0,0.0,2025-09-13T07:51:26Z
678,Masuaku,Sunderland,DEF,0,0,0,,0,0,0,0,0,0,0,0,0,0,0,0,0.0,0.0,0.0,0.0,0.0,0.0,0.0,0.0,0.7,a,100.0,100.0,,,,2025-09-13T07:51:26Z
679,Hermansen,West Ham,GK,180,2,1,0.5,0,0,0,8,0,4,0,0,0,0,0,-5,37.8,0.0,0.0,3.8,0.0,0.01,0.01,3.4200000000000004,0.3,a,,,0.0,0.0,2.0,2025-09-13T07:51:26Z
680,Broja,Burnley,FWD,0,0,0,,0,0,0,0,0,0,0,0,0,0,0,0,0.0,0.0,0.0,0.0,0.0,0.0,0.0,0.0,0.2,a,100.0,100.0,,,,2025-09-13T07:51:26Z
681,Šeško,Man Utd,FWD,62,2,2,2.9,0,0,0,1,0,0,0,0,0,0,0,4,0.4,22.8,14.0,3.7,0.11,0.1,0.21000000000000002,1.07,5.5,a,,,0.0,0.0,0.0,2025-09-13T07:51:26Z
682,Møller Wolfe,Wolves,DEF,116,2,2,1.55,0,0,0,4,0,0,0,0,0,0,0,-1,9.4,1.1,4.0,1.5,0.0,0.0,0.0,2.9400000000000004,0.1,a,,,0.0,0.0,0.0,2025-09-13T07:51:26Z
683,Alderete,Sunderland,DEF,127,2,5,3.54,0,1,0,2,0,0,0,0,0,0,0,25,55.0,20.1,10.0,8.5,0.06,0.13999999999999999,0.2,1.23,1.4,a,,,0.0,0.709,0.0,2025-09-13T07:51:26Z
684,Thiaw,Newcastle,DEF,9,1,1,10.0,0,0,0,1,0,0,0,0,0,0,0,-1,1.8,0.1,0.0,0.2,0.0,0.0,0.0,0.37,0.2,a,,,0.0,0.0,0.0,2025-09-13T07:51:26Z
685,Diakité,Bournemouth,DEF,180,2,10,5.0,0,0,1,4,0,0,0,0,0,0,2,36,35.6,1.1,0.0,3.7,0.0,0.0,0.0,2.67,0.5,a,,,0.0,0.0,0.0,2025-09-13T07:51:26Z
686,Ngumoha,Liverpool,MID,1,1,6,540.0,1,0,0,0,0,0,0,0,0,0,0,27,34.0,0.1,17.0,5.1,0.37,0.0,0.37,0.0,0.5,a,,,90.0,0.0,0.0,2025-09-13T07:51:26Z
687,Rees-Dottin,Bournemouth,MID,0,0,0,,0,0,0,0,0,0,0,0,0,0,0,0,0.0,0.0,0.0,0.0,0.0,0.0,0.0,0.0,0.1,a,,,,,,2025-09-13T07:51:26Z
688,Wright,Aston Villa,GK,0,0,0,,0,0,0,0,0,0,0,0,0,0,0,0,0.0,0.0,0.0,0.0,0.0,0.0,0.0,0.0,0.5,a,,,,,,2025-09-13T07:51:26Z
689,Seung soo,Newcastle,MID,0,0,0,,0,0,0,0,0,0,0,0,0,0,0,0,0.0,0.0,0.0,0.0,0.0,0.0,0.0,0.0,0.2,a,,,,,,2025-09-13T07:51:26Z
690,Cardines,Crystal Palace,MID,0,0,0,,0,0,0,0,0,0,0,0,0,0,0,0,0.0,0.0,0.0,0.0,0.0,0.0,0.0,0.0,0.2,a,,,,,,2025-09-13T07:51:26Z
691,Calvert-Lewin,Leeds,FWD,0,0,0,,0,0,0,0,0,0,0,0,0,0,0,0,0.0,0.0,0.0,0.0,0.0,0.0,0.0,0.0,0.1,a,100.0,100.0,,,,2025-09-13T07:51:26Z
692,Leoni,Liverpool,DEF,0,0,0,,0,0,0,0,0,0,0,0,0,0,0,0,0.0,0.0,0.0,0.0,0.0,0.0,0.0,0.0,0.0,a,,,,,,2025-09-13T07:51:26Z
693,Hutchinson,Nott'm Forest,MID,8,1,1,11.25,0,0,0,0,0,0,0,0,0,0,0,-2,0.0,0.6,8.0,0.5,0.2,0.0,0.2,0.0,0.0,a,,,0.0,0.0,0.0,2025-09-13T07:51:26Z
694,Mukiele,Sunderland,DEF,0,0,0,,0,0,0,0,0,0,0,0,0,0,0,0,0.0,0.0,0.0,0.0,0.0,0.0,0.0,0.0,0.4,a,,,,,,2025-09-13T07:51:26Z
695,Tchatchoua,Wolves,DEF,55,1,1,1.64,0,0,0,0,0,0,0,0,0,0,0,7,8.6,16.8,4.0,2.9,0.0,0.02,0.02,0.66,0.0,a,,,0.0,0.0,0.0,2025-09-13T07:51:26Z
696,Kalimuendo,Nott'm Forest,FWD,19,1,1,4.74,0,0,0,0,0,0,0,0,0,0,0,2,1.0,1.6,0.0,0.3,0.0,0.0,0.0,0.0,0.1,a,,,0.0,0.0,0.0,2025-09-13T07:51:26Z
697,Adli,Bournemouth,MID,24,1,1,3.75,0,0,0,0,0,0,0,0,0,0,0,9,10.4,15.0,2.0,2.7,0.0,0.02,0.02,0.06,0.0,a,,,0.0,0.0,0.0,2025-09-13T07:51:26Z
698,Okafor,Leeds,MID,24,1,1,3.75,0,0,0,1,0,0,0,0,0,0,0,3,4.6,0.3,0.0,0.5,0.0,0.0,0.0,0.87,0.0,a,100.0,25.0,0.0,0.0,0.0,2025-09-13T07:51:26Z
699,Douglas Luiz,Nott'm Forest,MID,0,0,0,,0,0,0,0,0,0,0,0,0,0,0,0,0.0,0.0,0.0,0.0,0.0,0.0,0.0,0.0,0.1,a,,,,,,2025-09-13T07:51:26Z
700,Dowman,Arsenal,MID,26,1,4,13.85,0,1,0,0,0,0,0,0,0,0,0,13,1.0,0.5,15.0,1.7,0.08,0.02,0.1,0.0,0.4,a,,,0.0,3.462,0.0,2025-09-13T07:51:26Z
701,Rowe,Aston Villa,DEF,0,0,0,,0,0,0,0,0,0,0,0,0,0,0,0,0.0,0.0,0.0,0.0,0.0,0.0,0.0,0.0,0.1,a,,,,,,2025-09-13T07:51:26Z
702,Burrowes,Aston Villa,MID,0,0,0,,0,0,0,0,0,0,0,0,0,0,0,0,0.0,0.0,0.0,0.0,0.0,0.0,0.0,0.0,0.1,a,,,,,,2025-09-13T07:51:26Z
703,Proctor,Aston Villa,GK,0,0,0,,0,0,0,0,0,0,0,0,0,0,0,0,0.0,0.0,0.0,0.0,0.0,0.0,0.0,0.0,0.3,a,,,,,,2025-09-13T07:51:26Z
704,Onyango,Everton,MID,0,0,0,,0,0,0,0,0,0,0,0,0,0,0,0,0.0,0.0,0.0,0.0,0.0,0.0,0.0,0.0,0.1,u,0.0,,,,,2025-09-13T07:51:26Z
705,Campbell,Everton,DEF,0,0,0,,0,0,0,0,0,0,0,0,0,0,0,0,0.0,0.0,0.0,0.0,0.0,0.0,0.0,0.0,0.2,a,,,,,,2025-09-13T07:51:26Z
